{
  "config": {
    "syph.time_to_undetectable": 15.0,
    "syph.p_symp_primary_f": 0.5,
    "syph.p_symp_primary_m": 0.8,
    "syph.rel_init_prev": 0.2,
    "syph_symp_test.rel_test": 1.3,
    "structuredsexual.prop_f0": 0.55,
    "structuredsexual.m1_conc": 0.2,
    "structuredsexual.client_shares": 0.2,
    "structuredsexual.dur_sw": 15.0,
    "hiv.beta_m2f": 0.025,
    "ng.beta_m2f": 0.1,
    "ct.beta_m2f": 0.1,
    "tv.beta_m2f": 0.2
  },
  "beta_grid": [
    0.08,
    0.1,
    0.12,
    0.15,
    0.2
  ],
  "seeds": [
    101,
    102,
    103
  ],
  "per_run": [
    {
      "beta_m2f": 0.15,
      "seed": 103,
      "nontrep_f_2016": 0.005289006422364941,
      "nontrep_m_2016": 0.0030024394820791895,
      "trep_f_2016": 0.02550056667925954,
      "trep_m_2016": 0.013323325201726403,
      "fsw_prev_2019": 0.0,
      "fsw_prev_2030_avg": 0.0,
      "client_prev_2016": 0.0,
      "overall_prev_f_2016": 0.002787633046122656,
      "overall_prev_f_2035_2040_mean": 0.0,
      "new_inf_2030_2040_mean": 0.0,
      "stage_share_primary_plateau": 0.0,
      "stage_share_secondary_plateau": 0.0,
      "stage_share_early_latent_plateau": 0.0,
      "stage_share_late_latent_plateau": 0.0,
      "status": "ok"
    },
    {
      "beta_m2f": 0.15,
      "seed": 102,
      "nontrep_f_2016": 0.00703021090632719,
      "nontrep_m_2016": 0.0039069767441860465,
      "trep_f_2016": 0.02337070112103363,
      "trep_m_2016": 0.017488372093023254,
      "fsw_prev_2019": 0.0,
      "fsw_prev_2030_avg": 0.0,
      "client_prev_2016": 0.003401360544217687,
      "overall_prev_f_2016": 0.001769464105156724,
      "overall_prev_f_2035_2040_mean": 0.0,
      "new_inf_2030_2040_mean": 0.0,
      "stage_share_primary_plateau": 0.0,
      "stage_share_secondary_plateau": 0.0,
      "stage_share_early_latent_plateau": 0.0,
      "stage_share_late_latent_plateau": 0.0,
      "status": "ok"
    },
    {
      "beta_m2f": 0.12,
      "seed": 102,
      "nontrep_f_2016": 0.016910507315219456,
      "nontrep_m_2016": 0.011344615956853264,
      "trep_f_2016": 0.055671670150104505,
      "trep_m_2016": 0.044448577273572626,
      "fsw_prev_2019": 0.0,
      "fsw_prev_2030_avg": 0.0,
      "client_prev_2016": 0.01020408163265306,
      "overall_prev_f_2016": 0.011619095731245263,
      "overall_prev_f_2035_2040_mean": 0.0,
      "new_inf_2030_2040_mean": 0.0,
      "stage_share_primary_plateau": 0.0,
      "stage_share_secondary_plateau": 0.0,
      "stage_share_early_latent_plateau": 0.0,
      "stage_share_late_latent_plateau": 0.0,
      "status": "ok"
    },
    {
      "beta_m2f": 0.08,
      "seed": 101,
      "nontrep_f_2016": 0.005156608097784569,
      "nontrep_m_2016": 0.0022304832713754648,
      "trep_f_2016": 0.019098548510313215,
      "trep_m_2016": 0.009851301115241635,
      "fsw_prev_2019": 0.0,
      "fsw_prev_2030_avg": 0.0,
      "client_prev_2016": 0.0,
      "overall_prev_f_2016": 0.0017690169320192064,
      "overall_prev_f_2035_2040_mean": 0.0,
      "new_inf_2030_2040_mean": 0.0,
      "stage_share_primary_plateau": 0.0,
      "stage_share_secondary_plateau": 0.0,
      "stage_share_early_latent_plateau": 0.0,
      "stage_share_late_latent_plateau": 0.0,
      "status": "ok"
    },
    {
      "beta_m2f": 0.08,
      "seed": 102,
      "nontrep_f_2016": 0.00360668185269552,
      "nontrep_m_2016": 0.000744463056020845,
      "trep_f_2016": 0.013857251328777525,
      "trep_m_2016": 0.008189093616229295,
      "fsw_prev_2019": 0.0,
      "fsw_prev_2030_avg": 0.0,
      "client_prev_2016": 0.0,
      "overall_prev_f_2016": 0.0002523977788995457,
      "overall_prev_f_2035_2040_mean": 0.0,
      "new_inf_2030_2040_mean": 0.0,
      "stage_share_primary_plateau": 0.0,
      "stage_share_secondary_plateau": 0.0,
      "stage_share_early_latent_plateau": 0.0,
      "stage_share_late_latent_plateau": 0.0,
      "status": "ok"
    },
    {
      "beta_m2f": 0.1,
      "seed": 102,
      "nontrep_f_2016": 0.005319148936170213,
      "nontrep_m_2016": 0.0016741071428571428,
      "trep_f_2016": 0.016717325227963525,
      "trep_m_2016": 0.0078125,
      "fsw_prev_2019": 0.0,
      "fsw_prev_2030_avg": 0.0,
      "client_prev_2016": 0.0,
      "overall_prev_f_2016": 0.00101010101010101,
      "overall_prev_f_2035_2040_mean": 0.0,
      "new_inf_2030_2040_mean": 0.0,
      "stage_share_primary_plateau": 0.0,
      "stage_share_secondary_plateau": 0.0,
      "stage_share_early_latent_plateau": 0.0,
      "stage_share_late_latent_plateau": 0.0,
      "status": "ok"
    },
    {
      "beta_m2f": 0.08,
      "seed": 103,
      "nontrep_f_2016": 0.003211789155488381,
      "nontrep_m_2016": 0.0009370314842578711,
      "trep_f_2016": 0.0147364443604761,
      "trep_m_2016": 0.005247376311844078,
      "fsw_prev_2019": 0.0,
      "fsw_prev_2030_avg": 0.0,
      "client_prev_2016": 0.0,
      "overall_prev_f_2016": 0.0010136847440446021,
      "overall_prev_f_2035_2040_mean": 0.0,
      "new_inf_2030_2040_mean": 0.0,
      "stage_share_primary_plateau": 0.0,
      "stage_share_secondary_plateau": 0.0,
      "stage_share_early_latent_plateau": 0.0,
      "stage_share_late_latent_plateau": 0.0,
      "status": "ok"
    },
    {
      "beta_m2f": 0.1,
      "seed": 103,
      "nontrep_f_2016": 0.003401360544217687,
      "nontrep_m_2016": 0.0024385668730069407,
      "trep_f_2016": 0.016817838246409676,
      "trep_m_2016": 0.006752954417557681,
      "fsw_prev_2019": 0.0,
      "fsw_prev_2030_avg": 0.0,
      "client_prev_2016": 0.0,
      "overall_prev_f_2016": 0.0010134279199391944,
      "overall_prev_f_2035_2040_mean": 0.0,
      "new_inf_2030_2040_mean": 0.0,
      "stage_share_primary_plateau": 0.0,
      "stage_share_secondary_plateau": 0.0,
      "stage_share_early_latent_plateau": 0.0,
      "stage_share_late_latent_plateau": 0.0,
      "status": "ok"
    },
    {
      "beta_m2f": 0.15,
      "seed": 101,
      "nontrep_f_2016": 0.0076511094108645756,
      "nontrep_m_2016": 0.004469273743016759,
      "trep_f_2016": 0.03615149196633512,
      "trep_m_2016": 0.019925512104283054,
      "fsw_prev_2019": 0.0,
      "fsw_prev_2030_avg": 0.0,
      "client_prev_2016": 0.0,
      "overall_prev_f_2016": 0.004558115978728792,
      "overall_prev_f_2035_2040_mean": 0.0,
      "new_inf_2030_2040_mean": 0.0,
      "stage_share_primary_plateau": 0.0,
      "stage_share_secondary_plateau": 0.0,
      "stage_share_early_latent_plateau": 0.0,
      "stage_share_late_latent_plateau": 0.0,
      "status": "ok"
    },
    {
      "beta_m2f": 0.12,
      "seed": 101,
      "nontrep_f_2016": 0.0032479938861291555,
      "nontrep_m_2016": 0.001490590646543693,
      "trep_f_2016": 0.019679021780664885,
      "trep_m_2016": 0.012297372833985467,
      "fsw_prev_2019": 0.0,
      "fsw_prev_2030_avg": 0.0,
      "client_prev_2016": 0.0,
      "overall_prev_f_2016": 0.0015170670037926676,
      "overall_prev_f_2035_2040_mean": 0.0,
      "new_inf_2030_2040_mean": 0.0,
      "stage_share_primary_plateau": 0.0,
      "stage_share_secondary_plateau": 0.0,
      "stage_share_early_latent_plateau": 0.0,
      "stage_share_late_latent_plateau": 0.0,
      "status": "ok"
    },
    {
      "beta_m2f": 0.12,
      "seed": 103,
      "nontrep_f_2016": 0.005482041587901701,
      "nontrep_m_2016": 0.00281214848143982,
      "trep_f_2016": 0.022873345935727787,
      "trep_m_2016": 0.012560929883764529,
      "fsw_prev_2019": 0.0,
      "fsw_prev_2030_avg": 0.0,
      "client_prev_2016": 0.0,
      "overall_prev_f_2016": 0.0010141987829614604,
      "overall_prev_f_2035_2040_mean": 0.0,
      "new_inf_2030_2040_mean": 0.0,
      "stage_share_primary_plateau": 0.0,
      "stage_share_secondary_plateau": 0.0,
      "stage_share_early_latent_plateau": 0.0,
      "stage_share_late_latent_plateau": 0.0,
      "status": "ok"
    },
    {
      "beta_m2f": 0.1,
      "seed": 101,
      "nontrep_f_2016": 0.013208269525267994,
      "nontrep_m_2016": 0.00763216679076694,