{
  "r2_score": 0.9368674037154915,
  "mse": 0.00011738260955835683,
  "training_size": 750,
  "training_complete": true,
  "testing_complete": true,
  "hyperparameters": {
    "type": "bayes_linear",
    "nugget": 1e-06,
    "sigma_sq": 0.0001258764058456246,
    "sigma_sq_standardized": 0.06640475723805901,
    "theta": {
      "hiv.beta_m2f": 0.01831563888873418,
      "log_syph.beta_m2f": 0.01831563888873418,
      "log_ng.beta_m2f": 0.01831563888873418,
      "log_ct.beta_m2f": 0.01831563888873418,
      "log_tv.beta_m2f": 0.01831563888873418,
      "structuredsexual.prop_f0": 0.01831563888873418,
      "structuredsexual.m1_conc": 0.01831563888873418,
      "structuredsexual.dur_sw": 0.01831563888873418
    },
    "beta": {
      "intercept": 0.045621063607766285,
      "hiv.beta_m2f": 0.14192593810131465,
      "log_syph.beta_m2f": 0.0004981544405676671,
      "log_ng.beta_m2f": 0.00469501416259192,
      "log_ct.beta_m2f": 0.0014033064819889858,
      "log_tv.beta_m2f": 0.0010776824196214558,
      "structuredsexual.prop_f0": -0.0026956957483236167,
      "structuredsexual.m1_conc": -0.0002101343755585859,
      "structuredsexual.dur_sw": -0.0031885341839127364
    },
    "optimizer_converged": true,
    "nll": -1016.9945924681809,
    "n_train": 750,
    "n_dims": 8
  }
}