{
  "config": {
    "syph.beta_m2f": 0.2,
    "syph.time_to_undetectable": 20.0,
    "syph.p_symp_primary_f": 0.5,
    "syph.p_symp_primary_m": 0.8,
    "syph.rel_init_prev": 0.2,
    "syph_symp_test.rel_test": 1.3,
    "structuredsexual.prop_f0": 0.55,
    "structuredsexual.m1_conc": 0.2,
    "structuredsexual.dur_sw": 15.0,
    "hiv.beta_m2f": 0.025,
    "ng.beta_m2f": 0.1,
    "ct.beta_m2f": 0.1,
    "tv.beta_m2f": 0.2,
    "syph.rel_trans_primary": 5.0
  },
  "seeds": [
    101,
    102,
    103
  ],
  "per_seed": [
    {
      "seed": 101,
      "nontrep_f_2016": 0.10893747602608363,
      "nontrep_m_2016": 0.09986957331842743,
      "trep_f_2016": 0.2541235136171845,
      "trep_m_2016": 0.19154089808086455,
      "fsw_prev_2019": 0.29880478087649404,
      "fsw_prev_2016": 0.4057377049180328,
      "fsw_prev_2030_avg": 0.38570546259521316,
      "client_prev_2016": 0.4045307443365696,
      "anc_prev_2010": 0.08295964125560538,
      "overall_prev_f_2016": 0.14115257679614115,
      "overall_prev_f_2035_2040_mean": 0.10163211018455409,
      "new_inf_2030_2040_mean": 24.09641166666667,
      "stage_share_primary_plateau": 0.640675763482781,
      "stage_share_secondary_plateau": 0.3391812865497076,
      "stage_share_early_latent_plateau": 0.02014294996751137,
      "stage_share_late_latent_plateau": 0.0
    },
    {
      "seed": 102,
      "nontrep_f_2016": 0.10398019424871453,
      "nontrep_m_2016": 0.0916030534351145,
      "trep_f_2016": 0.24776233098457437,
      "trep_m_2016": 0.1880469186371253,
      "fsw_prev_2019": 0.2975206611570248,
      "fsw_prev_2016": 0.4661016949152542,
      "fsw_prev_2030_avg": 0.08445281182639404,
      "client_prev_2016": 0.38095238095238093,
      "anc_prev_2010": 0.11513859275053305,
      "overall_prev_f_2016": 0.1341093117408907,
      "overall_prev_f_2035_2040_mean": 0.02490047665135694,
      "new_inf_2030_2040_mean": 0.0,
      "stage_share_primary_plateau": 0.6461232604373758,
      "stage_share_secondary_plateau": 0.3323392975480451,
      "stage_share_early_latent_plateau": 0.021537442014579192,
      "stage_share_late_latent_plateau": 0.0
    },
    {
      "seed": 103,
      "nontrep_f_2016": 0.10670962850644428,
      "nontrep_m_2016": 0.08372530573847602,
      "trep_f_2016": 0.2486732373009856,
      "trep_m_2016": 0.18494825964252118,
      "fsw_prev_2019": 0.3643410852713178,
      "fsw_prev_2016": 0.41732283464566927,
      "fsw_prev_2030_avg": 0.13166852204576213,
      "client_prev_2016": 0.42857142857142855,
      "anc_prev_2010": 0.12048192771084337,
      "overall_prev_f_2016": 0.13589027178054355,
      "overall_prev_f_2035_2040_mean": 0.03339573169481666,
      "new_inf_2030_2040_mean": 0.108575,
      "stage_share_primary_plateau": 0.6164298949969117,
      "stage_share_secondary_plateau": 0.3641136504014824,
      "stage_share_early_latent_plateau": 0.01945645460160593,
      "stage_share_late_latent_plateau": 0.0
    }
  ],
  "mean": {
    "nontrep_f_2016": 0.10654243292708081,
    "nontrep_m_2016": 0.09173264416400599,
    "trep_f_2016": 0.25018636063424815,
    "trep_m_2016": 0.18817869212017035,
    "fsw_prev_2019": 0.3202221757682789,
    "fsw_prev_2016": 0.4297207448263187,
    "fsw_prev_2030_avg": 0.2006089321557898,
    "client_prev_2016": 0.40468485128679305,
    "anc_prev_2010": 0.10619338723899392,
    "overall_prev_f_2016": 0.13705072010585848,
    "overall_prev_f_2035_2040_mean": 0.053309439510242564,
    "new_inf_2030_2040_mean": 8.068328888888889,
    "stage_share_primary_plateau": 0.6344096396390229,
    "stage_share_secondary_plateau": 0.34521141149974505,
    "stage_share_early_latent_plateau": 0.020378948861232163,
    "stage_share_late_latent_plateau": 0.0
  }
}