{
  "r2_score": 0.9896104389665734,
  "mse": 2.6157581646894996e-05,
  "training_size": 750,
  "training_complete": true,
  "testing_complete": true,
  "hyperparameters": {
    "type": "bayes_linear",
    "nugget": 1e-06,
    "sigma_sq": 0.00013580976894114586,
    "sigma_sq_standardized": 0.05498545618814258,
    "theta": {
      "hiv.beta_m2f": 0.5838326908184841,
      "log_syph.beta_m2f": 1.090367902716963,
      "syph.time_to_undetectable": 0.9639370251035404,
      "log_ng.beta_m2f": 0.1754731268210117,
      "log_ct.beta_m2f": 2.5717685593210162,
      "log_tv.beta_m2f": 1.6405142667181822,
      "structuredsexual.prop_f0": 0.6249875879139408,
      "structuredsexual.m1_conc": 1.8665179272299859,
      "structuredsexual.dur_sw": 0.5897138054445341
    },
    "beta": {
      "intercept": -0.033124133730755845,
      "hiv.beta_m2f": -0.005160539092699716,
      "log_syph.beta_m2f": -0.0011655498024669537,
      "syph.time_to_undetectable": -0.005020160692791551,
      "log_ng.beta_m2f": 0.16259163549256103,
      "log_ct.beta_m2f": 0.0005696627413225546,
      "log_tv.beta_m2f": 0.0021911273047869697,
      "structuredsexual.prop_f0": -0.00024934575735864877,
      "structuredsexual.m1_conc": 0.0014704620423320071,
      "structuredsexual.dur_sw": 0.0016367678556843662
    },
    "optimizer_converged": true,
    "nll": -1672.588280371354,
    "n_train": 750,
    "n_dims": 9
  }
}