{
  "config": {
    "syph.beta_m2f": 0.2,
    "syph.time_to_undetectable": 20.0,
    "syph.p_symp_primary_f": 0.5,
    "syph.p_symp_primary_m": 0.8,
    "syph.rel_init_prev": 0.2,
    "syph_symp_test.rel_test": 1.3,
    "structuredsexual.prop_f0": 0.85,
    "structuredsexual.client_shares": 0.2,
    "structuredsexual.dur_sw": 15.0,
    "hiv.beta_m2f": 0.025,
    "ng.beta_m2f": 0.1,
    "ct.beta_m2f": 0.1,
    "tv.beta_m2f": 0.2
  },
  "m1_conc_grid": [
    0.05,
    0.08,
    0.1,
    0.12,
    0.15,
    0.2
  ],
  "seeds": [
    101,
    102,
    103
  ],
  "per_run": [
    {
      "m1_conc": 0.05,
      "seed": 102,
      "nontrep_f_2016": 0.0,
      "nontrep_m_2016": 0.00018477457501847746,
      "trep_f_2016": 0.000942507068803016,
      "trep_m_2016": 0.0005543237250554324,
      "fsw_prev_2019": 0.0,
      "fsw_prev_2030_avg": 0.0,
      "client_prev_2016": 0.0,
      "overall_prev_f_2016": 0.0,
      "overall_prev_f_2035_2040_mean": 0.0,
      "new_inf_2030_2040_mean": 0.0,
      "stage_share_primary_plateau": 0.0,
      "stage_share_secondary_plateau": 0.0,
      "stage_share_early_latent_plateau": 0.0,
      "stage_share_late_latent_plateau": 0.0,
      "status": "ok"
    },
    {
      "m1_conc": 0.05,
      "seed": 103,
      "nontrep_f_2016": 0.005271084337349397,
      "nontrep_m_2016": 0.002237553608055193,
      "trep_f_2016": 0.018637048192771084,
      "trep_m_2016": 0.009509602834234571,
      "fsw_prev_2019": 0.0,
      "fsw_prev_2030_avg": 0.0,
      "client_prev_2016": 0.0,
      "overall_prev_f_2016": 0.001010611419909045,
      "overall_prev_f_2035_2040_mean": 0.0,
      "new_inf_2030_2040_mean": 0.0,
      "stage_share_primary_plateau": 0.0,
      "stage_share_secondary_plateau": 0.0,
      "stage_share_early_latent_plateau": 0.0,
      "stage_share_late_latent_plateau": 0.0,
      "status": "ok"
    },
    {
      "m1_conc": 0.2,
      "seed": 102,
      "nontrep_f_2016": 0.0,
      "nontrep_m_2016": 0.0001847063169560399,
      "trep_f_2016": 0.0009414422895876483,
      "trep_m_2016": 0.0007388252678241596,
      "fsw_prev_2019": 0.0,
      "fsw_prev_2030_avg": 0.0,
      "client_prev_2016": 0.0,
      "overall_prev_f_2016": 0.0,
      "overall_prev_f_2035_2040_mean": 0.0,
      "new_inf_2030_2040_mean": 0.0,
      "stage_share_primary_plateau": 0.0,
      "stage_share_secondary_plateau": 0.0,
      "stage_share_early_latent_plateau": 0.0,
      "stage_share_late_latent_plateau": 0.0,
      "status": "ok"
    },
    {
      "m1_conc": 0.08,
      "seed": 102,
      "nontrep_f_2016": 0.0,
      "nontrep_m_2016": 0.0001849112426035503,
      "trep_f_2016": 0.0009407337723424271,
      "trep_m_2016": 0.0005547337278106509,
      "fsw_prev_2019": 0.0,
      "fsw_prev_2030_avg": 0.0,
      "client_prev_2016": 0.0,
      "overall_prev_f_2016": 0.0,
      "overall_prev_f_2035_2040_mean": 0.0,
      "new_inf_2030_2040_mean": 0.0,
      "stage_share_primary_plateau": 0.0,
      "stage_share_secondary_plateau": 0.0,
      "stage_share_early_latent_plateau": 0.0,
      "stage_share_late_latent_plateau": 0.0,
      "status": "ok"
    },
    {
      "m1_conc": 0.12,
      "seed": 102,
      "nontrep_f_2016": 0.0,
      "nontrep_m_2016": 0.00018463810930576072,
      "trep_f_2016": 0.0009423294383716547,
      "trep_m_2016": 0.0007385524372230429,
      "fsw_prev_2019": 0.0,
      "fsw_prev_2030_avg": 0.0,
      "client_prev_2016": 0.0,
      "overall_prev_f_2016": 0.0,
      "overall_prev_f_2035_2040_mean": 0.0,
      "new_inf_2030_2040_mean": 0.0,
      "stage_share_primary_plateau": 0.0,
      "stage_share_secondary_plateau": 0.0,
      "stage_share_early_latent_plateau": 0.0,
      "stage_share_late_latent_plateau": 0.0,
      "status": "ok"
    },
    {
      "m1_conc": 0.05,
      "seed": 101,
      "nontrep_f_2016": 0.006226415094339623,
      "nontrep_m_2016": 0.002955847034915943,
      "trep_f_2016": 0.020188679245283017,
      "trep_m_2016": 0.011823388139663773,
      "fsw_prev_2019": 0.0,
      "fsw_prev_2030_avg": 0.0,
      "client_prev_2016": 0.0,
      "overall_prev_f_2016": 0.001252191334835963,
      "overall_prev_f_2035_2040_mean": 0.0,
      "new_inf_2030_2040_mean": 0.0,
      "stage_share_primary_plateau": 0.0,
      "stage_share_secondary_plateau": 0.0,
      "stage_share_early_latent_plateau": 0.0,
      "stage_share_late_latent_plateau": 0.0,
      "status": "ok"
    },
    {
      "m1_conc": 0.1,
      "seed": 102,
      "nontrep_f_2016": 0.0,
      "nontrep_m_2016": 0.00018463810930576072,
      "trep_f_2016": 0.0009410878976096367,
      "trep_m_2016": 0.0007385524372230429,
      "fsw_prev_2019": 0.0,
      "fsw_prev_2030_avg": 0.0,
      "client_prev_2016": 0.0,
      "overall_prev_f_2016": 0.0,
      "overall_prev_f_2035_2040_mean": 0.0,
      "new_inf_2030_2040_mean": 0.0,
      "stage_share_primary_plateau": 0.0,
      "stage_share_secondary_plateau": 0.0,
      "stage_share_early_latent_plateau": 0.0,
      "stage_share_late_latent_plateau": 0.0,
      "status": "ok"
    },
    {
      "m1_conc": 0.15,
      "seed": 102,
      "nontrep_f_2016": 0.0,
      "nontrep_m_2016": 0.0001847063169560399,
      "trep_f_2016": 0.000940379913485048,
      "trep_m_2016": 0.0007388252678241596,
      "fsw_prev_2019": 0.0,
      "fsw_prev_2030_avg": 0.0,
      "client_prev_2016": 0.0,
      "overall_prev_f_2016": 0.0,
      "overall_prev_f_2035_2040_mean": 0.0,
      "new_inf_2030_2040_mean": 0.0,
      "stage_share_primary_plateau": 0.0,
      "stage_share_secondary_plateau": 0.0,
      "stage_share_early_latent_plateau": 0.0,
      "stage_share_late_latent_plateau": 0.0,
      "status": "ok"
    },
    {
      "m1_conc": 0.15,
      "seed": 103,
      "nontrep_f_2016": 0.005452152660274488,
      "nontrep_m_2016": 0.0028011204481792717,
      "trep_f_2016": 0.020116563263771387,
      "trep_m_2016": 0.009897292250233426,
      "fsw_prev_2019": 0.0,
      "fsw_prev_2030_avg": 0.0,
      "client_prev_2016": 0.0,
      "overall_prev_f_2016": 0.002020712301086133,
      "overall_prev_f_2035_2040_mean": 0.0,
      "new_inf_2030_2040_mean": 0.0,
      "stage_share_primary_plateau": 0.0,
      "stage_share_secondary_plateau": 0.0,
      "stage_share_early_latent_plateau": 0.0,
      "stage_share_late_latent_plateau": 0.0,
      "status": "ok"
    },
    {
      "m1_conc": 0.2,
      "seed": 103,
      "nontrep_f_2016": 0.02180451127819549,
      "nontrep_m_2016": 0.01270790506447393,
      "trep_f_2016": 0.05902255639097744,
      "trep_m_2016": 0.035133619884133806,
      "fsw_prev_2019": 0.0,
      "fsw_prev_2030_avg": 0.0,
      "client_prev_2016": 0.0,
      "overall_prev_f_2016": 0.012875536480686695,
      "overall_prev_f_2035_2040_mean": 0.0,
      "new_inf_2030_2040_mean": 0.0,
      "stage_share_primary_plateau": 0.0,
      "stage_share_secondary_plateau": 0.0,
      "stage_share_early_latent_plateau": 0.0,
      "stage_share_late_latent_plateau": 0.0,
      "status": "ok"
    },
    {
      "m1_conc": 0.12,
      "seed": 103,
      "nontrep_f_2016": 0.06168647425014148,
      "nontrep_m_2016": 0.04054559043348281,
      "trep_f_2016": 0.1214865119788719,
      "trep_m_2016": 0.08669656203288491,
      "fsw_prev_2019": 0.0,
      "fsw_prev_2030_avg": 0.0,
      "client_prev_2016": 0.036231884057971016,
      "overall_prev_f_2016": 0.03083923154701719,
      "overall_prev_f_2035_2040_mean": 2.8344671201814055e-06,
      "new_inf_2030_2040_mean": 0.0,
      "stage_share_primary_plateau": 0.0,
      "stage_share_secondary_plateau": 0.0,
      "stage_share_early_latent_plateau": 0.0,
      "stage_share_late_latent_plateau": 0.0,
      "status": "ok"
    },
    {
      "m1_conc": 0.08,
      "seed": 103,
      "nontrep_f_2016": 0.1650943396226415,
      "nontrep_m_2016": 0.12017167381974249,
      "trep_f_2016": 0.2481132075471698,
      "trep_m_2016": 0.17615226721403246,
      "fsw_prev_2019": 0.18146718146718147,
      "fsw_prev_2030_avg": 0.0,
      "client_prev_2016": 0.2971014492753623,