draw_idx,hiv_prev_15_49_2010_2020,trep_f_2016,nontrep_f_2016,hiv_trep_ratio_2016,fsw_prev_2019,primary_share,secondary_share,early_lat_share,pf_2035_2040_ng,pf_2035_2040_ct,pf_2035_2040_tv,ni_2030_2040_ng,ni_2030_2040_ct,ni_2030_2040_tv,mae,n_fully_extinct,gof,retention_rank
0,0.06374873291857996,0.00018252613167867403,4.545454545454545e-05,2.745065789473684,0.0,0.0,0.0,0.0,0.07739127080828134,0.13111599653103007,0.2811191185206203,380268.3,134094.55,612933.85,1.0860926056122666,1,101.08609260561227,320
1,0.22134989152722664,0.25061749582899984,0.11423352887092404,2.951684917837448,0.5688616905386621,0.4097239832460981,0.2638592433867029,0.12641677336719898,0.07516319090869077,0.0005886209070438754,0.1356741198159496,300154.35,817.8,212633.8,3.0498047322358808,0,3.0498047322358808,139
2,0.20403714091009456,0.2897442601438963,0.1632984561483543,4.341670358892435,0.6872997830074423,0.46055320754484513,0.35952442448375443,0.17992236797140043,0.010862360040450537,0.11709699079869032,0.18018196479225496,47884.8,95160.6,281478.35,3.2873037788987536,0,3.2873037788987536,164
3,0.21884869523162812,0.26299738158023744,0.16315715939582442,4.914820202024914,0.6930816891515075,0.45185018682499434,0.3741320158678905,0.1740177973071151,0.07325869491209737,0.01117103444192572,0.09398108454027368,292707.15,10106.5,137299.05,3.6291576818535556,0,3.6291576818535556,193
4,0.15620908895093552,0.32377722377031865,0.19731785824527587,2.7554616032727233,0.6719092652728946,0.431913411109955,0.38419283210817723,0.18389375678186776,0.014212459476979683,0.057063615288523536,0.0,70823.8,48382.15,0.0,3.9122950209054133,1,103.91229502090542,442
5,0.13645442889234766,0.37122037378477135,0.17463352075028865,2.7419483504641584,0.6820811246358829,0.48808994608699374,0.3340622964708588,0.17784775744214745,0.08287493427203327,0.20546801820390667,0.21063044085166452,381658.85,199296.7,407206.4,4.358749663866239,0,4.358749663866239,259
6,0.2061345130016275,0.19045629670094472,0.08560648326929249,5.443292998270394,0.4962885625663575,0.40342502128411084,0.41285238619774695,0.1837225925181422,0.056882423913536054,0.07872526499650546,0.2853148014038257,248472.0,70226.4,554772.9,2.172096607552463,0,2.172096607552463,73
7,0.20856384923150073,0.09004084171217577,0.04520728171778938,2.9049701961576906,0.23564661819784094,0.25126142876370594,0.09704968871193412,0.05168888252435997,0.07665578630716013,0.05128527739601478,0.0013803291141848803,317912.5,45425.6,2189.5,1.4191876769460652,0,1.4191876769460652,33
8,0.17360085387341956,0.3268301565941701,0.1861388937682781,2.9576111974609107,0.7790914841009717,0.49029028537091845,0.3349535386259974,0.17475617600308418,0.14209835223923156,0.1215712984936514,0.11350797468151433,634657.75,115248.9,206279.9,4.604664351881479,0,4.604664351881479,275
9,0.22342040289479986,0.2929026058379386,0.1586993290276368,4.040050295497674,0.6035511338383992,0.4814958309375149,0.34445117345618503,0.1740529956063,0.02739895067192099,0.27857934442173976,0.0,121354.85,237792.75,0.0,3.5512437899241154,1,103.55124378992411,423
10,0.12665647333891414,0.218946814541695,0.131035827483111,2.2963870317023236,0.5604834337037727,0.43142674206473053,0.24185083362203302,0.12672242431323638,0.036315757401655185,0.006507746805764289,0.21997566680591202,172696.45,6752.65,389915.15,2.743923255407203,0,2.743923255407203,114
11,0.1903562066593872,0.19518998596052017,0.0889515989542697,3.7697952919968265,0.31172239347187713,0.4159967104950911,0.25813898752112774,0.12586430198378112,0.008844551525024238,0.15722371504113003,0.0,46121.6,128397.5,0.0,1.9556028088024777,1,101.95560280880248,350
12,0.11112121917149168,0.05513799335218107,0.0286449801076527,1.5956042850676457,0.12222222222222223,0.11973494670123883,0.05439354652837799,0.025871506770383173,0.09163857101325726,0.20666245596742633,0.3220597862478389,431872.35,207693.65,724482.35,1.2989094096678835,0,1.2989094096678835,30
13,0.21972396517312293,0.08848256611002285,0.03757144914713689,2.4549455269655143,0.21664089081348595,0.22426977996115466,0.12069241404936162,0.05503780598948377,0.04807596265699266,0.062291263801198,0.08688111738265866,205198.2,54183.6,132998.35,1.0617177739688228,0,1.0617177739688228,15
14,0.1901340912503188,0.3687468897156999,0.2554061858095521,3.3291836980197957,0.7785872010364333,0.5120629073645354,0.32029773717577664,0.16763935545968794,0.07266395658208483,0.258650549427258,0.0002530279638846583,307495.7,229898.95,448.05,5.353493238995645,1,105.35349323899564,486
15,0.23278723964048983,0.37406200151599284,0.24777188379421394,3.2397800443973472,0.7154120619511162,0.4589318049817376,0.35778833062424176,0.18327986439402064,0.11683045957789787,0.13691214943129812,0.04462873174634212,499352.45,122090.0,79702.15,5.4612462256770895,0,5.4612462256770895,308
16,0.1554793659912604,0.2845792976698647,0.1339054103586318,3.1056847420309692,0.6895421612569214,0.5151977351746007,0.3146116400182978,0.17019062480710162,0.1289470916772249,0.005714140170913458,0.2902031251491878,566544.0,6156.7,591080.9,3.897332657186644,0,3.897332657186644,213
17,0.1510472205657881,0.11499962476377343,0.05316859331469341,2.739025423847322,0.2898132983950213,0.18577222866159607,0.14497897463369522,0.06924879670470874,0.08907524964852079,0.20550136305933225,0.02749645000392979,393118.2,187535.75,47573.05,1.6678639490556872,0,1.6678639490556872,41
18,0.176639502989375,0.2385689621939072,0.1407871671316652,3.1725501279921695,0.522678602917097,0.46992202912557135,0.21652883821047025,0.1135491326639585,0.0038462699484436945,0.012343428526279612,0.3270517049293221,20974.25,10901.1,627694.85,3.0255982856821473,0,3.0255982856821473,136
19,0.13888376894327528,0.3302228967046338,0.1851523138655047,2.88364218537824,0.7345317970443666,0.6001339571730325,0.2652114684690668,0.13465457435790074,0.019787761616518924,0.08836731969557553,2.9934456992613126e-05,88038.2,73522.25,52.2,3.7403868023562814,1,103.74038680235628,436
20,0.11546369760681503,0.31886712817963214,0.18978354766640884,2.4142218316312647,0.535839243498818,0.500229338119724,0.33675206827255366,0.16301859360772236,0.027079162469858926,0.07684951267667381,0.05229800618841583,129412.5,66228.75,86134.35,3.7273904867918044,0,3.7273904867918044,199
21,0.19339227082114044,0.0,0.0,,0.0,0.0,0.0,0.0,0.029543287254826318,0.0,0.2579974438488321,125003.05,0.0,459335.35,0.875045319237324,2,200.87504531923733,492
22,0.08943566462518579,0.32702692439054704,0.2076886629235199,2.2552652451636144,0.6802661017246037,0.4688861872105686,0.35344319977270083,0.17767061301673062,0.033600014231456476,0.08235104257896031,0.0,152325.4,71342.9,0.0,4.101596498452314,1,104.10159649845231,448
23,0.14498649346133868,0.3485475558763547,0.22697275351856297,2.636057056521492,0.7630332681017612,0.47984743780327843,0.3428326531655843,0.17731990903113726,0.01994478642617415,0.2545042882181588,0.3326074571276793,104331.85,246420.25,741212.45,4.595920708462984,0,4.595920708462984,274
24,0.21484319575258085,0.21787718229616698,0.12318751393732037,4.408997502522173,0.4509404359427716,0.4775818139418753,0.2165883088192389,0.10582987723888579,0.044816383278959177,0.09072749247988363,0.1918060774334774,189085.8,77936.05,322951.25,2.5840700962901693,0,2.5840700962901693,101
25,0.12582117051911348,0.06384358689369435,0.040411286465805836,1.39506215196974,0.14936708860759493,0.10252726789039639,0.06640063846767758,0.031072093641926046,0.1093887659765187,0.12939876803579062,0.0,485193.2,119468.4,0.0,1.450726974251121,1,101.45072697425113,336
26,0.17853642229154318,0.24306120521908348,0.15393742873314115,2.6950474542202496,0.5027254231945728,0.28153147133854495,0.2111994423098456,0.10726908635160945,0.06742917581995642,0.2357901212262167,0.031627974232360564,295868.15,215719.4,57837.6,3.4057661571506594,0,3.4057661571506594,176
27,0.12730164295684399,0.23064237628762924,0.10428856261771188,3.3885439120428074,0.547223517766078,0.47797099924152536,0.35653752290601926,0.16549147785245538,0.11520562522127978,0.09496617887927393,0.0,505026.3,88445.65,0.0,2.917972753246244,1,102.91797275324625,389
28,0.23054413196969087,0.004383200798226403,0.0013494086884940225,4.856965341285854,0.0,0.0,0.0,0.0,0.030519459471609327,0.25199764440105354,0.0,120460.2,205034.35,0.0,0.871811989026887,2,200.8718119890269,491
29,0.17967114445870636,0.1940985509941761,0.07548653448665385,4.173552967444602,0.41697704261039126,0.44419663244226293,0.24105412135922039,0.1147492461985167,0.0071568171952723246,0.20891440529089192,0.0,30658.8,175587.75,0.0,1.8669313222591646,1,101.86693132225916,346
30,0.2146752788457124,0.33743805884765266,0.2164601730428751,3.162483200236963,0.7244484514453554,0.5089369442369188,0.3185729088703894,0.17249014689269176,0.10650781585385709,0.0035015990391190632,0.2430417329502733,432482.8,3611.95,435709.05,5.011963907814967,0,5.011963907814967,297
31,0.0880597587728652,0.32346194760961433,0.1889543501371528,2.3841700214276758,0.7263978744050343,0.5579529075611516,0.2907918998531105,0.15125519258573802,0.035260917107746856,0.05885176828517328,0.14579014147266492,167164.7,52305.85,231230.05,3.867887845499032,0,3.867887845499032,211
32,0.10685376209678768,0.00013943760167325122,0.0,0.9815653298835706,0.0,0.0,0.0,0.0,0.12018332441209792,0.17682299873740714,0.02921850954797068,551527.8,169828.35,52701.7,1.4204736094997343,1,101.42047360949974,332
33,0.20153091685843458,0.37543980092021345,0.2300474356677805,3.262727873235059,0.7112557557061703,0.5603784507861198,0.2915151615335253,0.1481063876803549,0.04489847747069832,0.06032744804883074,0.04397168589697165,186722.3,51125.55,68569.05,4.724864287760323,0,4.724864287760323,284
34,0.10710425180766928,0.363531385590126,0.21744143136971594,2.5723665740566894,0.7178413992836423,0.4302685671077583,0.38165113582213894,0.18808029707010282,0.04306694527218029,0.0008913885168278197,0.0008342832797594545,180200.2,925.1,883.05,4.622679258129397,0,4.622679258129397,278
35,0.09668464030150108,0.30590148069221634,0.17021834900952623,1.5941470933255406,0.6353888648257155,0.4009552750282254,0.2746162488533303,0.12442847611844418,0.025792838204446344,0.23659617965602303,0.00076956191943204,132086.3,215530.9,1132.45,3.660883967637256,0,3.660883967637256,198
36,0.02252624217602768,0.3676085338401943,0.213133162803679,1.936593514378814,0.7311530906068722,0.5523426840812653,0.30360025760266873,0.1440570583160659,0.00493818925310293,0.22174979387382726,0.2800553549924336,28973.9,214977.0,587338.45,4.650386748060058,0,4.650386748060058,279
37,0.21779350656043878,0.06882004018514427,0.028944945909447184,8.08193080016627,0.16610261943723903,0.25106601401839557,0.2145759570026815,0.13435802897892288,0.002282099176225743,0.2855477195535193,0.27102512148093066,11878.4,248167.5,498086.6,1.0759782584368165,0,1.0759782584368165,17
38,0.20655267373307956,0.15438493855859975,0.07695776901799709,3.581992388165699,0.3567663704592828,0.3891129998104167,0.14293666743955843,0.0679503327500249,0.000996738221573291,0.22786079090712602,0.20864559237759392,4438.45,200568.35,378289.05,1.8206770233637002,0,1.8206770233637002,49
39,0.18702172195730538,0.2451130446865133,0.1370157727994636,3.554325459396155,0.5867740910298692,0.34843469708565483,0.4568693049738265,0.19469599794051867,0.03378322557207107,0.0008934048657752661,4.0759761962990136e-07,145830.85,951.2,17.4,3.0018466004240265,1,103.00184660042403,394
40,0.2256290640253234,0.22539391625849362,0.14810806401144533,5.130209127555666,0.5382779430513013,0.34436632951513974,0.3096565463368401,0.14597712414802017,0.03819442641477666,0.2485469128433982,0.0,162447.85,207579.1,0.0,3.099826773692151,1,103.09982677369216,401
41,0.19156269710762192,0.3032345382970445,0.19862715000794193,3.482978011516059,0.7631493506493506,0.3716944930858282,0.4224231776456788,0.20588232926849298,0.06726404266345079,0.0055063751574428,0.005105655177764136,263346.1,5533.2,7773.45,4.281768180654641,0,4.281768180654641,250
42,0.14812748225230665,0.20018437167185707,0.1302914987154251,3.847018184141511,0.45149427147138815,0.478044701725522,0.21270578002637447,0.10924951824810347,0.007098201944740054,0.23393764416242324,0.3705000233704159,29233.45,222044.3,859767.35,2.6518247181180246,0,2.6518247181180246,104
43,0.10057620530609739,0.2646030021775359,0.1158909924629449,2.0975866205252833,0.605414288185435,0.4511341440077848,0.23140610668880662,0.1174597493034085,0.13230255168200228,0.02943978571745339,0.19161188337837792,573269.1,28995.65,336446.4,3.5422046725021343,0,3.5422046725021343,184
44,0.14013831324811205,0.08749828112223815,0.041823212030092816,3.5279995435339915,0.09703426604818195,0.19525670626447245,0.137176258000627,0.06756703573490055,0.008914936624029656,0.18703009233883838,0.03223331646041514,42991.05,163871.75,52777.1,0.9129223003525719,0,0.9129223003525719,10
45,0.2217936895737544,0.16955608669809755,0.07748535632756734,3.1259164317611168,0.3571878802150791,0.3891770959243222,0.14136147243669767,0.06946143163898015,0.06436651033253533,0.03198249670943567,0.11525808897395591,264452.45,27973.4,175093.3,2.0668063441446973,0,2.0668063441446973,67
46,0.025660955039235496,0.20569799321825774,0.0630308815963562,3.1144736208098647,0.3506099449974319,0.4607405849682628,0.22192628395423625,0.11733313107750092,0.10143927788639957,0.1536233445512148,0.3267013326686251,503196.4,161296.55,775300.5,2.4189172414665627,0,2.4189172414665627,90
47,0.23040351888490793,0.3441451856465412,0.23133751338626488,4.143195153190358,0.7297607971987707,0.48841830635777317,0.34564878922704456,0.1659329044151823,0.10744137293725955,0.000779389805697804,0.09041100334104435,418087.2,800.4,140332.45,5.177863530982724,0,5.177863530982724,300
48,0.20649908932028221,0.1491531605208594,0.08741069477608454,2.749142449364497,0.45544740067777056,0.37281992604949377,0.15058962782375335,0.0765904461267529,0.04356194690845391,0.24256675324414556,0.028735794029109852,194752.4,213405.2,51412.65,1.9725240269140618,0,1.9725240269140618,58
49,0.18797553123411342,0.28557801206838057,0.1727189481524413,3.915274408062655,0.7386567068135447,0.35067867106127615,0.4486344776360607,0.20068685130266317,0.0819198355525213,0.03481006918885495,0.3364625420845992,358273.25,32983.15,707914.65,4.023444209180629,0,4.023444209180629,225
50,0.19729188005380538,0.2738724888759014,0.16856516236136665,3.7708886103544357,0.568850902397414,0.6205686133784465,0.2471903333863888,0.1322410532351647,0.09987867908610042,0.13497982187471363,0.07916934783685912,410629.85,116812.0,128977.5,3.7673549939653177,0,3.7673549939653177,202
51,0.06184592169947171,0.12425760213331523,0.04824385580132078,5.42691003575692,0.11150336574420346,0.2449579559220326,0.10799118375201058,0.047050860325956824,0.14605072127098234,0.03285261225388506,0.017262472461296627,649167.9,32883.1,30312.25,2.255301566365412,0,2.255301566365412,79
52,0.0662397224529419,0.3692021851598992,0.24107809427939317,2.1365376910721223,0.7527491171618609,0.4469612252876825,0.3738116956648205,0.17922707904749696,0.09549176297093664,0.14416325709869407,0.17706634927634268,462903.8,143979.2,351308.9,5.1890022526740704,0,5.1890022526740704,302
53,0.18220232145891607,0.34251708970439515,0.16864698734368178,3.435588294077747,0.675325203168992,0.4669799503255395,0.3579235656918794,0.1750964839825811,0.038626906480967525,0.14711527587246048,0.3792130099737232,167180.65,131142.35,836444.1,3.8502108560981956,0,3.8502108560981956,210
54,0.0520822116994349,0.37774165745882715,0.19446889155651018,2.1270120184980055,0.7422202306202577,0.5648139414400314,0.28126549094689457,0.1539205676130741,0.08808917762785448,0.00014831205095672256,0.29666781330532876,386932.5,210.25,607068.6,4.933278994230672,1,104.93327899423068,476
55,0.037884591078093645,0.4188427887836326,0.29230431458125616,1.784163513840727,0.705835266077856,0.4917564461303356,0.3320542296181343,0.17618932425153008,0.00989955865474539,0.00017617912142260184,0.2861585459418915,47504.9,249.4,538820.0,5.847682184758335,1,105.84768218475834,489
56,0.14354379037953927,0.3305035941481515,0.17285717642338932,2.814118511834079,0.6752858552700329,0.5025831140728172,0.34183140673994966,0.1555854791872332,0.12809929262303646,0.17397386444975518,0.3134372767699154,606104.35,175442.75,715097.95,4.495251657582881,0,4.495251657582881,271
57,0.10253233516344629,0.31488457469007597,0.12793012967696632,2.645252041453862,0.5664183331119581,0.49687973102500205,0.34274626628806487,0.16037400268693308,0.019737705974097238,0.26283280181079366,0.3081090759891165,98803.0,256655.8,676855.65,3.274451226325541,0,3.274451226325541,163
58,0.21237003709652033,0.20407342044147633,0.09585405143876406,3.536021963834987,0.3616044333025465,0.2951680469674185,0.33006469406006367,0.17476725897251782,0.01635887290128812,0.06148942003338258,0.09090077898489594,71664.8,48456.1,132828.7,2.1168344036497304,0,2.1168344036497304,69
59,0.2104073186981219,0.35589939457978065,0.2638991484131953,3.3181945270866215,0.767416141750093,0.4851918648291601,0.33360500451857716,0.18120313065226265,0.08968895005172953,0.2502050132203436,0.18312736906465188,406729.35,240363.6,359752.25,5.486504681457031,0,5.486504681457031,309
60,0.17934592305343644,0.2760669444886894,0.15252674310575248,3.3215195236560433,0.5983317526498816,0.4600879124491827,0.36245850128870827,0.17745358626210905,0.14038104568722237,0.0009612202714280116,0.29904250800225757,602228.5,1535.55,610779.15,4.204012047876806,0,4.204012047876806,236
61,0.14666687162039022,0.335461090073232,0.21308379730468988,2.613271372777225,0.6963133448740891,0.5163555342038422,0.3198347178312563,0.16380974796490158,0.03225407954621437,0.2395400149078019,0.04531658083662606,149252.85,218667.25,80082.05,4.254354692749104,0,4.254354692749104,242
62,0.19430662269259397,0.28593318148619773,0.15284847976728808,3.7469921377529536,0.6575456829517072,0.5324800058358098,0.30312566995020146,0.1643943242139888,0.012497424783713955,0.25454167076085094,0.27619104808060185,59406.5,231955.05,548237.75,3.3880960829694855,0,3.3880960829694855,174
63,0.1961684137388779,0.1944622767079554,0.10153392523677818,3.6687116228685546,0.4087969061195964,0.4976181332274511,0.19996616643411222,0.10241570033843676,0.10477318003015304,0.23279828242654038,0.0019310545616015168,468558.8,216821.4,3741.0,2.8119714304423824,0,2.8119714304423824,120
64,0.06742145109543775,0.1907350711630215,0.10076086219692118,1.7867938422514666,0.4616402737047898,0.2807653325292895,0.2169952995416244,0.1022393679290861,0.08043621178947549,0.07413906198325762,0.2359686737108646,395043.8,76503.45,477119.6,2.5818251325613826,0,2.5818251325613826,99
65,0.06576565776587902,0.05158985401440175,0.026919878551980903,7.041478331523895,0.05391925964922003,0.08502617801047122,0.07507853403141361,0.039895287958115186,0.068251819776916,0.25023443536417667,0.23296146128373155,324462.15,250513.6,467371.25,1.1530202802178144,0,1.1530202802178144,22
66,0.21532357636178062,0.296653064567295,0.1504084944721878,3.4981396108070406,0.8036813186813188,0.5562826226112406,0.2905456003572672,0.15317177703149215,0.11791327759244877,0.23674677122767734,0.06570604142490759,533020.0,223239.1,127176.6,4.048269414988702,0,4.048269414988702,227
67,0.08316738834975457,0.036559303157611266,0.024106085721051385,1.1998342622665972,0.10175438596491229,0.07666824420255561,0.08603880738286797,0.037292948414576435,0.13470409134001823,0.07606239615645757,0.0,594582.65,71545.9,0.0,1.429731851763399,1,101.42973185176339,333
68,0.19773365048787206,0.04522100020990439,0.02233780454421024,1.3018817241650804,0.13478260869565217,0.13252250060812454,0.04524446606665045,0.022233033325225006,0.011694285462450615,0.026884654871123882,0.25207123080922134,53563.0,23510.3,429679.95,0.7234629161544758,0,0.7234629161544758,6
69,0.14391430007549133,0.33581609308082283,0.22113970800884553,3.0015586944295523,0.6374202898550725,0.5436698564361163,0.3041326207655993,0.1521975227982844,0.04059172701178878,0.03772599122707566,3.74630475188423e-05,176614.35,34852.2,34.8,4.378899481387378,1,104.37889948138738,457
70,0.18738240339677115,0.35081759253228045,0.2540977306187096,3.350577862421848,0.8202562390261946,0.5254545527641443,0.31361980133021006,0.16092564590564562,0.013240770697274556,0.15415109253404435,0.0,61668.5,126324.0,0.0,4.707735891034936,1,104.70773589103493,471
71,0.1871022523022779,0.3450850076563613,0.16234926296617372,3.097422674369761,0.6762240917527034,0.49657852197134067,0.3392811465840027,0.16414033144465662,0.10144429247912493,0.17638425503890615,0.30167041471536804,470583.0,173231.5,665471.7,4.271302040856442,0,4.271302040856442,247
72,0.20982054788976337,0.2544961593308663,0.1736136818623863,3.5704797444720353,0.5858716925162659,0.40932579770472693,0.26295273930717633,0.1277214629880967,4.9829491651246025e-06,0.06537774546564294,0.22034209017975176,178.35,53312.15,352763.25,3.3884426015703464,1,103.38844260157035,415
73,0.05037064677814932,0.3588753154529121,0.19125897796964145,2.0650848364903083,0.6730067002193284,0.5104295613207418,0.32370727732216564,0.1658631613570925,0.13142796224623848,0.0,0.3354260776896093,596292.2,0.0,752084.55,5.1719661547325275,1,105.17196615473253,482
74,0.22291819589997344,0.24531528062179545,0.1435505705475102,4.298830310226603,0.6622655122655122,0.39169979656154574,0.41236624054274185,0.1959339628957124,0.06748843621656993,0.12444278104703485,0.0003722734207022431,285043.9,104517.45,672.8,3.1837944660196027,0,3.1837944660196027,153
75,0.2243217216139902,0.0466802053425954,0.014900025594902753,5.71856840264722,0.1480847308031774,0.169697999133483,0.16209628185434638,0.06820571901217062,0.007666371355699035,0.05031928573985569,0.03102627725133992,31467.9,39321.1,42250.1,0.4919433517238136,0,0.4919433517238136,2
76,0.10554527309378632,0.12867865743987528,0.06796769807319814,1.7574457260557743,0.2670952380952381,0.22092994436230312,0.120645809957646,0.05842424568005089,0.0061245511019311265,0.2403818623617698,0.19871829625088316,29727.9,222772.2,378477.55,1.6006814981360185,0,1.6006814981360185,36
77,0.18041423218491995,0.20772203478231513,0.11658155155862623,3.976863633746034,0.47839585226803266,0.4201232004806739,0.25491236015545726,0.12496443936386883,0.11368956310635792,0.010863224223542465,0.3454458053356506,479490.35,11191.1,717496.25,3.2071600375831633,0,3.2071600375831633,158
78,0.18391781389762246,0.028069970549197836,0.02047656454569259,3.176250579738952,0.049473684210526316,0.0646766169154229,0.09320066334991708,0.04212271973466004,0.023652360747361094,0.1805655729606488,0.2970677372975422,109293.75,161509.7,584468.9,0.5537869525495479,0,0.5537869525495479,3
79,0.02902796981405097,0.21263241593072318,0.07562115258208447,1.3144398765083942,0.3789084421530481,0.36593281253332643,0.15660549818185307,0.07746168928482047,0.1380688014505977,0.08972454501727302,0.0,639162.9,87140.65,0.0,2.9231878921076317,1,102.92318789210763,390
80,0.22140693868511735,0.0,0.0,,0.0,0.0,0.0,0.0,0.09801011545158224,0.0,0.0,384383.4,0.0,0.0,1.3987536491812704,3,301.3987536491813,500
81,0.08241034731156842,0.27991693481274904,0.1559861846923844,2.7636120845570957,0.5154194690099602,0.5924179825064777,0.2724160303353527,0.13516598715816958,0.12403684490048303,0.2325237990730126,0.005699443663246996,590154.35,232477.05,11146.15,4.063908954619646,0,4.063908954619646,228
82,0.06312647829038162,0.055681877828440265,0.018804198995892286,3.428852267978085,0.12421052631578948,0.11518467852257182,0.05745554035567716,0.027359781121751026,0.06404593026332386,0.006312188196337826,0.3540968951912545,285905.2,7512.45,760168.3,1.0852203949132455,0,1.0852203949132455,19
83,0.21770278759814618,0.2120358555847636,0.131630940975667,3.9990449580362304,0.5575751313009427,0.4301976817339913,0.2418332549315409,0.12796906333446778,0.10312769185064492,0.01150299031330943,0.01814318369781771,394063.6,10564.7,25363.4,3.2561403622755822,0,3.2561403622755822,160
84,0.1227977316239254,0.22262278717555173,0.15327770637000646,3.5318621752937522,0.5240254567828679,0.37875180700154193,0.42725396038643215,0.19399423261202592,0.07380517570362752,0.24535397644251744,0.2054228241176205,351897.6,245322.6,418732.45,3.274016653699449,0,3.274016653699449,162
85,0.13930380506486842,0.3475410469912995,0.15735753154589036,2.317303840698628,0.7196830051668761,0.4611063430415669,0.3672384452870635,0.17165521167136966,0.12200613367280397,0.03891923727464515,0.0,535355.95,38404.7,0.0,4.380432976416242,1,104.38043297641624,458
86,0.20535191442164047,0.25351752151837836,0.13586453705612964,4.438525621454145,0.6810314796230289,0.4384658117207344,0.3919489245592603,0.16958526372000532,0.027048817334755625,0.07278794708845948,0.15146562023601132,123821.3,63386.75,245306.65,2.7900075900243486,0,2.7900075900243486,118
87,0.06961391617778004,0.36770715208007987,0.168155222870319,2.0641936129896705,0.7857275193595377,0.5136564050132688,0.32709540151635286,0.15924819347037833,0.09081493425226905,0.007996231520528432,0.1457073005609428,405614.3,9404.7,255869.9,4.452480818948985,0,4.452480818948985,269
88,0.13229287805621998,0.4240701711638792,0.26618124618934447,2.3738118115823625,0.7567179719015162,0.48124204945008914,0.3426939426059482,0.1760640079439627,0.0013563514415699024,0.04577863977462728,0.3126057108830639,7457.35,39890.95,582866.65,5.456688289137399,0,5.456688289137399,307
89,0.19968522585612403,0.08872458970752382,0.059277388202399285,4.704343517898488,0.25811688311688313,0.15584981017339508,0.16728925224630012,0.07686093758030481,0.014016940509745553,0.11677505643638864,0.11579362152950642,68483.5,93395.95,168845.25,1.0456399520517043,0,1.0456399520517043,14
90,0.1500101203580202,0.1087369190776791,0.04946031700072031,1.660232076078651,0.2546776729559748,0.15591966962373816,0.1704813704496788,0.07359895992658305,0.07879679799611213,0.08932211409951361,0.0,326308.0,76749.95,0.0,1.4902241424649734,1,101.49022414246497,339
91,0.0473927205558536,0.34164041426315034,0.19262857636948905,2.0298583734951774,0.7132962259381552,0.5145953274644971,0.3191617541178254,0.1662429184176775,0.03285857555052053,0.19036643855563612,0.3272232029886739,162404.35,189262.7,747986.85,4.204431600201679,0,4.204431600201679,237
92,0.13198270904244405,0.324739367775005,0.2023337756469517,2.5264331288072874,0.7208465176863904,0.49362716174913934,0.3393186923052844,0.1670541459455762,0.010945048076980627,0.09596896388613667,0.0,53683.35,79132.3,13.05,3.917702289894615,1,103.91770228989462,443
93,0.09883012235356277,0.318813809376842,0.1385891753367821,2.7730005636017863,0.6333564237594489,0.5628536179066914,0.2896065889495568,0.1475397931437517,0.041756342909799404,0.02708265069317096,0.27066208024465593,180284.3,24816.75,483379.25,3.43663035661587,0,3.43663035661587,180
94,0.2218894321275296,0.15236830446635263,0.10769803948961731,3.430288781352597,0.41995412844036695,0.3405516710841381,0.17126382748034957,0.08818450143551233,0.04492382644239505,0.13783907918590588,0.14912987502245928,195187.4,114642.8,234524.45,2.0509081015553368,0,2.0509081015553368,65
95,0.198136912850268,0.26186097763287475,0.1150279781279114,4.093324656051991,0.7072533286819,0.5645227337202144,0.2907577696290467,0.14471949665073885,0.009868140352150539,0.1537510526740929,0.0,47500.55,120484.85,0.0,2.606705765118999,1,102.606705765119,374
96,0.01757403625507937,0.4059562560659149,0.21844015621669124,1.7405649480906948,0.6818417387261005,0.5331440113558665,0.30464864964247196,0.1621722881779672,0.025789094979474476,0.18986622035324913,0.001436097121385629,123180.4,172091.8,2341.75,4.792952298031412,0,4.792952298031412,288
97,0.2048420873652797,0.19346323690723938,0.1422694510974982,2.5138367315912182,0.48600812677773264,0.29655588120163057,0.2035284313779533,0.09991568742041615,0.08715581348384839,0.24512808790716786,0.31340623543734136,404719.65,240750.75,701844.95,3.291262332370469,0,3.291262332370469,166
98,0.22828019555489343,0.21309415564866194,0.11785933618265362,6.29816553604289,0.34261975946062184,0.5377783215084687,0.2983228423552859,0.1638988361362453,0.024738612160779314,0.11683133837969058,0.004481572365610176,104649.4,92389.65,7289.15,2.406879441165519,0,2.406879441165519,89
99,0.15362342558456088,0.2978147570509527,0.19656391421447936,2.997920521920784,0.6406284420919333,0.48882636437743504,0.3387723018997324,0.17240133372283256,0.04454948238770873,0.1118852650180118,0.0,193116.8,97875.0,0.0,3.803218601051722,1,103.80321860105173,439
100,0.14928926679287785,0.23066503418665452,0.1709423910240174,2.747393458190396,0.5544193326640934,0.4323642498481653,0.24101446689872175,0.12662128325311298,0.08184982070257193,0.14511598286870028,0.0,352587.8,129505.3,24.65,3.42403514990886,1,103.42403514990886,418
101,0.20122074707808685,0.16831095491571688,0.11401130279543033,5.222362055591046,0.42639036599324687,0.299815069348357,0.4772102632042653,0.22297466744737773,0.13462299699578656,0.022962401130499167,0.22730705023591852,585553.5,24529.65,433608.0,3.085713540266018,0,3.085713540266018,144
102,0.03833254947273615,0.36913492691161964,0.19370866120250257,2.047742910608059,0.6671618858567554,0.4564502157229196,0.3661978548682118,0.17735192940886857,0.13331287555334703,0.2032016729583646,0.0,627857.25,198458.6,0.0,5.1234705077236455,1,105.12347050772365,481
103,0.18904257862169008,0.28927687763454013,0.19753340838735298,3.467463284439969,0.5985295038508825,0.37964663891819905,0.28488307225545206,0.1354702888263489,0.10221324165840232,0.2618700825091226,0.1644518498982261,449555.1,247525.15,295762.3,4.4335727380350045,0,4.4335727380350045,266
104,0.06855115975826664,0.34925727049244787,0.21451035062067425,2.2361044248268,0.6814982728842832,0.4846632771738533,0.3395911196649951,0.17574560316115156,0.06812861381701821,0.08530614274270691,0.04246477319026184,294277.5,77986.8,66811.65,4.550756519898783,0,4.550756519898783,273
105,0.08265298904986505,0.3467894503837579,0.1901571509613634,2.504626254206488,0.6647597846695209,0.44981361094352845,0.36966660245988264,0.1805197865965889,0.16650989395771038,0.0,0.1846800308006149,746754.35,0.0,331164.05,5.204163450870443,1,105.20416345087044,483
106,0.024486892634303845,0.4084411770040008,0.22491777810556285,1.7422160448131112,0.721222747051863,0.49798578841269,0.3333472252742741,0.16866698631303595,0.11374805159556392,0.0,0.36843698450711504,517329.55,0.0,855674.0,5.771463218250311,1,105.77146321825032,488
107,0.18434248103120193,0.18619099911630346,0.12782471275101234,3.9948346604379816,0.5455977494501639,0.5101075386343982,0.18951410849831532,0.10037835286728654,0.08997447446877298,0.16478214212806264,0.35525255519741056,425105.2,161428.5,831789.6,2.906668634260671,0,2.906668634260671,125
108,0.03707802265619008,0.2050921382079427,0.09942742729438861,2.233417861489363,0.4283911994903531,0.30063035518045067,0.19798250509801316,0.10138713972153615,0.0008197976143919517,0.20213347314248442,0.12564063010914112,5064.85,184595.15,222696.8,2.337200118125567,0,2.337200118125567,87
109,0.20951948836542716,0.25535089485598417,0.14605797979449303,4.809561837220499,0.651980388328294,0.5257649316514886,0.31051591279819296,0.1637191555503185,0.0,0.2574442193491444,0.35609102515001484,317.55,224365.75,755059.95,3.3082027857384326,1,103.30820278573843,410
110,0.1954989093295197,0.19293827587416024,0.12150829243518153,3.932783523371522,0.48498686711540423,0.49213712965729056,0.20386786718273148,0.10399500315997798,0.1282628532057235,0.04662384822057874,0.0,535208.05,42096.4,0.0,3.161184633344029,1,103.16118463334404,404
111,0.1740518196393334,0.17350066372841946,0.06062851743267794,3.6654314507432844,0.289257437910584,0.358592611660709,0.1619913914657034,0.07941599687358762,0.04049763169842241,0.0,0.3819466653307343,180519.2,0.0,852511.55,1.9086980448445363,1,101.90869804484454,347
112,0.12112368988915892,0.3164061054356934,0.21861563924908678,2.7510850091660535,0.6828014008082671,0.5261799569255217,0.31579763924327586,0.15802240383120242,0.10084963020833204,0.1608167146430196,0.343075232918151,467136.35,156283.9,784966.2,4.711723574244535,0,4.711723574244535,283
113,0.08858085140537844,0.3182100830963991,0.16497818434184763,2.536783703591367,0.6119189084104881,0.5653190059674877,0.2870934778725921,0.14758751615992016,0.01286696750915815,0.1744569990480215,0.18585263756497566,72465.2,159953.85,335818.55,3.494617611016756,0,3.494617611016756,183
114,0.0876958281060926,0.10996036908849915,0.04052034572317019,3.029006494688454,0.17849278272127064,0.18879351008528192,0.14334060837774562,0.06786588153697246,0.10297844367584381,0.013523239090932582,0.010960094176603615,437794.15,12926.75,18486.05,1.7265550630995548,0,1.7265550630995548,43
115,0.18627714615508784,0.19445431329709068,0.12592850142413253,4.371809108456041,0.6578235952609344,0.39950046642714077,0.4141768958230635,0.1863226377497957,0.0248047643442884,0.1011765036620994,0.19314239761206556,112511.3,85767.5,324817.4,2.3058780965120147,0,2.3058780965120147,82
116,0.19360582908824459,0.11938718938891343,0.05811869786558564,4.1031486588147414,0.24990162403708274,0.2142279114973134,0.1220365890070787,0.06373549949560793,0.07174837566431326,0.006004426295846966,0.0,278972.75,5148.95,0.0,1.7640569877304313,1,101.76405698773043,345
117,0.17103437149744077,0.35631483006183573,0.17079684761481054,3.0675918293420037,0.6867686171635339,0.5029924383038968,0.3317551793297793,0.16525238236632392,0.1406459450984102,0.05692695155259336,0.047307970306385165,615469.9,53277.35,80849.1,4.654337573703245,0,4.654337573703245,280
118,0.1943426773101781,0.1821391017104958,0.09720246793615808,3.9795128464604868,0.39115605628704586,0.2423775074533591,0.2454683001715205,0.1121541923751204,0.022266461648443585,0.0676174645829378,0.1821168425781273,97339.95,56393.4,285477.45,2.006221360377408,0,2.006221360377408,60
119,0.04721978565699329,0.22234343517810656,0.08785497219510921,1.5524087920019016,0.39560811867894224,0.26459758228729224,0.23027413923556841,0.10512827847713939,0.1259801442033149,0.07445300075978978,0.36370331848391835,599917.2,77076.2,876707.7,3.123201629253639,0,3.123201629253639,146
120,0.19069814481265,0.31634014616369444,0.17948833494334793,3.6713065215398304,0.6604792969796224,0.5837336770201941,0.27142926482903695,0.14483705815076892,0.11785867127710078,0.20395329119953387,0.11444155293682039,528655.5,193606.9,212277.1,4.3717831673168055,0,4.3717831673168055,260
121,0.21648946253760318,0.309314536757437,0.1525590966549914,4.6890997052228,0.6786054812184021,0.4423939019758988,0.37255756521766636,0.1850485328064348,0.08771917582074266,0.07790557426323078,0.0,337165.6,62118.0,0.0,3.8103265349120314,1,103.81032653491204,440
122,0.15759243445797763,0.25491646477120417,0.1404375410805653,2.6893426728333316,0.5121734903202494,0.3944223915245598,0.2665789022112396,0.13899870626420058,0.07482507781545696,0.26579695870621567,0.07783394566612548,324095.3,242921.4,127950.9,3.323952703663201,0,3.323952703663201,169
123,0.07277074159519686,0.07036943233204247,0.04325717062340513,1.0175291612794706,0.15044247787610618,0.10476190476190476,0.061526832955404384,0.03371126228269085,0.02311103583195494,0.002800654955724972,0.016751204783935318,102385.95,2978.3,24400.6,1.1167392268612313,0,1.1167392268612313,21
124,0.06306290730403596,0.14161904817995632,0.06228372333653159,1.997993545413613,0.20155844155844155,0.1921933467642712,0.14004153906481936,0.06776511417090948,0.09407134111712472,0.008479394903765182,0.3213753328488505,409841.05,10706.8,673601.85,2.2459368956023016,0,2.2459368956023016,78
125,0.04739469634325471,0.35816031481944754,0.25295911532906346,2.2150368695426463,0.7547028241478131,0.5739064462121903,0.2728950239890969,0.1531985297987128,0.007067255481619526,0.08492284231433168,0.00032064345032885934,31966.7,70354.0,459.65,4.83782553501388,1,104.83782553501388,473
126,0.22125295636704365,0.3103019447769206,0.177883663286664,3.897993634680193,0.7124871362757025,0.576953406237477,0.2749985044407889,0.14804808932173413,0.012168411998637692,0.1704860977444616,0.0,53522.4,134555.65,0.0,3.664553105139163,1,103.66455310513916,429
127,0.017809917714347624,0.32123796344743766,0.14911167726655106,2.038913542284399,0.6066048903204075,0.5751271021829705,0.28114394654728936,0.14372895126974022,0.011241444864087548,0.0181929181851307,3.6549707602339184e-07,57299.65,17756.7,0.0,3.5849902118732118,1,103.58499021187322,425
128,0.04739264951987019,0.1495870593785646,0.07926883385513259,7.058109812116579,0.2838853652807141,0.19628997577955895,0.13726348839625588,0.06644653582418517,0.11590459307230642,0.02364651068717505,0.0,493243.6,22825.9,0.0,2.568846039650524,1,102.56884603965052,369
129,0.04835536306686453,0.24830218574018711,0.08764213236758381,2.5394307707725434,0.4882802106682703,0.5267694553118636,0.30716839024749193,0.16606215444064443,0.1387710620170065,0.02710282334203288,0.11126761027473317,626990.15,29137.75,204444.2,3.2013621652036433,0,3.2013621652036433,156
130,0.047156275619220554,0.28991230601009643,0.15197226960643567,2.352536863521409,0.5954629738284127,0.5988765414757595,0.26812647027450975,0.1329969882497307,0.08179000556444264,0.0,0.2042959555808924,363571.55,0.0,368236.2,3.819231658569954,1,103.81923165856995,441
131,0.16940324784154207,0.27578063759451854,0.18855688292405504,3.5692519907370204,0.6783486405147363,0.606336384542011,0.26561906457404916,0.12804455088393987,0.16426927004465747,0.03730860904728989,0.05260669027524388,683347.3,36051.35,85890.75,4.61902025797468,0,4.61902025797468,276
132,0.20776211948753734,0.12298144825814554,0.09139361872831735,2.3810536345300193,0.34753550543024225,0.1411965062753983,0.17855818678749955,0.08024530693710216,0.0720652057945841,0.2631012489212199,0.0003122505962215924,308793.45,233457.25,672.8,2.2306400627370313,0,2.2306400627370313,76
133,0.1970555762860957,0.3595996412469977,0.22756887542671436,3.4205913177016454,0.6219092139677878,0.40785124201550405,0.40590935269076656,0.18623940529372934,0.0791814346192717,0.1891453477282295,6.359014822553866e-05,333884.25,167050.15,82.65,4.913459754195655,1,104.91345975419566,475
134,0.19614771442585505,0.15963862863309722,0.08910593362193998,3.134783548806914,0.31076917928393516,0.2707532916163772,0.22303705075043073,0.10620965763319204,0.15575072683682656,0.07969098981803387,0.1947376560000611,648209.45,71150.05,337867.4,2.8028355059952483,0,2.8028355059952483,119
135,0.22183910700411885,0.3318194321491732,0.20996116582402133,3.905858350732739,0.6978005575664143,0.48781141264165895,0.34319877345872923,0.16898981389961182,0.13118948255053037,0.19925335551996765,0.0,580240.7,180709.15,0.0,5.016854290222526,1,105.01685429022253,478
136,0.1796502919891827,0.3196220609444431,0.16265117379790855,3.2759796942582127,0.7432894736842105,0.3835475545701244,0.4234291283394661,0.19302331709040946,0.014728212270999347,0.24154613496895067,0.19272909379784245,72755.2,216683.65,352374.65,3.6106783722992435,0,3.6106783722992435,190
137,0.1697017618064066,0.3831620522539371,0.21528338824414042,2.809512015496204,0.7739193132388503,0.5393260573934511,0.3068804581210548,0.15379348448549415,0.04328233017101381,0.219467913764856,0.003710426558746585,200829.35,193927.35,5917.45,4.656465695682742,0,4.656465695682742,281
138,0.0767092856644626,0.34816329192509665,0.13871966828970933,2.186220394237121,0.6071245471324889,0.4971043444187053,0.3381428258048481,0.16475282977644654,0.13950251727641041,0.2173401806466677,0.30187563740606904,683722.85,229015.9,699335.0,4.451083940367923,0,4.451083940367923,268
139,0.20496581640083908,0.20755165242893642,0.09164036940925062,3.1974950871787873,0.5258774384988756,0.3715100601094095,0.2914969127148331,0.1369930271757574,0.1203873011177929,0.1716667730915016,0.0,544495.3,157935.45,0.0,2.8150502468365795,1,102.81505024683658,384
140,0.18183372838174228,0.23773685667106834,0.120391154112324,3.7458879748539275,0.6576092922693471,0.3222647996126601,0.4768702744985349,0.20086492588880497,0.11603889690509787,0.00589000741083602,6.235975445291947e-05,490311.7,6385.8,30.45,3.397268836342035,1,103.39726883634204,416
141,0.04258093685087991,0.1472143959930718,0.08315460458325544,3.9556652470899905,0.30689504989205146,0.3272968443051202,0.17760345872518285,0.09509969696969697,0.08331754360157324,0.02168775713978981,0.2996853880588696,387052.85,22656.25,638242.15,2.311701828571921,0,2.311701828571921,85
142,0.05497870462290831,0.28964362704117796,0.12182715810758826,2.5292867069620177,0.5868397072025742,0.39252978387144183,0.41550640330042354,0.19196381282813463,0.04214951689265013,0.06055823819860416,0.34564814794191867,189365.65,56940.05,734282.9,3.156298999264943,0,3.156298999264943,151
143,0.22871271477453262,0.19637861781933647,0.10082773982538491,3.0565177383778455,0.37985493489610206,0.30130737281669473,0.19899508875142707,0.0996975384318782,0.12136936083709901,0.2515068614927808,0.2990354330942627,547270.6,242753.2,635100.0,3.136658083460564,0,3.136658083460564,149
144,0.20500461899003528,0.018234672304439748,0.0069767441860465115,10.378817312207113,0.005932203389830509,0.0625,0.1125,0.025,0.08415131343625484,0.24849477222456864,0.28249194132886063,371820.6,235506.1,575648.55,1.2549057449612093,1,101.2549057449612,327
145,0.02969433490067313,0.38016668853272667,0.14782979621284661,1.8140908195648646,0.7302533822517772,0.49160535398694505,0.3421952447355597,0.16619940127749527,0.07306600087011636,0.002513555230513439,0.19265423899418793,316669.85,2607.1,324552.05,4.258975427498935,0,4.258975427498935,243
146,0.2018237575743406,0.18314352441823364,0.10616161375053582,2.7638776589028864,0.3638111563777763,0.3048745918108565,0.19630021693662592,0.09882519125251761,0.03686392096127117,0.213865719679352,0.2210666834717438,166539.75,191152.05,417850.85,2.3104788605596562,0,2.3104788605596562,83
147,0.22481196491131178,0.2718697906654131,0.13251642668028835,2.8395799499704375,0.5865525674344374,0.4182065777139775,0.26335954880918305,0.11843387347683935,0.06846248340509935,0.22680907260501462,0.19422895074971164,308691.95,209264.0,363657.1,3.3324231328924725,0,3.3324231328924725,170
148,0.11351363496458007,0.21688978824302793,0.10421959973971581,3.493352546994528,0.4787310367830157,0.492019007966508,0.2010320499466048,0.10694894208688724,0.09274754507722058,0.00010170006613054046,0.25780646763134457,403159.45,145.0,494932.85,2.874865752865223,1,102.87486575286522,386
149,0.21962822412826224,0.3611277220709707,0.180304201419972,3.5624495407880064,0.710877637054679,0.5198590769709008,0.31328760572501446,0.16685331730408473,0.06077857625097849,0.05843673706443353,0.2259013762806322,254656.25,51657.7,397938.0,4.263334167142866,0,4.263334167142866,245
150,0.031522400500098705,0.3677969472870018,0.19350211546727497,2.075713605370667,0.6624826799782796,0.5409765557738246,0.3076055227752109,0.15141792145096433,0.018640342240581153,0.20454137442522233,0.0,81858.3,184908.35,0.0,4.28505532687122,1,104.28505532687122,456
151,0.21857625333021943,0.15141074321768053,0.0861854894972715,4.125720021418781,0.2924617628772299,0.3380253933770824,0.17671312584240412,0.08526148078051352,0.016255758712622564,0.08505476851732832,0.2844737677470441,67725.15,69887.1,509767.8,1.7979197002664749,0,1.7979197002664749,46
152,0.1639662839781954,0.33366856443181686,0.2119121815643774,3.0097662532921525,0.6799572272827719,0.538758043436967,0.3058240862472764,0.15541787031575666,0.14502764252513864,0.13556430338998512,0.016129490645975842,650122.0,127956.7,29210.25,4.979741753003298,0,4.979741753003298,295
153,0.22309743458953024,0.2856953557784181,0.18009065359617646,4.216908422804044,0.6865077579504553,0.4826127080031048,0.3426059539636971,0.17478133803319812,0.09760700093812957,0.0,0.036336427891061354,386670.05,0.0,54959.35,4.195826415456583,1,104.19582641545658,451
154,0.05532707351817284,0.25823222354259895,0.12639773279902783,2.7765569901465073,0.42044159544159543,0.44133576116223183,0.2373796258338448,0.12128461300392339,0.12773999845803524,0.250026142564404,0.07657469316039278,614470.85,256126.55,148891.8,3.6528268463814566,0,3.6528268463814566,196
155,0.20171586817368317,0.3236145019852288,0.19349765453019757,3.809350894795525,0.6600830482733043,0.4549105739733639,0.36636169514071304,0.17872773088592311,0.10202742985531912,0.0,0.11906260540400662,406490.1,0.0,181822.75,4.539016019146757,1,104.53901601914676,467
156,0.11473682968024168,0.30420860118505283,0.1556940354949536,2.9096306380291574,0.6582865593068261,0.5603623695669592,0.28583828160746255,0.15379934882557822,0.0,0.1198742027496749,0.3734019433801878,0.0,105309.15,835823.5,3.442211685958272,1,103.44221168595827,419
157,0.04270967144789739,0.12656823936567635,0.04790909849089412,6.264490459573898,0.17681207553913975,0.18639341093407785,0.2946959499109745,0.11891063915494768,0.030550590504376994,0.04897583906157731,0.26981826027265515,141061.8,46734.95,530852.25,1.375684359716917,0,1.375684359716917,32
158,0.19398811177521377,0.2990229400723289,0.17757801396899858,4.488234822001019,0.6786035910660826,0.504172995298668,0.32917311872308397,0.16665388597824798,0.1150658850422622,0.020787440971008424,0.010503451248171682,456352.7,18441.1,15178.6,4.32352385627615,0,4.32352385627615,252
159,0.21515673409287298,0.12610722580556166,0.07217700935794809,6.638224361611835,0.3301342855398889,0.2149685675835427,0.2672971843082667,0.11773424810819058,0.0008967080605537007,0.13900813513517135,0.3504301719717925,3446.65,115159.0,704968.25,1.6332855860760411,0,1.6332855860760411,39
160,0.13209401160200945,0.3210069467161666,0.2088243133725109,2.7672869900434636,0.7407137322520057,0.5427591941919745,0.2918352769377097,0.16540552887031573,0.030396604171358855,0.0025621422668110844,0.0,136414.55,2714.4,0.0,4.168285365669564,1,104.16828536566956,450
161,0.19304601574402505,0.27581840174493644,0.12444607874555917,3.5422613284054862,0.6019483890130505,0.5898046419438565,0.2731869675287187,0.13700839052742486,0.06763807937193492,0.2154198715947539,0.0,290577.1,193625.75,0.0,3.1980135068546223,1,103.19801350685462,405
162,0.22794008844584868,0.28350291234861735,0.19896824632088211,4.664630144244287,0.7080373373266035,0.5844261757614787,0.2711891972249419,0.1443846270135794,0.11288098061237484,0.18314625087060837,0.18300766042133704,487648.05,168227.55,338287.9,4.412339528107438,0,4.412339528107438,265
163,0.17898037303491549,0.0481218338345321,0.026814577015180585,2.0646197587825807,0.1125,0.11139162561576355,0.059667487684729056,0.02894088669950739,0.036655377133884094,0.2770661955918049,0.0,169706.55,255491.45,0.0,0.8883447401382021,1,100.88834474013821,315
164,0.19381082583120035,0.23187962284841168,0.12079623591875213,3.773566060070715,0.6114583498830487,0.5435651788507473,0.3025604454507227,0.15387437569853007,0.038778143790290105,0.2697269005858597,0.0,167646.1,239879.3,0.0,2.7900884889107966,1,102.7900884889108,382
165,0.17241945303787357,0.12719675651121426,0.08501952958070057,2.397146482844302,0.26419579325983267,0.20735547166498397,0.12758175672709715,0.06506277160791887,0.003099801979096195,0.21532750262298359,0.36634227093804467,15873.15,192987.75,800627.65,1.8825591336008776,0,1.8825591336008776,54
166,0.2112506508261729,0.16028372705722177,0.1027273441714462,7.11357511539164,0.34447550895816653,0.4126918653972208,0.26370913150404385,0.1235990030987354,0.0,0.21736991064199246,0.3547092539595306,0.0,193271.95,770244.35,2.2610374070778767,1,102.26103740707788,357
167,0.21693892848827706,0.28485798883880065,0.1586809279458281,3.751738943308766,0.6597424017266822,0.420985803873676,0.38734082987346613,0.19167336625285786,0.11942958149062743,0.23413938094985523,0.0006724332272352895,527998.65,215562.8,1381.85,4.129215802973306,0,4.129215802973306,230
168,0.21804629596294706,0.07204812738580517,0.029072732505248167,3.7600773200390383,0.13164247517188693,0.2019924284741204,0.13397415805297616,0.06403341347290344,0.031980244369582654,0.13787378331700903,0.2852972559510348,139700.25,120773.4,560559.85,0.8006424895030292,1,100.80064248950303,314
169,0.15936762847367253,0.09524951738842309,0.035598258908284344,3.6795762694832024,0.07462096242584047,0.2320179426846531,0.1086840156365716,0.05929804167877532,0.0546130413113599,0.20726897147170975,0.0,254780.95,191047.65,0.0,1.1527908403744977,1,101.1527908403745,325
170,0.18016536428699131,0.10769756371411635,0.06169919100054093,2.124386611602932,0.29815270935960586,0.21101646644573324,0.12434151477492406,0.06464201877934272,0.0,0.19081562268327132,0.29849953034074594,8.7,166484.65,586714.95,1.4513783036760664,1,101.45137830367607,337
171,0.19571598821938213,0.1091659230602807,0.060545245139998684,2.5272646088793262,0.2701553398058253,0.13852042030404393,0.17864040276304696,0.08283917693290908,0.030127643058250338,0.09050678412057823,0.0,132157.35,74318.3,0.0,1.2820078810478848,1,101.28200788104789,329
172,0.03941923704957635,0.06905066005099988,0.03507992895204263,6.890078491691752,0.11864406779661016,0.0988806678049706,0.06803263137924492,0.03308670081578448,0.12313995706655186,0.0003959267203444103,0.3838801835548326,548452.35,375.55,898395.35,1.9205763284050452,0,1.9205763284050452,56
173,0.21769947313022145,0.147241431408757,0.08092017281455251,3.958012802327477,0.3887198843116468,0.2888213453133486,0.2118475060312628,0.09933114865538861,0.0992459303736616,0.15192022638748853,0.3526447183564808,446253.45,143963.25,793938.8,2.2871989076246066,0,2.2871989076246066,81
174,0.22150759630926958,0.17343400756546315,0.12711946620137057,3.133466780531826,0.43612279266818543,0.3518813592588427,0.16110093879630302,0.08701770194485425,0.10155386227752221,0.0,0.08901417351203221,395193.15,0.0,131236.6,3.000720060073109,1,103.0007200600731,393
175,0.11330991227148575,0.16283903206160108,0.07200121406954832,1.7988654044965344,0.43454545454545457,0.23466854336803467,0.25499375950489817,0.11033769712706716,0.13920867373083728,0.02292751464010172,0.0,595056.8,23297.15,0.0,2.6009255992125526,1,102.60092559921256,372
176,0.18951757547260736,0.32911259037474594,0.14577575849983576,3.2741178953668437,0.6631797324354395,0.5472472620545501,0.29861778975290354,0.15413494819254642,0.06917474797337536,0.25577791291226587,0.3186995805813799,318205.4,252594.35,716895.95,3.894356898485173,0,3.894356898485173,212
177,0.014098156811972231,0.3069183611829218,0.17950658541578188,1.9205520629279618,0.636427299438489,0.6604180858739408,0.22790485243356695,0.11167706169249225,0.14088524272348785,0.06508755097138849,0.3067933873111109,689247.35,69141.8,703187.65,4.740039545029958,0,4.740039545029958,286
178,0.15433290223138782,0.3226238109303633,0.1457239502823598,3.079627325647654,0.6379444229100325,0.3857532900599608,0.4260274605514045,0.18821924938863474,0.018434424393636552,0.09239202233368643,0.27746776631073145,82122.2,82026.5,537391.75,3.291768264092164,0,3.291768264092164,167
179,0.19831802567812057,0.0446668734300822,0.021497746668268,2.8757229029570475,0.07929515418502202,0.12034538586076633,0.05169994603345925,0.027954668105774422,0.13471031881622633,0.0028887961204157745,0.00016446198419046792,534954.3,2784.0,372.65,1.5207446331940424,2,201.52074463319406,497
180,0.22970911236430389,0.14681903578047711,0.06659761572180527,6.843276944478855,0.32943493867157125,0.3929894267339858,0.26762831965936584,0.13938225360664838,0.04181901272361927,0.0029392898585831554,0.2960080686565143,165044.8,2840.55,550238.75,1.837565686980344,0,1.837565686980344,51
181,0.12677692402793564,0.11820446248024037,0.06690331589011986,3.769191848075765,0.34378170298395283,0.1956669975957906,0.2834929165259989,0.12084008587821052,0.025131735165922174,0.10111707702557868,0.0009620311927585855,120634.2,88129.55,1455.8,1.2408491621077566,0,1.2408491621077566,29
182,0.16093394442417042,0.17186572843011988,0.08775857002071558,3.279838801918697,0.37820484887776484,0.27263835120273655,0.22819647504647317,0.09916517375079029,0.014986478006732303,0.14464429913267343,0.29344822938986387,64076.95,124043.15,555988.0,1.8301472352257881,0,1.8301472352257881,50
183,0.20234944181354636,0.3324311985787878,0.20860986274389487,3.345271659404195,0.7166909178015661,0.5070502257487193,0.3227054040797872,0.17024437017149355,0.13005602579337344,0.21412858903543483,0.2112902264469086,603793.05,210515.35,434643.3,4.9902311407611455,0,4.9902311407611455,296
184,0.0866171298427919,0.13313840719255982,0.08830969001153544,2.5980125087255566,0.31393939393939396,0.18512868945805733,0.14117311903626603,0.07369819150567664,0.030308707217391383,0.27559453678358536,0.0,148195.8,258735.1,0.0,1.9257885315720955,1,101.9257885315721,349
185,0.03993105937920711,0.20478708070985557,0.11999298578069713,3.98981903922936,0.36333736982694015,0.26305691357955613,0.3672370714811429,0.16970601493930101,0.055034214610110356,6.123579109670929e-05,0.1406096545633963,235948.35,176.9,224937.05,2.7611225200516953,1,102.7611225200517,379
186,0.11194310678341698,0.3261211821671707,0.15585504442592404,2.673468395222674,0.5072987802471085,0.5283699504300281,0.32137780733720034,0.15025224223277156,0.04150297737998389,0.16885864679918786,0.11718483040522314,191827.75,151938.25,194408.75,3.462005046142995,0,3.462005046142995,181
187,0.1920760718951004,0.14035242191304284,0.06092081003678913,3.3455479162076367,0.3025210084033613,0.35753545425567324,0.16320999202373013,0.07925455372059664,0.06030831902232964,0.0027394542471012705,0.3623110975566248,260250.35,3359.65,773956.35,1.8744254016781168,0,1.8744254016781168,53
188,0.08009895223172718,0.26422128237466647,0.15026952185903739,1.860212569809093,0.5297072610552511,0.4175597717452445,0.2593646599226699,0.12307556833208566,0.010131829012121986,0.028423581250467726,0.04530622702267714,44690.45,25531.6,68835.85,3.142306622525493,0,3.142306622525493,150
189,0.16402361627713918,0.1550209556757704,0.10623357778095274,4.487104563974,0.3817980295566502,0.2947650887819172,0.20513648820893096,0.10009842300915188,0.12806108522911605,0.13016769856121774,0.0,530901.55,113181.2,0.0,2.6808950544439125,1,102.68089505444391,376
190,0.19097720536575827,0.02075505340014574,0.0055825713722824485,3.674938423381532,0.004081632653061224,0.0,0.0,0.0,0.033533294058311444,0.15045195139131637,0.21960682256105932,154903.5,130137.5,389238.0,0.5130374278923985,1,100.5130374278924,312
191,0.1445184873758003,0.4126026731620739,0.17926914277758743,2.3252441697783626,0.7927377675884498,0.48681848052712884,0.3422710598402351,0.17091045963263607,0.035184258393898396,0.006053933917083538,0.0,158390.75,5891.35,0.0,4.407049515092447,1,104.40704951509245,461
192,0.2172405230565455,0.2402168785786351,0.10030584921903436,4.515334752049478,0.6724322973596575,0.548153205484008,0.30350615307881884,0.14834064143717313,0.04149616482420394,0.03493129328251284,0.03166611633900922,174343.65,30158.55,45635.85,2.526556739704097,0,2.526556739704097,95
193,0.05659983684209065,0.23098819296963558,0.12886855953711537,2.8636453118582503,0.5569047619047619,0.4341810734854086,0.39641840705510845,0.169400519459483,0.060823664874164296,0.024404436173231736,0.2129834418563477,269279.5,25936.15,388749.35,2.9878988523845997,0,2.9878988523845997,133
194,0.14941514539128006,0.310643854724279,0.17232343474736558,3.67678711272281,0.5893266441855113,0.5688130362911271,0.2809092832698762,0.1502776804389967,1.0518133970343887e-05,0.07634831093706347,0.36920861415113826,896.1,65656.0,788976.9,3.692581464728811,1,103.69258146472882,432
195,0.15593223284886376,0.3086530040590964,0.17317082618666307,3.4070786684248455,0.6927197078108642,0.5864304412190523,0.2760302818618343,0.1375392769191134,0.12771475913969496,0.013075185058374442,0.1539587648103072,532783.65,13042.75,253567.3,4.352948997240145,0,4.352948997240145,257
196,0.16561556118941984,0.30704163593129774,0.17553381349437178,3.3845438230497065,0.6603069429560396,0.36690570309935594,0.43051747330016,0.20257682360048407,0.12340186895702046,0.012472232142354382,9.511955137319281e-05,511464.3,11731.95,147.9,4.425941505776788,1,104.42594150577679,462
197,0.1961881381201005,0.27438792832247205,0.2045852879353589,2.8833210098704845,0.6214535127164157,0.3850240156568174,0.2775844726673708,0.13739151167581182,0.10743114673040673,0.1321003146055051,0.1057863431815517,457000.85,117914.0,178940.15,4.26535324064913,0,4.26535324064913,246
198,0.17167302959376637,0.2939530668595939,0.15407683087062338,3.492308347041613,0.6378886564507963,0.5664270604207433,0.29421229495988177,0.13936064461937503,0.09837171739770881,0.2663352941494327,0.008118700940066515,445725.65,255434.9,15761.5,3.9344960527288233,0,3.9344960527288233,219
199,0.09712959296070438,0.35166604332823315,0.17599243536672265,2.134113983668597,0.7643289021271841,0.4928239870273233,0.3395118742516053,0.16766413872107147,0.03339309139289267,0.008624716507462613,0.08599082097095566,145071.05,8510.05,132976.6,3.9713041115147325,0,3.9713041115147325,222
200,0.08133965200568469,0.12069489073325665,0.0730148802699643,4.7961362311542555,0.20292189140468692,0.22063112549385355,0.26408691672296924,0.11528195778317715,0.0,0.16605361564429194,0.22313375625079548,0.0,150060.5,419186.3,1.5104676635347962,1,101.5104676635348,340
201,0.06448394419708368,0.3276756494372487,0.13808612478855095,2.2837312690334697,0.5853576678148064,0.5122765970443418,0.3229314929043001,0.16479191005135807,0.08495507961464688,0.025197982094616517,0.3449122415614146,374508.9,24497.75,724653.45,3.9335075362318936,0,3.9335075362318936,217
202,0.08343083072876087,0.29832981962229155,0.1768802884834051,2.7137818310157997,0.6004580009400527,0.3862919487960578,0.4088154951609182,0.20489255604302392,0.13758995470894658,0.1483897105375463,0.0,609532.15,137271.5,0.0,4.389409129270088,1,104.38940912927009,460
203,0.12531996456334216,0.2843386162477361,0.14934277293360249,2.4586295353036967,0.5653846760404138,0.40053695814928664,0.2653277671367934,0.13413527471391998,0.001867431077171878,0.12402929880609585,0.2827501190186473,10206.55,109982.5,560010.3,3.204051675625377,0,3.204051675625377,157
204,0.18837610442502217,0.04769758621644004,0.023848939472322812,2.690511239307738,0.08680851063829788,0.08140589569160997,0.0801209372637944,0.03847316704459562,0.0,0.1670137426285992,0.006925939916096534,0.0,132374.85,10879.35,0.6542967301787993,1,100.6542967301788,313
205,0.19992911118187043,0.24052470554201982,0.1633099029653891,3.4541418223517955,0.5770555446258772,0.4775322197612093,0.2113492036022623,0.1111185766365284,0.09492143062942526,0.021114588860464002,0.0,388156.3,20278.25,0.0,3.6923527779460854,1,103.69235277794608,431
206,0.2035498536686481,0.23740805117737102,0.09831729939723086,3.335491139313173,0.3504295363630402,0.28764468396660253,0.21017216103570407,0.1021831549976934,0.143260894192489,0.041937181147759,0.0,582048.85,39611.1,0.0,3.34591307457625,1,103.34591307457625,414
207,0.15719928293801028,0.2999640087707306,0.15586185124552243,3.3158709007398257,0.613834235973763,0.3951061418846817,0.4083255979887335,0.19656826012658477,0.0003294313308673081,0.27177992908032034,0.0,1697.95,241259.7,0.0,3.539463899453301,1,103.5394638994533,422
208,0.03153836599828076,0.06138634377745265,0.03299794336027355,5.606308343856595,0.12878787878787878,0.07822926990419557,0.0840436075322101,0.03772712256359432,0.045078545388108,0.0,0.35489412783946883,213550.2,0.0,786378.5,1.192480858755975,1,101.19248085875597,326
209,0.17623720336738774,0.20451176478837066,0.0859421449741931,2.0269263362098338,0.3861387000889831,0.2958982192454699,0.20448848475877085,0.09961329599575922,0.038481266417469864,0.2718916544661182,0.0417484656023535,166439.7,247928.25,71096.4,2.2723453307249057,0,2.2723453307249057,80
210,0.21526536160649185,0.19505190633884467,0.12919846582654781,2.4186536655582027,0.4502380952380952,0.36498967892123685,0.1532598415921252,0.08175047948663798,0.028104981370312993,0.02786076723296598,0.0004294764589387834,120744.4,23372.55,498.8,2.6163407073963434,0,2.6163407073963434,102
211,0.17476094249355398,0.2776753696176798,0.14401729023852655,3.817185953536599,0.5847780930231158,0.35085202073307903,0.45672503364497324,0.19242294562194773,0.11875737205501338,0.0,0.2953926947238517,521744.8,0.0,602572.15,3.9626130162362307,1,103.96261301623623,445
212,0.16610022029461524,0.2774212463478187,0.1224405622764361,3.1621861582293884,0.5669357760169256,0.4233422382406162,0.25227037494187127,0.12438738681751256,0.0737179169549557,0.0,0.07033550458794287,305068.4,0.0,108049.65,3.205008010835396,1,103.2050080108354,406
213,0.021623282122438314,0.36549531285060965,0.2238663890378209,1.907744435272598,0.7151482966796527,0.5215201363117992,0.3177147547044274,0.16076510898377336,0.12681337552441163,0.2357085649320807,0.0,619067.35,241555.5,0.0,5.486459229388888,1,105.48645922938888,487
214,0.12945969346390612,0.2872001488287434,0.138417617840577,2.742986115375277,0.4948044579533941,0.5282927971428737,0.3109084523203923,0.16079875053673395,0.09417890115597707,0.027854505372366594,0.013167136349624492,390624.2,27090.35,23133.3,3.5786561913281254,0,3.5786561913281254,188
215,0.12818708219360364,0.22670563939153418,0.13825686971327167,2.576842172350472,0.4603421575502571,0.30779656616419404,0.1941612494127062,0.09804218442309974,0.02549389442385494,0.16269414787094022,0.21657751023771618,119220.45,147099.6,398203.35,2.683028037646193,0,2.683028037646193,108
216,0.09070797065469713,0.24794970363485272,0.16245855955744876,2.4600050205664177,0.5215336564738708,0.33035472880518035,0.31253604099813775,0.15710923019668188,0.01878187721738449,0.061920450989707033,0.24848248705133077,89646.25,56087.45,458194.2,3.160690057161358,0,3.160690057161358,152
217,0.1680821889629891,0.24868564285687653,0.14740276926026308,3.245631374162565,0.665423679560808,0.35613339083857765,0.4422190384478227,0.20164757071359968,0.03465905044036548,0.1711713797054263,0.053066915923749534,163168.5,150247.55,92366.45,2.924609975672819,0,2.924609975672819,127
218,0.1743635306403219,0.260767191146279,0.1290058947937156,2.56465567775509,0.5717664449371767,0.42613170608167666,0.25206335297688065,0.1218049409414426,0.01183232388401289,0.000669687057807416,0.21984504277601027,51414.1,1231.05,364830.15,2.919626230689836,0,2.919626230689836,126
219,0.19923472061778852,0.28383422623050947,0.17003804347334317,3.6153016587087463,0.7935908760973472,0.5451486592952224,0.3059173587933376,0.14893398191143997,0.018210978738777184,0.028802479308088724,0.3604494725959566,83261.9,25409.8,722520.5,3.595379521756409,0,3.595379521756409,189
220,0.18404073967976115,0.2975033066200913,0.13656410326112361,3.162148690035315,0.5603525427202393,0.4400278722944275,0.2446408741696467,0.11533125353592584,0.018049931896833574,0.11257256166787248,0.0,77670.7,90974.45,0.0,3.0297157280328104,1,103.02971572803281,396
221,0.1324725733088674,0.29734603995786957,0.14527047699703352,2.538570036561594,0.5946325797004899,0.38254045289299266,0.28250664330807734,0.13495290379892996,0.02593253555191291,0.0,0.11233016909614602,109873.75,14.5,176933.35,3.2401612793300596,1,103.24016127933005,407
222,0.15469475507578517,0.2243260609243749,0.10078539787842758,3.719002997788702,0.4219284801916242,0.5386650404383211,0.1767898273770226,0.08454513218465629,0.001103498911717324,0.13661346677895522,0.29992834660317,6625.05,119230.6,597868.35,2.310833640544347,0,2.310833640544347,84
223,0.019231289372805764,0.0,0.0,0.0,0.0,0.0,0.0,0.0,0.09317684088356246,0.07863481584911329,0.0,429265.25,75797.3,0.0,1.3653411607724426,2,201.36534116077243,495
224,0.15697886089100455,0.14406605993540927,0.09343532270996006,1.87347715495717,0.3251778093883357,0.1857025047129647,0.14549714982604753,0.06880034546098775,0.011998003940976863,0.05889931012376635,0.3210401343415027,63051.8,54061.8,638401.65,1.9184359168565586,0,1.9184359168565586,55
225,0.1343699408915592,0.1648490079951801,0.06747843361136933,5.03447333781452,0.27192491842923566,0.3534851507819748,0.3271537422801254,0.11936110693789981,0.12462969045760572,0.009385479631690485,0.0,514670.25,8727.55,0.0,2.407618161223369,1,102.40761816122337,363
226,0.2138007487519788,0.2313227689600105,0.13698658227048446,6.372937608931198,0.4634634645087086,0.6019562257039064,0.27504610980029187,0.12299766449580171,0.03883745963689581,0.14527418446198304,0.1047213279936908,160062.6,118741.95,158886.65,2.738454331727173,0,2.738454331727173,113
227,0.03944874039782641,0.18735787495663841,0.11294610041445527,4.915564187855196,0.3576730121895477,0.32965190907636016,0.17639781045939099,0.09395028046424887,0.026636518816208543,0.12458250833525637,0.3131281934024983,128889.05,117173.05,669436.0,2.3253881549886106,0,2.3253881549886106,86
228,0.08400160721786301,0.30287390566897454,0.11272190359826577,2.4163892729385665,0.5047148819678464,0.5871516993166718,0.2734202783913834,0.1394280222919449,0.1125080573486686,0.0,0.16482263093801014,487527.7,0.0,297192.0,3.605822108265162,1,103.60582210826516,426
229,0.1834212453179105,0.05485176896209627,0.02381498569494416,1.244370139235155,0.12815533980582525,0.08957472660996355,0.07533414337788578,0.03509113001215067,0.1192432259990337,0.2632691173490327,0.1712253600079848,538947.6,258695.95,327263.55,1.5051545228529914,0,1.5051545228529914,35
230,0.21226620260277862,0.2477223305735114,0.13893950067956337,5.062190052540872,0.6354538988795277,0.5325175310001885,0.30997828283920476,0.15750418616060674,0.07072801534398303,0.16227570200061991,0.0,293952.7,136534.9,0.0,3.158313649764858,1,103.15831364976486,403
231,0.022351351863971285,0.11241878074605682,0.06069865033485585,5.5672684150982406,0.16361112249685578,0.18890034772655057,0.14402964999107437,0.06707000228237504,0.14716745631022388,0.15091558215230524,0.0,682819.5,146032.4,0.0,2.2916749873051407,1,102.29167498730514,358
232,0.10972390782472567,0.3617783626065215,0.22263072532297729,2.3006655480586584,0.8106691300667205,0.5271082763922976,0.31851469571813296,0.15437702788956947,0.015245943309548862,0.14272649695343217,0.2556904629548205,81115.9,131609.25,501135.95,4.4099312587991735,0,4.4099312587991735,264
233,0.22620728366318993,0.2925772334545076,0.14170125830343447,4.2568681115723965,0.6645582462317832,0.5661307964338235,0.2911170059182821,0.14275219764789443,0.07318529625190795,0.003706370034661008,0.0,280766.4,3353.85,0.0,3.638498734103796,1,103.63849873410379,428
234,0.21631317232078842,0.0,0.0,,0.0,0.0,0.0,0.0,0.14784429459014722,0.17090956173028898,0.0016370844912211688,626215.85,150363.55,2792.7,1.656152267942185,1,101.65615226794219,342
235,0.22668803150871852,0.11622203845897124,0.0692904726143747,2.496376469775156,0.27259016393442626,0.20370203485114596,0.1283052618790083,0.06799270326984572,0.01936654899247387,0.19600454688241792,0.34889680382543886,99541.05,169758.75,725346.55,1.6016656711427464,0,1.6016656711427464,37
236,0.15770720133231467,0.06720502862296267,0.021175432113937458,3.803041302714484,0.09519838987924094,0.12431888778310565,0.19001688832594468,0.08566422389094966,0.0003081820217890346,0.21623841477935093,0.10780967444047813,3091.4,187282.0,177081.25,0.6609959267075811,0,0.6609959267075811,4
237,0.05857155637624578,0.1495995720607639,0.060995959467749786,1.064145611308919,0.31007893139040676,0.16252724904820623,0.16457094578540804,0.07290180516638571,0.049477568388572354,0.2630281781028414,0.0,245487.9,254580.85,0.0,1.9218089148066204,1,101.92180891480662,348
238,0.20149649386867657,0.3110451697780177,0.17515894403325966,3.3987390463927367,0.6891596677875549,0.5136333373432459,0.3287632756819301,0.157603386974824,0.12284300512714844,0.0679263629641586,0.001709787810465781,503930.1,60527.35,2644.8,4.355060494896233,0,4.355060494896233,258
239,0.16647019750036676,0.27364186810100144,0.17643337365137426,3.518897460236212,0.6137814380987968,0.5697394931388864,0.2867387909583028,0.1435217159028108,0.08587641947229585,0.2651906933858791,0.09291359236072205,388398.45,250538.25,163091.65,3.908712335364063,0,3.908712335364063,215
240,0.17366656825603777,0.09001956672582614,0.03839687281055248,5.044305689070789,0.10740899663877565,0.1755812191453633,0.15322094316613286,0.07119783768850385,0.0017474551901335296,0.2907069743318032,0.2503978415587581,8308.5,264881.65,471135.45,1.2097473507492307,0,1.2097473507492307,26
241,0.22305764876854295,0.1359051154436809,0.0803508088881522,2.6770462120924705,0.3139041095890411,0.18010718883992793,0.1474985889105094,0.07239422224956264,0.13202541195764067,0.016473516576883722,0.10461630943787067,531742.55,15493.25,165938.0,2.5528811494621566,0,2.5528811494621566,97
242,0.013309793683107479,0.060410431808465156,0.03360410431808465,0.9108580860114583,0.12875,0.12100332426715019,0.0508310667875491,0.028165608945300697,0.0002787831533990557,0.22613100362273592,0.02065403826551663,1371.7,202541.8,34934.85,1.0875984816325337,0,1.0875984816325337,20
243,0.01525781805625967,0.37108655712640803,0.16440620639359182,1.8396072479107037,0.7191194699298176,0.4926754983529496,0.3347018394290914,0.17262266221795905,0.06849892772934464,0.03673073692700725,0.00976440640825818,305004.6,36023.8,16450.25,4.325101076246232,0,4.325101076246232,253
244,0.18803982453239176,0.26547781489710154,0.13332210181559936,4.078847060090038,0.6821153257516894,0.5555771284981651,0.2896948684281757,0.15472800307365914,0.019055717099062053,0.10377432596926492,0.0,83717.2,82561.55,5.8,2.8109313855110196,1,102.81093138551103,383
245,0.031595671056648775,0.29326236170258274,0.10549434811592033,2.2135182420410637,0.6293232287605512,0.48876448819091634,0.3418009405043648,0.16943457130471878,0.05562020979173339,0.18721246186391688,0.0,256826.9,170741.85,0.0,3.0327471699063104,1,103.03274716990632,397
246,0.07315849822600506,0.30355731314803935,0.16598347826620657,2.697420102429853,0.6120960077466094,0.49215611730895786,0.345910624798287,0.1619332578927551,0.04379938266049218,0.016275422907519006,0.0,180526.45,14376.75,0.0,3.7022272758242023,1,103.7022272758242,433
247,0.08163214443894588,0.36759668100982834,0.1701602141670109,2.2512090734646573,0.689699448825424,0.4545845398540293,0.36649662260751115,0.17891883753845947,0.07801282660617052,0.20572667239044523,0.33704317075994167,380733.75,212219.1,803755.3,4.4083939727343875,0,4.4083939727343875,263
248,0.18712646432420305,0.34317049898527,0.24231224692777617,3.1736081853392455,0.6540891222598539,0.4899190142451072,0.3353617528569499,0.17471923289794283,0.06637201619592999,0.25567084830184417,0.21372333203578653,288716.75,235104.45,384400.8,4.977595051409328,0,4.977595051409328,294
249,0.21417129572059973,0.3476943830315305,0.22695127577744095,3.652805550711424,0.6397912514376546,0.4505295126437937,0.3711863635387414,0.17828412381746495,0.011668638406473586,0.0028538525075178143,0.37267459727899843,54567.85,3226.25,744299.5,4.6792946051503765,0,4.6792946051503765,282
250,0.18989623606604517,0.06775510204081633,0.03387755102040817,3.3402751895493985,0.136,0.10449333746513789,0.06535481871707469,0.030151843817787415,0.053452118446897456,0.24879573098781488,8.305118393095573e-05,229994.65,225438.75,172.55,1.1293278290490463,1,101.12932782904905,324
251,0.1440597288620502,0.29385478944806886,0.1303261880861964,3.2256088562207177,0.6770358818391944,0.5680576622715063,0.2837297220084105,0.14821261572008307,0.01313637254471715,0.2223867599773798,0.34576786168065776,65342.8,203010.15,743378.75,3.1122024434643567,0,3.1122024434643567,145
252,0.0686181666684769,0.2806423739767718,0.14777614349772616,1.651745851058865,0.47560555119770387,0.42402826808818334,0.2504848782899141,0.12548685362190254,0.10097201151300843,0.1114080451833523,0.0,454838.9,104485.55,0.0,3.708586450919892,1,103.7085864509199,434
253,0.17726766190383125,0.22556295293532674,0.14459593143838187,4.190874334838993,0.4701457859122652,0.6393164938638617,0.23630749213244512,0.12437601400369316,0.15731185486690696,0.0,5.7878388880467864e-05,642829.95,20.3,131.95,3.905621174133177,2,203.9056211741332,499
254,0.13576872213490543,0.19005313508896649,0.12438967863326837,3.260657931542148,0.3890091578874888,0.37902302095654106,0.14799224559835059,0.07298473344510832,0.1140166400332163,0.03121813336892975,0.0,471814.05,29081.2,0.0,3.0710946510637385,1,103.07109465106373,399
255,0.10846373490010808,0.316122353652691,0.16359175785988175,2.5392047142378225,0.6598043781118882,0.5162212354391057,0.31557347115850554,0.16820529340238874,0.046425089234406594,0.2623172645703723,0.009329635977193728,205540.4,241678.75,14805.95,3.7633696798638963,0,3.7633696798638963,201
256,0.0940530158592802,0.40109749994266847,0.17244946795265856,2.098312354208719,0.7977034721120487,0.4912059790848325,0.3440832645625954,0.16471075635257212,0.04579715613309422,0.17583904920949225,0.037731487993947835,210729.95,156178.05,58462.55,4.2204848813634195,0,4.2204848813634195,239
257,0.16266279993424926,0.12594363842745007,0.07993139347745251,5.057777459788109,0.2396088325688092,0.20415953500428358,0.2744184553647895,0.12142200963092695,0.14418327924848479,0.0,0.3522204611945241,636376.0,0.0,784099.1,2.668194753058757,1,102.66819475305876,375
258,0.0549230599292659,0.3071875432809521,0.14726444080461873,2.183888097653933,0.6594329785861834,0.45650928961452913,0.3641656189844533,0.1793250914010176,0.1281748948046716,0.0,0.024161908033087494,542590.0,0.0,39986.65,4.226709849612334,1,104.22670984961233,454
259,0.12562833313764876,0.38023960606950963,0.21491013031951253,2.8144533742956233,0.7015823873409013,0.4247468925574445,0.3832974872083805,0.19195562023417495,0.031070096743790954,0.10877529192923167,0.14198710460034544,155518.3,95175.1,226230.45,4.339926004839623,0,4.339926004839623,255
260,0.21390473134202778,0.19040456524733912,0.11407292327410812,4.3176064070777995,0.4296935365761277,0.3515354289991409,0.16511669438595986,0.0833478766148992,0.0002487700209798509,0.18473885515373753,0.2774718451829913,1735.65,152899.6,501900.1,2.4388057133541667,0,2.4388057133541667,92
261,0.09518535444740028,0.35410125950691385,0.22984593075580967,2.228196230736641,0.7490572068180323,0.5791795713649232,0.2826275273267005,0.1381929013083763,0.030393913901368273,0.13542413291211403,0.0,148145.05,119925.15,0.0,4.468667928843034,1,104.46866792884303,465
262,0.02233810621451033,0.4007975964698301,0.268932701471033,1.7054976135169944,0.746268086092986,0.48932558222001166,0.34035466822222726,0.17028521917102074,0.1484700271351696,0.0003289604070901175,0.3200041579848585,685735.45,416.15,715016.75,6.492108923856438,1,106.49210892385643,490
263,0.04590373021498149,0.040682489808593104,0.01898508044910844,4.910202704737606,0.12307692307692308,0.07959381044487428,0.08152804642166345,0.03887814313346229,0.01920968900359519,0.13027848784304372,0.22115987447797053,99429.4,122871.55,422096.45,0.47314023298549523,0,0.47314023298549523,1
264,0.20598062934108335,0.36235269819644494,0.23046074441272962,3.466749922753465,0.6987602738564749,0.43824022076275676,0.3797182811904779,0.18204149804676534,0.11320570107666157,0.07751779447618852,0.2016876931655323,485639.8,71569.1,369686.2,5.1797484707014325,0,5.1797484707014325,301
265,0.08418129759417697,0.2717676769284922,0.12014723834886724,2.725249974477927,0.6054046722705477,0.5378951428783901,0.31315854260732245,0.14894631451428744,0.00840238481682853,0.1580288458493911,0.08831593478046484,42761.95,135843.25,143410.8,2.6709712080140653,0,2.6709712080140653,107
266,0.09293205564163351,0.3423892556062325,0.15201539487256183,2.611325202252229,0.654853160885839,0.5647756480014832,0.2926890323260369,0.1425353196724799,0.0030521947916615716,0.10579711200810182,0.06903562793253396,14906.0,85293.35,103940.35,3.4666459571746477,0,3.4666459571746477,182
267,0.06326167013834415,0.14128473226990626,0.09411574575790675,1.3649121553022832,0.2763157894736842,0.20018920494660755,0.1314180294589628,0.06839276559442965,0.016467328175702598,0.2778720972226887,0.09893620122682029,87421.95,268067.3,181999.65,2.034498636386189,0,2.034498636386189,62
268,0.18445222427728455,0.24495065254154982,0.12425613819067505,4.521587684036353,0.6073663358841304,0.6059668015456786,0.26142179185369924,0.13261140660062215,0.033909112800040345,0.2686828494049157,0.2700038840395462,157496.1,249562.4,532495.1,2.8875458696499448,0,2.8875458696499448,124
269,0.22707246488642324,0.3268921817670202,0.14898193605543653,3.268794633403431,0.775466985901555,0.48002020412723845,0.3433882751007696,0.176591520771992,0.12889897934299435,0.0,0.2968255572647523,533484.0,40.6,581142.6,4.440115576296979,1,104.44011557629698,463
270,0.11265854142813891,0.2365410051790658,0.11832507409527118,3.003957880232879,0.4736233401526029,0.4486076328715984,0.2335560429607852,0.11783632416761644,0.054020436927210855,0.06407701403199653,0.2843584035422301,245035.5,61533.65,574523.35,2.73707910810269,0,2.73707910810269,112
271,0.12432561132122251,0.2739106939268733,0.1400957627707921,3.1812554490871223,0.4935208940168243,0.5727728485084261,0.260005949332695,0.16722120215887887,0.024530614646609803,0.2932347716824165,0.0,107450.8,271408.1,0.0,3.140785171595789,1,103.1407851715958,402
272,0.2347477404528299,0.24362612747790252,0.1069536794067633,6.477926417640529,0.45127197989626744,0.37571107528291964,0.42367815868901754,0.20061076602806288,0.09137323579381781,0.2664393678681238,0.3349534084584548,394591.4,249257.9,706914.15,3.2695128946218968,0,3.2695128946218968,161
273,0.22892271597927363,0.3181626571909689,0.22175114948102853,4.288178457306737,0.729380755889403,0.5307707740415424,0.3097538680977434,0.15947535786071426,0.009167584330375445,0.2436125280485597,0.033325963629702395,42848.95,195671.7,51825.9,4.337772653047711,0,4.337772653047711,254
274,0.17715882267501093,0.22316038352187464,0.10549069471579578,2.9652395173457986,0.4651998794918173,0.4957956877514588,0.2055500448231539,0.09865426742538726,0.12074775490289553,0.20984877032020774,0.0,535856.2,194926.4,0.0,3.085123473767729,1,103.08512347376772,400
275,0.15110563190380497,0.26209007525447653,0.13918281028249305,3.5117532036826,0.4986916384729277,0.433304237915112,0.3915341251555399,0.17516163692934805,0.013227598431668463,0.23115727878291784,0.03550988192435809,61224.8,203729.35,58803.3,2.931866702947611,0,2.931866702947611,128
276,0.040592457954051364,0.2931689944522945,0.127540419406929,2.2065511728836538,0.6705449902285003,0.6363021622770628,0.23691376432568362,0.12678407339725362,0.13207067598307504,0.0245175168812662,0.056251181894294636,597233.25,26149.3,96868.7,3.9051594244304315,0,3.9051594244304315,214
277,0.19379085548934163,0.10364033607845366,0.04163229182003401,2.6699723593080313,0.22174711561101956,0.22252029899255713,0.12042913714995222,0.057050563857490647,0.013756413940255906,0.047643642015704125,0.0004153080402325116,56142.55,38630.9,638.0,1.0834643031964353,0,1.0834643031964353,18
278,0.03721287962256753,0.31107402421865554,0.1556220831634267,2.078891735536551,0.6335388872807156,0.6616770459922339,0.2235377820002477,0.11478517200751841,0.026930376723200707,0.00028351103376526106,0.00035593836103328246,116648.15,205.9,358.15,3.624685004840377,0,3.624685004840377,192
279,0.05266515988551126,0.2713445405152589,0.08961011617467463,2.543716018189051,0.5314371788055998,0.4653327273021257,0.3605182504978558,0.17414902220001846,0.10359816371933143,0.0013568512976369568,0.25935856047456063,472057.65,1827.0,516708.95,3.200052463398184,0,3.200052463398184,155
280,0.059137065756317705,0.3076492111740733,0.19120230291104107,2.283567738817209,0.8162530238512448,0.5967299532719308,0.2676324034713966,0.13563764325667266,0.03155747819651916,0.09638470741091917,0.1379513917269592,154726.6,87024.65,227420.9,3.7717820770955734,0,3.7717820770955734,203
281,0.17891157726681473,0.19596142204287453,0.11333937319038553,3.5270625707231194,0.5167126386258294,0.5057419980252024,0.19826383631825578,0.09599416565654187,0.1108760615747217,0.20762132590388668,0.0007470669237651386,499533.7,195921.1,1890.8,2.9372632424780245,0,2.9372632424780245,129
282,0.20002454407575718,0.3037642533878341,0.22636649876841722,4.020175380803969,0.7399570550802338,0.5692230329772798,0.28241106618209594,0.14836590084062423,0.06614689033637418,0.022013775570935045,2.4256354968366806e-06,259993.7,18970.35,11.6,4.550247498806705,1,104.5502474988067,468
283,0.2107085330318962,0.23494075646978044,0.10744823311477805,3.807297243728958,0.528463553403785,0.5352583798011498,0.17641942633779323,0.08832219386105704,0.013953659028909571,0.21469006424719045,0.014733223321512284,62879.25,180429.3,24410.75,2.4983537085494376,0,2.4983537085494376,94
284,0.20197744973034296,0.10023108543970047,0.04092232053998827,4.841957558473992,0.21769443129126503,0.20198516195065724,0.2808459104871054,0.1171689275622374,0.07335475008801981,0.010392381350210266,0.0001331816836409599,289383.75,9641.05,197.2,1.446433998060201,1,101.4464339980602,335
285,0.0122866238205992,0.39049442951111824,0.17720788185848096,1.6997767760441547,0.7200295540719401,0.5636242314201058,0.2886616655038344,0.14771410307605987,0.0951526325015873,1.884449979948681e-06,0.17230242423505013,416821.35,52.2,291766.1,4.840963687573035,1,104.84096368757304,474
286,0.16798693037794346,0.25983774534244136,0.14078047412820652,3.641229120210178,0.6049447968052619,0.3515054170425172,0.4508682484283183,0.19749277860262038,0.0705941187573814,0.012435880308058749,0.07418793171392112,290974.4,12559.9,118625.95,3.2886393836541887,0,3.2886393836541887,165
287,0.23273109425156044,0.25574893659271936,0.1526945636296319,4.396406300991033,0.633984745071192,0.41119324995853257,0.3990604240975104,0.18974632594395702,0.04410862192637361,0.0,0.09369191908806103,170975.3,29.0,134770.25,3.3034393120380394,1,103.30343931203804,408
288,0.19154321612564276,0.2872696080675265,0.1824101968647847,3.528099051215494,0.7474079287392416,0.3939438477582205,0.41416476058902185,0.19189139165275756,0.0476836970427807,0.03643583349811368,0.18349386496166104,209482.95,34050.35,309166.1,3.7597093273253246,0,3.7597093273253246,200
289,0.026070402640796252,0.3395726259896211,0.15046357474052674,2.29349191935919,0.5970630717268456,0.4369884408866437,0.3847751701762066,0.1782363889371498,0.1577131061066296,0.0063468660489661224,0.19792747645023037,715158.85,7535.65,366835.5,4.727367368765494,0,4.727367368765494,285
290,0.12005552773268288,0.3172871160898224,0.15501074705603538,2.9802692908543538,0.6529052938140223,0.5351136375524488,0.30638873112798937,0.1584976313195619,0.02524799996952868,0.13739815608711595,0.0,109750.5,114206.35,0.0,3.303563504127061,1,103.30356350412706,409
291,0.20448896690904425,0.2552870439920767,0.13968007132312196,3.1245180533220585,0.599742739487405,0.4821484134384332,0.20994626924165444,0.10790531731991235,0.0384530237557271,0.15556180766548733,0.3650955748116004,181483.45,138389.45,797054.85,3.060019273215772,0,3.060019273215772,141
292,0.20955775859355086,0.26158250911772696,0.10022584865211306,4.915224047561926,0.4941891819634063,0.603770848133036,0.26091234487991644,0.13531680698704746,0.08362636495733808,0.00021315510205001343,0.12083874391226375,327691.3,152.25,180390.15,2.9882776471552503,0,2.9882776471552503,134
293,0.2290557568581964,0.047725369801842034,0.02456042422550935,4.465263775617684,0.08207547169811322,0.11632471008028547,0.05578352661314303,0.027891763306571515,0.07395835120367474,0.20870623853246015,0.0,299912.2,176421.5,0.0,1.059221892532528,1,101.05922189253253,318
294,0.171875535022849,0.07203386597538876,0.037289015840041545,1.324274640992713,0.13548387096774192,0.09871841816184548,0.06744782131087514,0.033833760527279384,0.10706859718226296,0.0,0.19808485687993627,449714.6,0.0,353209.85,1.6324542098720598,1,101.63245420987207,341
295,0.16987051381567095,0.26657180111236534,0.14075066912066653,2.35767139050629,0.5434890610882929,0.3940270034337989,0.2754556623976364,0.13051733416856476,0.04084454952764735,0.15525735181039435,4.4108687088947334e-05,185444.85,132999.8,49.3,3.0279475148054686,1,103.02794751480548,395
296,0.23050678503141078,0.3153744766223891,0.19314406210014715,4.673407639432905,0.6835322441220741,0.5411820763966996,0.3022439130304062,0.15657401057289427,0.14413255855890378,0.25283460651138995,0.11078313794191974,622416.85,232126.15,191395.65,4.882757614393896,0,4.882757614393896,291
297,0.09234725487619497,0.12499203126527698,0.06785035240279476,2.7165242732105472,0.2521039603960396,0.254548647350198,0.0958061229561155,0.04964522969368653,0.1158348088916841,0.06013702135520525,0.35053450509743456,527391.1,59808.15,801465.75,2.2306533713662193,0,2.2306533713662193,77
298,0.15016384517620698,0.18786400576447293,0.10113050787078817,2.037955868732065,0.3643899259803495,0.3385705756273555,0.17592983442042626,0.08549958995221826,0.11751076552104696,0.0008936519146934656,0.0,483744.65,1307.9,0.0,2.9264128703958066,1,102.92641287039581,391
299,0.09699338046579718,0.3621214909945337,0.14997823333729493,2.385464389003957,0.6530245438544628,0.5273304283745576,0.31869532730777717,0.1539742443176652,0.012221134090501478,0.025347710131740676,0.16963535476046132,55395.8,22910.0,285007.65,3.6479924821287035,0,3.6479924821287035,195
300,0.18609111624245775,0.30648952599303214,0.12861813359203006,3.1646686829325517,0.6318123790923595,0.3990119680083507,0.4107408569865294,0.1902471750051199,0.02291312533704083,0.019282568326482747,0.363151662286392,95147.55,17436.25,750414.15,3.248108535051962,0,3.248108535051962,159
301,0.11798645877302309,0.15220155432882834,0.09189649763858779,2.6522984119508095,0.43798510401197105,0.3257012467123659,0.33036468148939563,0.14393407179823847,0.005349664604298748,0.11854395648346983,0.30354219717877606,31981.2,105445.45,594839.3,1.793316268060122,0,1.793316268060122,45
302,0.2162498320925784,0.12108603546494279,0.08117115284823902,2.8979056231060674,0.25767214450631537,0.1535897371195855,0.16663965630113173,0.07977060657928274,0.0008019113965522269,0.162784594010761,0.2665672310120876,5328.75,134107.6,477661.9,1.7041220979884417,0,1.7041220979884417,42
303,0.03569602653541852,0.3251062129159551,0.16857312224090484,2.068932983848087,0.6853454789225599,0.6186391109354143,0.24355799268190478,0.13780289638268087,0.1413597406808627,0.09807602131308737,0.29631682922802033,692050.2,101890.05,686676.5,4.6203816672255185,0,4.6203816672255185,277
304,0.13996011751759296,0.21994497584328038,0.13160924714369243,2.6074363591752174,0.43625488842880145,0.3038203344907811,0.1999751687645065,0.09620449674471246,0.02033147725260146,0.24675579080806945,0.00020711742036676116,91051.3,223117.3,377.0,2.724665772400854,0,2.724665772400854,111
305,0.10160218095827074,0.37730768509306795,0.23469137750962976,2.3459519484694917,0.7817045707570509,0.5105173287032004,0.32671857137268673,0.1627640999241129,0.1178134415222685,0.03331763114529151,0.015265463602354937,498684.0,31292.45,26619.1,5.425216354089977,0,5.425216354089977,306
306,0.16875765562649497,0.32604287668336107,0.16345233840312884,2.9334587737962443,0.6612538067029824,0.5459918650447589,0.30439571516486386,0.14961241979037726,0.13754638695091434,0.05495297534752558,0.17853569669380656,602554.75,53429.6,331619.35,4.381405032298171,0,4.381405032298171,262
307,0.032605098412856526,0.28749940355025094,0.16077769253593574,1.7315061973216301,0.587392650528166,0.4508280576002809,0.22954876353523054,0.1196231788644885,0.038883837303672515,0.21776056666329682,0.0,186061.1,198151.2,0.0,3.584441670396181,1,103.58444167039617,424
308,0.2038746152121771,0.12721163779824143,0.08260205190619423,2.53374215297433,0.2659639325189064,0.19121830932352246,0.14113985651108696,0.06764183416539056,0.012460078549373154,0.1492846394645403,0.21888065174838106,53884.9,125142.25,379567.95,1.6097329753714165,0,1.6097329753714165,38
309,0.06660108338785638,0.07658788548541703,0.027485301031217373,2.3419935860948424,0.063,0.17399536808022664,0.1531928767369699,0.07281175518280343,0.15064702119039972,0.12480562818027141,5.5430869650981886e-05,711161.2,122558.35,59.45,1.7210080612399508,1,101.72100806123996,343
310,0.22734032432526802,0.2306907972642723,0.1331400199273655,5.908129413554347,0.454923021536178,0.5730415325479296,0.2839812906683963,0.1429771767836741,0.006901249773638879,0.0008534007798963173,0.016248146087501164,28794.1,739.5,22508.35,2.8614140933346612,0,2.8614140933346612,123
311,0.23103583300701885,0.165216346725961,0.1033406064797622,3.6168819739231672,0.41118446576434164,0.30371371028619853,0.19473857981698442,0.10154770989681702,0.06928562000180431,0.014311640380215429,0.15181055293346674,272601.45,12649.8,231363.45,2.4324890844377056,0,2.4324890844377056,91
312,0.22136431762021647,0.28005489310329973,0.18796084382400008,3.891106142157061,0.6658549644378258,0.38586014990802703,0.27519403208748144,0.13894581800449154,0.09974253409531082,0.18503772303211044,0.0,408612.9,158551.7,4.35,4.198190743958153,1,104.19819074395815,452
313,0.06885115413466261,0.304895351581288,0.19295313421432583,2.448372643570202,0.7123971047320291,0.6203316741654751,0.24276298996580356,0.13690533586872133,0.06114187896040667,0.264350823338904,0.0,278052.0,249024.45,0.0,4.22255508612625,1,104.22255508612625,453
314,0.19052442715276732,0.17643234471820482,0.09645637948372895,3.1667282517005284,0.4021165272732393,0.3164718477224596,0.18920054872493391,0.09432760355260643,0.06867754130089702,0.0,0.3456668499810198,291496.4,2.9,696114.55,2.527977631862534,1,102.52797763186254,367
315,0.10617816135413012,0.08263109467920905,0.03559014833519365,1.5923291523881429,0.0903030303030303,0.22164859669357942,0.11962475970780469,0.05872664359861592,0.037002755063363,0.03743127402331168,0.3451742056350037,168375.45,34637.6,731815.0,1.1050569103533607,1,101.10505691035335,322
316,0.22091742013422372,0.07814171184084781,0.046000166013454594,6.973295692652823,0.09272415920010388,0.1646917034468264,0.2532176071878941,0.18209068936527953,0.0007310907642065813,0.15907799536742034,0.0,4363.05,125852.75,0.0,1.061690867010581,1,101.06169086701058,319
317,0.2242592973982233,0.27631836164075974,0.14448637472017473,5.263193535486208,0.6261289433744577,0.5543637526573767,0.3034575242584059,0.1421787230842174,0.01915570018533786,0.1260286402817568,0.2115291934073554,86035.75,103171.85,358422.6,3.0418558480686793,0,3.0418558480686793,137
318,0.18262666676025632,0.16402195418868523,0.09504218369232756,2.750015244628072,0.3885555028462998,0.27475704292630365,0.21408139092428816,0.11116156614940817,0.11676970547257999,0.2343298613281163,0.05757387632823687,494503.65,213225.4,98302.75,2.652719087680053,0,2.652719087680053,105
319,0.19890860249576386,0.20002531771295357,0.14158449949237226,3.675891844586767,0.4347822397146109,0.32126827243851624,0.3273815451450018,0.15135018241648196,0.0857368891310375,0.1467001612783569,0.16750125966041612,376631.7,134328.0,304436.2,2.9822669886403728,0,2.9822669886403728,132
320,0.21043988649204343,0.3301617395671001,0.20159868130551245,3.55558437245591,0.6871581755681749,0.4310784305121487,0.37584460402498454,0.19307696546286673,0.04487824100395444,0.005692428445093656,0.0011163183923592417,178882.15,4895.2,1368.8,4.303158063856401,0,4.303158063856401,251
321,0.17659291715627543,0.24610141170498778,0.12434193070567465,3.0552495185150437,0.49178841095499737,0.3446141750050911,0.311838933869228,0.1435468911256809,0.05229813579508369,0.22950934992015298,0.0,229060.85,204363.0,0.0,2.942556426792271,1,102.94255642679227,392
322,0.13313048662876759,0.2781560859854101,0.10981116565155871,2.6246057134681022,0.5654026546154545,0.48209206402221083,0.35386060872152525,0.16404732725626395,0.04110089214610455,0.18224668495206106,0.2857809141737293,198728.3,174833.75,609684.4,2.7866871192319347,0,2.7866871192319347,117
323,0.20184980261596017,0.348381877595294,0.21262754253288163,3.6781521997905386,0.7564345511547808,0.3874952251608241,0.41129492845893195,0.20120984638024395,0.12828172416879557,0.1481592156803893,0.0011212344229055773,534232.2,126756.1,1995.2,5.023649869810598,0,5.023649869810598,298
324,0.17918902699011768,0.03641006941917538,0.016470906551041026,1.6931727494806612,0.04732824427480916,0.06656955571740714,0.09249817916970139,0.04093226511289148,0.06479635005739211,0.27583680393342414,0.00027385098796868594,286109.65,256239.65,572.75,0.9580113844920586,1,100.95801138449205,317
325,0.1572091070297706,0.24733225987009,0.10210603866432273,2.868836709046822,0.42978603603603605,0.39429577685890604,0.27636184407948805,0.1293423790616059,0.030819069351007596,0.1654963608179234,0.0,143745.75,142849.65,0.0,2.386891363106126,1,102.38689136310613,361
326,0.13851618682016292,0.349305463885296,0.18457355721772178,2.6865579595827387,0.743121700804098,0.5241119953700109,0.32083892206661363,0.15504908256337552,0.017129605219315253,0.06570535892730926,0.3320843559760845,83617.15,59338.35,690136.2,3.978868765407124,0,3.978868765407124,223
327,0.045679131832698366,0.3079759362403898,0.13977299480798316,2.2671305541494045,0.5523233393024191,0.6006321355736831,0.26696767624922046,0.13240018817709642,0.026923256571978436,0.05447944881369852,0.38706929406496016,130022.95,50520.9,863936.1,3.408105756821228,0,3.408105756821228,177
328,0.10021729397154536,0.3775014897304632,0.15494826538706877,2.2718907100406946,0.7849227383764359,0.5369154578835718,0.31260314049749705,0.15041485695082285,0.012986499565913403,0.18551170187605437,0.21861426250341204,66169.3,174530.7,420225.95,3.773560938993462,0,3.773560938993462,204
329,0.16900832612499675,0.2250590441766427,0.0970069368585003,3.223858570891501,0.57235134974861,0.2874407624659587,0.35552654833116504,0.1570326892028763,0.14360715858863998,0.013974943778743967,0.12486572014825123,616181.85,14795.8,211238.9,3.1907731290972463,0,3.1907731290972463,154
330,0.20471292158352744,0.1261935184570228,0.08455637876912396,3.3487965799209993,0.32621468926553676,0.20082222889953175,0.1323043974171077,0.06687337368336062,0.05787058497869596,0.06960264265117118,0.3728682568847498,260232.95,63514.35,802905.6,1.9869885806814924,0,1.9869885806814924,59
331,0.12804297052103755,0.12613234889515695,0.06937906983391932,1.1239880108140219,0.2587301587301587,0.21597439759065643,0.12451627085815561,0.05950933155118794,0.030536803124030253,0.12360140321833632,0.0,140735.55,105723.85,0.0,1.4696208439590281,1,101.46962084395904,338
332,0.05462969651221873,0.2990687028924504,0.19654262684860738,2.3799793865986967,0.6235191483300395,0.41424853913146914,0.3980115860918795,0.18773987477665138,0.004938488954063099,0.2364737539726026,0.14064579773462418,22792.55,219382.1,256489.05,3.9339489013193103,0,3.9339489013193103,218
333,0.170628051068625,0.2796185090307138,0.16179435686002852,3.592923946616614,0.6313226750340153,0.5691058714504608,0.2860422691263317,0.1448518594232076,0.08981929972816231,0.08647448564506335,0.0,383124.8,76358.45,1.45,3.67681424294979,1,103.67681424294979,430
334,0.10862444540068461,0.2387758055886037,0.10449235295674068,2.0777998104581314,0.5031086371998679,0.3173679275309893,0.33841640052685995,0.14421567194215074,0.0554370067822458,0.23528876193222317,0.29190918052729503,259293.35,232707.6,642795.15,2.7774132767252264,0,2.7774132767252264,116
335,0.05628959860054452,0.12090301142428558,0.06415408153256041,2.8907697916272563,0.25321485532011845,0.16045819316515558,0.1626164821360678,0.07692532469877658,0.14264269484795794,0.22086360558308055,0.0,681562.35,219634.4,0.0,2.41264396777711,1,102.41264396777711,365
336,0.18905812494576976,0.16822248418873564,0.08383489439226643,3.2602292362899656,0.4010948905109489,0.2871889654466553,0.21515339330092242,0.09765764125242227,0.05343001274828439,0.27409539402745065,0.0,231306.9,245321.15,4.35,2.168415975275053,1,102.16841597527505,355
337,0.06554829552837126,0.12204081799496949,0.053811054692477586,4.4074635478884385,0.118280199604557,0.21971598411335802,0.25957416754929874,0.12070984833734322,0.05316927923635284,0.16804259083108458,0.25848745085024605,254999.9,163241.0,539436.25,1.4757603579191856,0,1.4757603579191856,34
338,0.21697289639250017,0.3379284203805593,0.18515921234900112,3.864772312102917,0.7843396338702842,0.4562924682725048,0.3617098084288636,0.18199772329863168,0.1480922706018251,0.0,0.22228862536656835,613310.85,0.0,405849.2,5.005245359105126,1,105.00524535910513,477
339,0.19940865766874927,0.29729040778078575,0.19578647757772646,3.4893527248795984,0.6018889666085927,0.5354211794122364,0.30687394728629097,0.15770487330147262,0.004697776368195731,0.04916353750909137,0.31233818103700794,22794.0,41963.0,587251.45,3.9218771146755316,0,3.9218771146755316,216
340,0.16614745716250404,0.07238673753480132,0.033308023285244244,2.919685948420425,0.13636363636363635,0.07181208053691275,0.08936241610738255,0.0388255033557047,0.009459071643660723,0.2066616206368063,0.251805496877285,46975.65,187506.75,483066.05,0.8725620239919873,0,0.8725620239919873,9
341,0.21317534506450864,0.31803236152920905,0.1783120269483259,3.272561743864312,0.7647672091015745,0.4750060071350014,0.3520736660133287,0.1729203268516699,0.0514893131108569,0.18320211310827256,0.33897226753387,232182.7,167708.45,731535.15,4.00028527364329,0,4.00028527364329,224
342,0.16439013872855965,0.306033412022303,0.16368329894952902,3.2023230988910627,0.6829933161031633,0.6093366339119113,0.251886145744869,0.13877722034321974,0.12224647453277056,0.05684892421865835,0.29164113911423345,538376.3,55310.25,594127.35,4.2169136014331485,0,4.2169136014331485,238
343,0.15412045549170744,0.05872810232530549,0.03566823480684798,1.8528285653721983,0.13636363636363635,0.08869320183163085,0.07389926030292357,0.03740753786544558,0.01817127870900597,0.13468391835648572,0.03814215936471674,93467.0,116977.3,65306.55,0.6798184900606183,0,0.6798184900606183,5
344,0.2136658455264253,0.2691325325395265,0.1267591130870509,4.60838479151179,0.66653800191492,0.6095542583460258,0.26233979160141446,0.1281059500525597,0.10686002764715363,0.002707144745968259,0.2749335757899416,432661.15,2644.8,500450.1,3.6190596727075093,0,3.6190596727075093,191
345,0.15970129394865956,0.13888038034210526,0.0693268254168444,3.9792702083132077,0.3174957349375954,0.3558153023659677,0.16663281583395256,0.07755188180007973,0.0786109572855562,0.029871185683131452,0.2658208704555404,349138.25,29996.15,501898.65,1.9260252693703892,0,1.9260252693703892,57
346,0.027676432408595485,0.22774169074199052,0.09850553828484797,3.617367399215122,0.45382098527080095,0.29635486502322395,0.34970945141026516,0.15393568356651086,0.0414637146167813,0.14531863626217817,0.31790125172355305,199037.15,140130.9,704530.35,2.4921036888430637,0,2.4921036888430637,93
347,0.11102681333212186,0.20333335238197098,0.07483652663624155,3.2177435040534377,0.3877579338569116,0.4353978050323624,0.24287763946730734,0.1217245555003302,0.10627763164023263,0.0,0.2748504139170457,478220.15,0.0,549294.8,2.586212734502996,1,102.586212734503,371
348,0.13001078841031477,0.28041481820736813,0.11644865460260034,2.2780340701373882,0.572827875348314,0.39649788286818843,0.28078948991809954,0.12271262721371205,0.007365680157463543,0.23743121235436498,0.18101036347536054,38878.85,218681.75,338493.8,2.8466277226564864,0,2.8466277226564864,122
349,0.18136568098242462,0.0002060380116902441,0.0,0.0,0.0,0.0,0.0,0.0,0.056405880743145134,0.0,0.26123182931658023,245756.15,4.35,482391.8,1.1669673913387857,2,201.16696739133877,494
350,0.03289695998057931,0.28606250139958417,0.13401151424607116,2.5617658448379705,0.45881895881895884,0.5277866186480078,0.30751546038489136,0.16469792096710087,0.013605764756919703,0.2026867779657812,0.24235068093308415,76067.0,185704.4,450274.3,3.1295610651630623,0,3.1295610651630623,148
351,0.15988079831833338,0.3421175402602458,0.225083428568496,3.0048530433590153,0.5996032592762532,0.4834920510386823,0.3523689519609841,0.1641389970003336,0.15841553672802922,0.023110857067767977,0.15349218863473246,697329.65,22077.7,272971.2,5.379658955308763,0,5.379658955308763,303
352,0.23073232594002233,0.20213200798339134,0.13572898919010998,3.2780195042174753,0.47974931453192327,0.2588259059839003,0.2259120540242341,0.11526203999186564,0.02591340017853485,0.003752797394942871,0.0,106002.25,3456.8,0.0,2.774545341169194,1,102.77454534116919,380
353,0.1627052842157277,0.21090103861215823,0.12444291050331655,2.4448229166063706,0.40545371342431824,0.3203759877437946,0.18563610326750424,0.09398790898870116,0.0,0.058515372525418476,0.20441744585369412,0.0,49168.05,326437.05,2.576235347590834,1,102.57623534759084,370
354,0.10235709709871235,0.13905772857447182,0.04658103176061542,3.8615784044844497,0.22527932926913335,0.2329338487159423,0.2500127297498424,0.11705342153421527,0.008888023542095015,0.20491244862231678,0.0,42322.6,176553.45,0.0,1.2733943432051538,1,101.27339434320515,328
355,0.22127137259145924,0.18324689306755554,0.08218041776307564,7.429793656107025,0.3332076974995307,0.5143944577072761,0.17605963324061755,0.10954590905210637,0.09235885049993747,0.1654193090494675,0.0,382855.1,142555.3,0.0,2.4126091803048135,1,102.41260918030481,364
356,0.14365293743446136,0.29710696214727683,0.19409026243959565,2.8402459402172515,0.6174270150157687,0.5927305407642135,0.26314878440372125,0.14412067483206528,0.004422456695768761,0.24447053254848564,0.34775221084286617,21755.8,231676.65,798191.65,3.953857068074973,0,3.953857068074973,220
357,0.07079062625951385,0.382195601137514,0.17248217213441136,2.1755922309174798,0.7661223237793366,0.5608257204116303,0.29702097837620134,0.14211586905794787,0.05629068821388521,0.11444975724622952,0.31383286076522476,264855.55,106924.45,649949.45,4.272744066790202,0,4.272744066790202,248
358,0.026597401635210995,0.09541741645169365,0.03584767953615379,1.230680350485421,0.22265512265512263,0.19769790450129326,0.13589993960286284,0.06640215589584388,0.06824044916948831,0.06262398087411448,0.006319786966511659,316372.6,60647.7,10712.6,1.3717568556590365,0,1.3717568556590365,31
359,0.12884487527623148,0.33883192341226004,0.14765113163045487,2.581657417993041,0.7340198813955904,0.4811661497924951,0.3398681154843251,0.17896573472317984,0.005240601429654013,0.15590205312284688,0.0,23940.95,128452.6,0.0,3.4207482780065503,1,103.42074827800656,417
360,0.20790908819146248,0.11000373924182591,0.051348533198969884,1.9517447740522555,0.2421453577930262,0.2567988193420513,0.09262514042086455,0.050576040237084174,0.11750397595111395,0.0022630425059399577,0.0154475360216085,443502.8,2066.25,23037.6,2.04018846660005,0,2.04018846660005,63
361,0.14753582056848386,0.3319672994198001,0.14195961881529234,2.667603804441184,0.6376881766636882,0.5169420919469003,0.3278662625861733,0.15519164546692643,0.13306593303246478,0.19205198293094328,0.0,610648.65,184888.05,0.0,4.16224285023454,1,104.16224285023453,449
362,0.03721698743687716,0.3728125998881649,0.20968038332632624,2.1099488218679654,0.7946364085256283,0.5159717408861658,0.3186898846729958,0.16533837444083843,0.008377769649991889,0.19829027264702795,0.17517650929226128,44494.7,177498.85,302197.4,4.477417039448066,0,4.477417039448066,270
363,0.21421744059110753,0.3129513261910936,0.15696882963044073,4.244478950312359,0.6692128937503753,0.4959749453602097,0.33919497909654633,0.16483007554324397,0.13858487109816733,0.21725213157843898,0.04886409534496323,611604.2,201390.5,88777.7,4.343466824042902,0,4.343466824042902,256
364,0.22665401031486548,0.3308363291606048,0.18583618217995498,3.9978941430425614,0.6624852683855847,0.48486543658260073,0.33673475550349913,0.1783998079139001,0.07644953577333552,0.16134648242534905,0.0,305529.5,133698.7,0.0,4.231859578697875,1,104.23185957869788,455
365,0.1295804043401746,0.1921139717953934,0.1035271822627311,2.1355396776669475,0.3859732396155312,0.2914781166960744,0.2027894373580899,0.10573244594583571,0.10935295562923679,0.14224974844193064,0.006324684266829225,469289.6,128343.85,10687.95,2.724555780213851,0,2.724555780213851,110
366,0.1851049622938868,0.2650772459519207,0.15744228839585298,3.4325269793966378,0.5938386599975922,0.36471707648874935,0.29847325750994375,0.1368096660013069,0.11518233960777575,0.08967514997380349,0.0049576553938172,491448.5,82112.05,7774.9,3.784444078318387,0,3.784444078318387,205
367,0.23055908585803603,0.2803378327830277,0.18801603865252847,5.103867879936196,0.6397974396112198,0.33411627029158825,0.4592310489529735,0.20665268075543822,0.14564555187503106,0.0,0.2591814533028305,619948.95,0.0,492269.2,4.758075512552656,1,104.75807551255265,472
368,0.22822360540626185,0.15294590798995328,0.10775401646898086,4.339726406141308,0.30385663950486475,0.31109881150982377,0.19316649064160465,0.09573469784857161,0.0,0.22740257136839367,0.0,0.0,181209.4,0.0,2.2335165122545413,2,202.23351651225454,498
369,0.20698993202105398,0.3134632134351124,0.14748376018532872,3.7396562254418106,0.6349226330972987,0.5853384907466967,0.269736636985604,0.14492487226769926,0.11377489290541791,0.20913608622051538,0.0,482520.85,186236.55,0.0,4.048376275286261,1,104.04837627528626,446
370,0.19302152686794288,0.33762111339647616,0.2513877476404797,3.2367819702968923,0.7694167216217233,0.5133279016524525,0.31794927416352026,0.16872282418402726,0.13532202054425327,0.06029939553103143,0.32073917516636935,593509.65,57647.65,681510.15,5.576063804788605,0,5.576063804788605,310
371,0.1627573961149971,0.2927432300703635,0.16738894536863405,3.311266947372,0.6025933502204945,0.5832387653082914,0.27010262724816536,0.1466586074435432,0.14699451806054556,0.02888666157495563,0.0,617333.15,25821.6,0.0,4.385679478907371,1,104.38567947890738,459
372,0.20825400394912755,0.05311551287411329,0.01874829338789076,2.152676746669039,0.125,0.12396694214876033,0.04920534011443102,0.02682771773680865,0.0344903202070714,0.007339620292317575,0.3050317460340407,149133.95,6700.45,582762.25,0.848773318032415,0,0.848773318032415,8
373,0.11615420195859498,0.3290527062480894,0.12965408361552105,2.5151234982560258,0.6258451048749076,0.627928241674743,0.24356450988449296,0.12850724844076394,0.05638953878349863,0.18530019389658592,0.001271058473439786,269035.9,174487.2,2322.9,3.3853391386006284,0,3.3853391386006284,173
374,0.22124356104097087,0.1165733373833346,0.05049036880918789,2.8764199038723057,0.3383985973115137,0.23395815007943216,0.11273517560607434,0.05330667431449354,0.01463223375707238,0.08747367306104867,0.24164152376745296,71499.5,75030.25,423485.55,1.2003254117181634,0,1.2003254117181634,24
375,0.1677950378401809,0.3684682570424623,0.198310259531018,2.7930455533299954,0.7966653223096054,0.5331439490665988,0.3192482670358837,0.14760778389751744,0.039763301540044906,0.20569488237557199,0.1510561782413863,198316.5,187643.05,268805.35,4.276634782851799,0,4.276634782851799,249
376,0.12376326949863554,0.0,0.0,,0.0,0.0,0.0,0.0,0.13213079487843332,0.049556185836495494,0.0,578435.45,48422.75,0.0,1.4903400284328339,2,201.49034002843283,496
377,0.2027558185788103,0.1366206636663423,0.062494041856513104,2.6488661354098366,0.2843790849673203,0.21646398468766423,0.12282608120355935,0.06070993410877641,0.1367017816400324,0.20399229133033442,0.0,595110.45,186414.9,0.0,2.37989775547441,1,102.37989775547442,359
378,0.18572128933154128,0.29167454846550706,0.1406956002548607,3.9209802521491923,0.5766754411108291,0.4240826004053143,0.3806726836684381,0.19524471592624765,0.024326328567881278,0.0,0.37678079656944974,98508.65,0.0,777714.75,3.342114206135678,1,103.34211420613568,413
379,0.06617631944336713,0.2933453782034988,0.15108264823252332,2.4050692431634313,0.5804710090424375,0.5887313231191555,0.27681749595344923,0.13445118092739525,0.12595759213086638,0.036713486581847296,0.31229242059209406,577685.8,38285.8,675953.75,4.167999017505295,0,4.167999017505295,234
380,0.030185194710098347,0.3425077241038813,0.1625829361883097,2.0153501234640467,0.6925023838496588,0.5176915086529534,0.3177277106775659,0.16458078066948065,0.06710788423936964,0.1569372981889182,0.04321476819343524,311209.15,147549.1,75420.3,3.970985138113594,0,3.970985138113594,221
381,0.18845314811174524,0.0,0.0,,0.0,0.0,0.0,0.0,0.08321650605540701,0.12057271249015629,0.31653892728955757,359573.9,110658.2,651005.05,1.1270574742504402,1,101.12705747425044,323
382,0.11841418209259884,0.11139365904038365,0.047224527779588805,4.007033810992895,0.25965794768611666,0.14635508493421295,0.18114266679407617,0.0725022482717109,0.015336039662278419,0.2575363301665937,0.02693668201386959,77151.6,231859.35,45891.05,1.2008087611434468,0,1.2008087611434468,25
383,0.15082212475144557,0.1288433645803096,0.07928421165765724,3.1478938379108246,0.27047522750252784,0.2626692188698523,0.08848714987271572,0.04884363125743203,0.13054667502294864,0.0,0.18418122486510516,548704.65,0.0,321621.6,2.4487170501790065,1,102.44871705017901,366
384,0.08594912659312692,0.19056853584458514,0.126167728981485,1.9478659827894877,0.3954505928853755,0.3768946173871716,0.14580178663823795,0.07730359597459041,0.06782096566622078,0.18591710420975943,0.00024922075189121566,307536.3,173080.7,420.5,2.756243211085233,1,102.75624321108523,378
385,0.17679224660339599,0.22562430727752517,0.15830772144571897,2.6987742410937856,0.4683378976195492,0.30489742129441527,0.1991025053081362,0.09600007339744851,0.049117383237414325,0.004265976239631403,0.3751833937720808,215907.9,4296.35,802396.65,3.3720529740997733,0,3.3720529740997733,172
386,0.11752855147837635,0.23977423469697995,0.15074735821109744,3.412007755341809,0.5141726755673902,0.35821258918216264,0.4351716919257932,0.20661571889204416,0.11966323713146847,0.0006376641743092585,0.0,504881.3,664.1,0.0,3.739853603489076,1,103.73985360348908,435
387,0.17750922198659175,0.30337794604831436,0.17885831813613223,3.47881079192042,0.6603436726819926,0.547111387156575,0.3005928855834522,0.15229572725997276,0.14585296299471204,0.10312850156588274,0.0,613376.1,90506.1,0.0,4.466772224629579,1,104.46677222462958,464
388,0.14835223572258183,0.1404297913338942,0.09286360829487235,2.8311922133929475,0.2971988795518207,0.16068716519828113,0.1594422233470561,0.07987061145466282,0.04422535276328217,0.22380913755602339,0.26137028126896356,217987.2,216434.25,539038.95,2.0069752820350844,0,2.0069752820350844,61
389,0.06983997606830675,0.10996340694441606,0.043255004067967326,5.066960189072343,0.21358858858858856,0.2204971137759169,0.12060937431567145,0.058893511908411654,0.0291352047991405,0.004797710441238012,0.2092850439139143,135279.2,4602.3,366100.35,1.2320643764216557,0,1.2320643764216557,27
390,0.03473056101565445,0.24338675726819234,0.13301661556827551,6.116342337620034,0.4938351398976534,0.5161313388963376,0.180419769025385,0.10344889207827752,0.11736690353967678,0.1984771526662723,0.2260979601448055,545372.55,196894.05,451719.95,3.5637490280045845,0,3.5637490280045845,185
391,0.16043902569558255,0.3321274058255673,0.1880272270295902,2.9818541850624465,0.6617789269707328,0.5235604971039478,0.3150828424839299,0.1613566604121223,0.028074235157718303,0.14244097939845876,0.0,129427.0,121559.3,0.0,3.7914280302010566,1,103.79142803020106,438
392,0.03876713284018497,0.3647665146823434,0.19676000484663364,1.9071244392009639,0.7271955410389017,0.5263078883963909,0.3239521524186864,0.14973995918492283,0.11951795588813656,0.24264218827382397,0.30926454578165774,617768.15,267159.6,755151.3,5.166751166395811,0,5.166751166395811,299
393,0.20864130353448768,0.1114020800479824,0.06842970423638853,6.5012966162967745,0.21226215813709323,0.2138653571251415,0.2510728774519243,0.1350617654229342,0.014580242180060243,0.2002061852745241,0.0,61780.15,165360.9,0.0,1.43150473367833,1,101.43150473367832,334
394,0.19695829906852017,0.27672418161044315,0.15392384019619731,4.0802809248108645,0.5911439849027993,0.5882571394576255,0.26658905992071724,0.14515380062165734,0.0058760318646500125,0.12644012059219786,0.18108709068819667,28913.0,105960.2,305387.4,3.128872528318141,0,3.128872528318141,147
395,0.06720770452195665,0.31123399105160887,0.118600342660651,2.303259252330892,0.507903463580883,0.5339720536910886,0.310936497161782,0.1550914491471294,0.013079061891866259,0.20466508327551164,0.2169426068141039,71761.95,186393.15,389046.6,3.043269651842664,0,3.043269651842664,138
396,0.18889234412936515,0.23314405801046267,0.13768052352666751,4.217965628587133,0.6230340565766759,0.5710674423698796,0.2813669418486319,0.14756561578148847,0.04588288269659391,0.03061699941448348,0.27227462458593027,198462.95,27744.3,471879.3,2.976822048582053,0,2.976822048582053,131
397,0.11598821875039618,0.06197683743936916,0.029193586982531706,4.104384052537474,0.10457516339869281,0.10382898754991779,0.06389476156918017,0.03227625088090204,0.06362759756519314,0.2194910261520216,0.021981094319582634,286786.8,203320.45,37903.0,1.0038715880022986,0,1.0038715880022986,13
398,0.1624294165943627,0.2811864687743564,0.12536567196933307,3.7023778360783637,0.6550224963075213,0.6471211050608406,0.2273222439056143,0.12548132146669005,0.0,0.13932085827573537,0.272739603166258,0.0,118968.15,507821.9,2.9023663119334406,1,102.90236631193343,388
399,0.21412429116089432,0.29024723438929156,0.20206735051861974,4.469417975490247,0.6872730942291332,0.4939517562415682,0.335852631005512,0.1701956127529199,0.06222233102679231,0.05065905637247633,0.3580464457363794,247863.0,42147.15,720135.25,4.2233150199862015,0,4.2233150199862015,240
400,0.1694292060895448,0.21668325728988794,0.1057451765585857,3.2365196462319554,0.37041681402251336,0.5219587034985118,0.18428561860381418,0.09375567789767397,0.0,0.1710189930423182,0.31236070022920137,0.0,148094.3,614868.15,2.404298658062503,1,102.4042986580625,362
401,0.14930938604751756,0.31072543627127985,0.15480213309101556,2.4945467689983203,0.6257451721267884,0.5426602168373682,0.30102218443229906,0.15631759873033274,0.10542523815452139,0.25964748332661447,0.0876545396455726,500148.5,260186.55,174784.45,4.027742844964733,0,4.027742844964733,226
402,0.0989046990665693,0.2836571095185655,0.16521751281160715,2.539695950070057,0.5883577642903173,0.6417009532387079,0.24205711656570156,0.11624193019559055,0.07975809813895235,0.21678067878186563,0.0003951251731341943,365431.9,204871.95,980.2,3.7907279290538676,0,3.7907279290538676,207
403,0.19013563070211734,0.1084476959618645,0.04506992647268816,3.7464668136184853,0.17675213675213675,0.1955349889752814,0.1405069528488352,0.0639580581758834,0.05407604946892565,0.06947658487144746,0.12907984497729105,229861.25,60254.75,208144.6,1.2381131520936937,0,1.2381131520936937,28
404,0.22397573297816736,0.1058240461667255,0.056486498622041414,7.417515991019281,0.24453462431419343,0.2804774628149726,0.21688152574161307,0.10264101144341438,0.0,0.2076367697353166,0.10462693657438467,0.0,166441.15,160942.75,1.341973290368018,1,101.34197329036802,330
405,0.10320363431953106,0.26156444357969566,0.1604470712071362,2.71420748941791,0.554044540229885,0.6209360914438818,0.24593185872414308,0.13313204983197519,0.06491364677218606,0.11943141409802434,0.0759879444363351,301308.55,113574.15,136402.95,3.304123700965234,0,3.304123700965234,168
406,0.09758035629102198,0.2661733712998033,0.1082656529205241,2.98375098556698,0.5800346496770941,0.3589161897472638,0.44534447886396167,0.1957393313887745,0.02068176841402004,0.01980670810441231,0.005019488363754229,86401.15,17710.3,7302.2,2.6680823274726655,0,2.6680823274726655,106
407,0.18286609800778453,0.35053467522171533,0.17928254926350673,3.261327513436027,0.5941687773811186,0.587144341715857,0.2782407375715986,0.13461492071254436,0.019932901521697396,0.18891772018027125,0.11984554811167014,100348.7,163780.4,200408.85,3.81651160852905,0,3.81651160852905,208
408,0.033696056002582055,0.20656942738700468,0.08924356693587386,1.9104503359332816,0.47613935482893216,0.49644589945655293,0.19828985106021507,0.10526424948323196,0.13455297842530564,0.13096911675957956,0.2809049376730112,672699.95,137149.7,643650.65,2.9887863970684836,0,2.9887863970684836,135
409,0.07022809258631943,0.3856321343167846,0.25337801433113444,2.2658731806603876,0.7138337024155123,0.4903792943122272,0.33087701427261684,0.17874369141515595,0.0823235090240781,0.0905378941532385,0.32404171218889194,389374.3,89868.1,719021.65,5.410819306761492,0,5.410819306761492,305
410,0.20817569305669173,0.16655779923615538,0.09440710514260867,3.8483122531446603,0.4774515102383955,0.36818509756161877,0.15217738259958136,0.0796375198387999,0.05765951801136323,0.15167798737974783,0.0,259273.05,130450.7,0.0,2.1118799062050626,1,102.11187990620506,354
411,0.11403320860288013,0.3961360379508856,0.26790840172757424,2.3462386469235104,0.7805621332841134,0.5172295049072394,0.31796584795689403,0.1648046471358666,0.00524931150666397,0.25363097054780087,0.0004577904656732867,28688.25,226503.05,755.45,5.317458121756684,1,105.31745812175669,485
412,0.2139735708684452,0.10089671372622319,0.04753424918277046,4.672405158113636,0.1742690058479532,0.254710525617955,0.22562959423538528,0.11965988014665974,0.10580701311305074,0.1981747877721368,0.15023848853702831,456323.7,181371.8,261274.05,1.666726703414001,0,1.666726703414001,40
413,0.026244579845689155,0.38803001377907326,0.1796226342154941,1.9431421577317949,0.7385997805011424,0.46356122336739264,0.3581325029919594,0.1783062736406479,0.0476138678004641,0.09061650288186415,0.09412897169614916,210131.1,81101.4,158061.6,4.262161071216585,0,4.262161071216585,244
414,0.11428456628547864,0.331186392862358,0.15069568144801954,2.649743569503308,0.7277703217752914,0.5303101872086669,0.30709415507782534,0.16259565771350776,0.009078183174205109,0.10908276862401019,0.002246032061212788,42065.95,89718.75,3075.45,3.3677978357677865,0,3.3677978357677865,171
415,0.10441043064665101,0.2969727165196797,0.1378653937449647,2.532870187641502,0.6421352486385394,0.5601677198541047,0.28624504781975996,0.1535872323261353,0.08876358938677634,0.0,0.17026262265882103,384748.8,17.4,296165.4,3.636913998423647,1,103.63691399842365,427
416,0.13321090619651685,0.22155048641545716,0.11082337670913663,3.2960629627128606,0.6925007921614064,0.4944405987756217,0.3384438156778888,0.16711558554648956,0.06952368745858765,0.2430887063661708,0.15884018612055634,329189.15,233663.15,298544.85,2.691610128658262,0,2.691610128658262,109
417,0.14915464483549437,0.328682957598487,0.22283698927161483,3.345157250899773,0.6828473399436845,0.5553756135951956,0.29048363977370917,0.15414074663109517,0.003623685838933889,0.15623838566217124,0.06456475726718595,17243.4,130443.45,101205.65,4.157996830340506,0,4.157996830340506,232
418,0.05829917649452032,0.1296139116526608,0.050545947444142314,1.38710802497328,0.2736544751709783,0.2138528349738446,0.12418691319213507,0.0619602518340203,0.1294773304375481,0.05017265110857076,0.16707796483638068,586741.05,49926.4,309374.9,2.1532599806447212,0,2.1532599806447212,72
419,0.23278532554493792,0.2960416926811072,0.14503066655787672,5.032992993933352,0.6139283832543786,0.5058430440149454,0.33583818889251915,0.15831876709253545,0.0,0.14514459309963496,0.287340833887867,0.0,116545.2,525613.4,3.317713195735178,1,103.31771319573518,411
420,0.20785155726790355,0.3729912487003606,0.2614242407789527,3.3184920988983833,0.7315706678125163,0.4843050280906712,0.3461419441638562,0.1695530277454726,0.03196175229086724,0.20691240525213747,0.0,136271.0,174326.25,0.0,5.068833718900161,1,105.06883371890017,479
421,0.11286553476215921,0.26833212901132036,0.12080370384411916,3.118158493872179,0.5310276333575588,0.6149387524402055,0.25352773953240193,0.1315335080273925,0.14219298880916723,0.0021015250446797277,0.13967993406566662,611001.0,2356.25,240979.85,3.65811631020078,0,3.65811631020078,197
422,0.09257693547323739,0.1916476759226745,0.11689412247577942,2.777166623772157,0.368197653465743,0.29438420256454656,0.2115291216675589,0.09408667576789456,0.06827557177281704,0.11155987919578547,0.19603490050129746,311423.75,101804.5,344412.7,2.5470579946509027,0,2.5470579946509027,96
423,0.022539120936589573,0.299244721560847,0.17355737184332737,2.4081877713108817,0.5997305006029416,0.3517988522365833,0.4554110412869492,0.19279010647646747,0.09900553295402734,0.27662064167861644,0.0019538587375916424,449382.55,270622.2,3234.95,4.376640003297495,0,4.376640003297495,261
424,0.11103735721647183,4.950495049504951e-05,0.0,0.0,0.0,0.0,0.0,0.0,0.041575313098021836,0.2655495109196065,0.3287329235261201,204761.75,268819.85,747899.85,1.0941336045404277,1,101.09413360454043,321
425,0.02549435567701444,0.40317392639745,0.23468196501921149,1.8092861650593406,0.6349125384419502,0.47360259748514333,0.3539967683903419,0.17240063412451476,0.10807223259286099,0.2380911911510531,0.0017442555614741808,486572.15,229249.35,4048.4,5.663171239940664,0,5.663171239940664,311
426,0.020389975301263824,0.32513477473004826,0.1308406182490679,1.4890897963822858,0.5744086227546649,0.39266117474825346,0.27474739072885007,0.13259143452289648,0.0381622382615158,0.16717564297586449,0.24375559123627752,173782.5,160815.15,490332.0,3.4128667954181093,0,3.4128667954181093,178
427,0.0791297111704591,0.24442326603230735,0.11159399251937523,1.8801150069473636,0.482199567920287,0.510475271549382,0.19078284614761243,0.09874188230300554,0.07795960879695207,0.24192511219988963,0.004374651317537542,357049.45,232243.6,7368.9,3.0498909992329124,0,3.0498909992329124,140
428,0.206523992186837,0.28785106485030754,0.14479844077812126,4.807983388301058,0.6233279887253215,0.56845156980727,0.2841663937421208,0.1473820364506092,0.1295093632327914,0.18038020546938133,0.0,549509.4,159388.35,0.0,3.9479014843053806,1,103.94790148430538,444
429,0.19222888121851017,0.30006755983350253,0.16801833031857533,3.812021838314236,0.7364305350587259,0.6066071139930302,0.2611399762914854,0.1322529097154844,0.11406549212355725,0.048534661226067845,0.31303415763654696,477090.6,43993.0,602577.95,4.242147337494037,0,4.242147337494037,241
430,0.192808496293081,0.3074279270372368,0.17401807679683248,3.410395159247956,0.6500657056709844,0.5517866572433725,0.2994795364702343,0.14873380628639327,0.09228884962261946,0.0009914609128320196,0.19946679220081598,381651.6,1100.55,346244.05,4.178327204768569,0,4.178327204768569,235
431,0.11130247433431088,0.2416124681879162,0.14227405088730488,1.5857638791213673,0.45503678551216753,0.3082674281001131,0.19541920891485015,0.09631336298503676,0.11264743225103738,0.11852972178257049,4.631140988273914e-05,508815.15,112625.85,55.1,3.5087343898011305,1,103.50873438980113,421
432,0.17546458009579013,0.2138136420328131,0.09208641920009322,3.1914948333164928,0.46912280701754383,0.4825129582840345,0.21635354074694102,0.10113350096902445,0.012893209362229822,0.07206933005624547,0.041088920433789825,60963.8,57950.7,61803.35,2.0406921617509375,0,2.0406921617509375,64
433,0.1453911619070975,0.2411692215783053,0.1268745675688744,2.3214308478134305,0.508937324929972,0.44781427995222406,0.23041147506497373,0.12177424498280218,0.08003231404259982,0.04083197126079148,0.02075300157895989,339308.7,37531.8,33363.05,3.0660270297776457,0,3.0660270297776457,142
434,0.2059594842697267,0.26476408119420697,0.17312071511211855,3.7356932177878712,0.587168934376537,0.41618076867824083,0.25250435381795105,0.13131487750380816,0.1320472934714167,0.04208886083386032,0.1309477853464335,554619.2,38787.5,218149.6,4.150650748447564,0,4.150650748447564,231
435,0.2315537550561412,0.31578608784605694,0.18102434079489058,4.520384636038022,0.6838197802584075,0.5488092783872569,0.29789297620496,0.15329774540778315,0.17139354346480268,0.013121616280433507,0.05699121953752091,670588.75,11180.95,84314.6,4.947681405732799,0,4.947681405732799,293
436,0.21009672926145423,0.15914000455247151,0.06803682034372946,5.390013752717774,0.3827397490948893,0.35738366100725566,0.15716881583762216,0.0854475231551222,0.04437845184036302,0.02641498902164856,0.12343598729414162,184869.2,23179.7,186735.35,1.7429235970154309,0,1.7429235970154309,44
437,0.18410455450233104,0.32055144352966625,0.13508398905338118,3.3535001633662,0.5202725956214328,0.5273799520127945,0.321109140131899,0.15151090785530646,0.0848494342606835,0.2373969445286968,0.34603754891632765,382727.5,231691.15,795754.2,3.8221855579038624,0,3.8221855579038624,209
438,0.08395254594474084,0.2388960781855563,0.13858831541887515,3.040484201851461,0.5600488265758521,0.4567366348683478,0.37616399303372483,0.16709937209792733,0.07459289332071142,0.10184973852089019,0.001531530630022186,325284.3,91522.55,1760.3,3.0754643600634117,0,3.0754643600634117,143
439,0.01989578566801462,0.38195963174445835,0.17248578590016345,1.898153011490311,0.6580125317426815,0.5707256885797155,0.2880233454457573,0.1412509659745272,0.021071414241378136,0.10985638752582394,0.37938458231166355,96933.95,101823.35,873388.65,4.166630561134381,0,4.166630561134381,233
440,0.2092276937984614,0.11280841405736375,0.07031828101121215,3.136491608985409,0.25786496995404734,0.22861923827852398,0.11176338684965763,0.059617374871818375,0.09356253305640125,0.0,0.07385529147606149,373939.05,0.0,110600.2,2.0036262009594834,1,102.00362620095949,352
441,0.08749834224276469,0.21562154495313246,0.11808789209692264,1.656607220980558,0.41179258191794865,0.2809920452927218,0.21694243861077195,0.10206551609650627,0.0359465099827178,0.030331678091483995,0.11995984656909905,154017.55,26813.4,183127.75,2.5833544623851474,0,2.5833544623851474,100
442,0.09140943740070362,0.14896741909285954,0.0823181096533184,4.291179214636379,0.37859414035884625,0.2660744680889149,0.2224055639045718,0.11151996800651334,0.14401155700639978,0.09292065334783321,0.0,621674.45,85645.7,0.0,2.53478465731172,1,102.53478465731172,368
443,0.20583445421199703,0.2580542058360219,0.12947647624442898,4.477466893811979,0.6119342101741315,0.6592578679956244,0.22605497853052797,0.11468715347384768,0.1408770571050943,0.07946927564933745,0.18206558291408606,609345.1,74659.05,335551.75,3.644927682106292,0,3.644927682106292,194
444,0.06888703824815694,0.2574207002226121,0.13069313592367332,2.698575657486338,0.5651081135041214,0.4417034938008281,0.3822756329412636,0.1760208732579083,0.0342112118677281,0.18180350363304335,0.0,169970.45,165882.9,0.0,2.877876233634025,1,102.87787623363403,387
445,0.22636241030399978,0.18175294256353844,0.07426318929801307,2.9372346014312374,0.3579472911825853,0.24360902956316927,0.24961381124064191,0.10677715919618884,0.04064251450462776,0.26020064865154235,0.36198687068160906,182997.25,247433.8,822986.65,2.183668251284071,0,2.183668251284071,75
446,0.18694297768041332,0.28751294884619494,0.20602947211462683,3.5548145979630332,0.6615012134711568,0.5133306681403796,0.32694795451611147,0.15972137734350883,0.1313850028126224,0.21570282858267445,0.0,591562.3,203305.95,0.0,4.701176432990134,1,104.70117643299014,470
447,0.1325911642728069,0.039866192468716206,0.01712475396940588,6.765725669427707,0.013440773569701853,0.09543568464730291,0.07883817427385892,0.025726141078838173,0.10251675616548059,0.0136996051307901,0.0,415313.35,12194.5,0.0,1.1354764869126694,2,201.13547648691267,493
448,0.07644386822711975,0.35346966457663787,0.21460675801126858,2.3267108752283936,0.6631889130731873,0.5119123124883613,0.3198237235391647,0.1682639639724739,0.005592625444919712,0.0051015056070019636,0.0,24873.3,4277.5,0.0,4.487392463306546,1,104.48739246330655,466
449,0.19803514757372412,0.29274653393320554,0.15123575010941287,2.9691099965201446,0.7177257914647559,0.4663730153131148,0.3573950887775018,0.17623189590938337,0.02204638698032653,0.2323329582274968,0.0,109669.3,203359.6,0.0,3.3319249963427753,1,103.33192499634278,412
450,0.1397215141841375,0.19627460639867395,0.06590307532258206,2.985500023496156,0.38921196645747547,0.2585498996822809,0.2310443075372882,0.1104057927804309,0.00013195671631071313,0.26857704433016394,0.30092945553498424,1270.2,243292.6,596777.95,2.0167488588939357,1,102.01674885889393,353
451,0.13539601141569846,0.3247516262062137,0.16717916037193592,2.7359755374659107,0.6681263794907749,0.5172278423167692,0.31718050464294,0.16559165304029072,0.0,0.18769724590352677,0.34759972830203784,0.0,174382.8,766661.4,3.7430576657096117,1,103.74305766570961,437
452,0.18069544851621147,0.30183285751932665,0.16655456440017977,2.4615234336622542,0.5952019222802221,0.31429656705415454,0.3271813503021588,0.15852208264368672,0.09032930497647929,0.00332524202666524,0.00039277109988316997,366712.25,3600.35,711.95,4.1006790725973925,1,104.10067907259739,447
453,0.16152020783638216,0.12905677156627693,0.06696344135201067,3.283698032475413,0.22219973009446692,0.21322279133081418,0.12506288706211596,0.06171432160706984,0.11395961335510654,0.0021523732824035506,0.0,451021.05,2434.55,0.0,2.2157509053482243,1,102.21575090534823,356
454,0.043113829070289225,0.40585690179434036,0.2174375217763659,1.9000797761568216,0.7304174229102746,0.4844640505288901,0.34823694887663054,0.16729900059447939,0.10240568024580594,0.0035446540579254448,0.046490868800144663,453042.35,4645.8,79838.45,5.390402285691658,0,5.390402285691658,304
455,0.06797844390393104,0.3240257945188155,0.2054144477827978,2.2739867960835705,0.6250474665501641,0.4205832384515782,0.3877807592949919,0.19163600225342997,0.0031662311907141418,0.08775405941300056,0.25428088605320476,17584.15,77093.6,473137.9,4.1156117759042,0,4.1156117759042,229
456,0.027452317571325845,0.20679066848363853,0.1066499770963762,1.6506152077590297,0.38643496459852045,0.26121772917493924,0.22642938010669625,0.11235289071836452,0.06181746952665623,0.0,0.2716111854336079,271967.8,0.0,517014.9,2.8433413933818428,1,102.84334139338185,385
457,0.21202763864843105,0.22429737317132256,0.12742534122715074,4.643608706513479,0.49610588335975114,0.37895824084932683,0.2760892121347779,0.14495254701589527,0.13987910117093155,0.21904821919572606,0.00032519852365161617,600063.65,196633.05,384.25,3.570408179612706,0,3.570408179612706,187
458,0.1463176965423806,0.17015019093227163,0.06970464007844149,4.297079532780854,0.232527960385896,0.4167314874586777,0.24878408359876736,0.13448442894255486,0.03813342538411675,0.037079635004112106,0.0,160800.65,32379.95,0.0,1.7283300987668806,1,101.72833009876688,344
459,0.21973922331169926,0.15728305393719938,0.08956839750295044,4.472535698591254,0.5276537419220346,0.42145765240895017,0.2562936316216526,0.12224871596939721,0.05788720320142512,0.012384184359570585,0.2818323974191893,229484.25,12007.45,501247.6,2.180208935299163,0,2.180208935299163,74
460,0.10113743691158066,0.16141207743398625,0.07345738643202294,4.954971477361381,0.332942999737326,0.361247417085729,0.15635722931143456,0.08239535360283645,0.03273350741425985,0.05050991056725475,0.3614247240022701,160500.5,48096.5,789326.35,1.799156194318499,0,1.799156194318499,47
461,0.16195871560549177,0.23132714075825528,0.14148629794177395,3.6574980876673107,0.5246071048540704,0.47956935739999895,0.21235466378431908,0.10807597881568196,0.015529023671941969,0.054589793013675926,0.0,66778.3,45097.9,0.0,2.75602283152039,1,102.7560228315204,377
462,0.12480370159093275,0.05610464231793977,0.028146672226110208,1.9928780117111298,0.1010204081632653,0.07817258883248732,0.08584320360970107,0.03598420755781162,0.004777868167109014,0.007839189714323042,0.36810653300939017,24103.35,7455.9,788541.9,0.9383052366753779,0,0.9383052366753779,11
463,0.17408155916154705,0.14869375575385602,0.11439939149259844,2.8290590980763026,0.3327930467465351,0.18955245191539158,0.13797475666912745,0.07247279141548099,0.01089487862507562,0.19528440674159264,0.2679872766371719,50710.85,171507.45,512705.5,2.149647980013429,0,2.149647980013429,71
464,0.06760798289645441,0.3761184440881119,0.1419427500383378,2.0256794947788803,0.6643660676939741,0.5834361701559749,0.2800801957820158,0.13648363406200928,0.014526051827880498,0.2401107709274144,0.2582241842912184,68483.5,227661.6,522825.05,3.7850890645852155,0,3.7850890645852155,206
465,0.12469655303624369,0.30437848739312456,0.1600364525528986,2.6654199167795682,0.6776844818354253,0.6185533945398631,0.2577888861276357,0.12365771933250116,0.052272626726192005,0.09253968789625899,0.32486123866511507,247278.65,88821.2,704256.3,3.570129478491684,0,3.570129478491684,186
466,0.1633769282545982,0.07061962578653666,0.046865011064666826,1.4497902148489308,0.13565217391304346,0.10679983000424989,0.06272843178920527,0.030471738206544835,0.04876118794777913,0.2283115990195815,0.058921267815738684,227531.1,213076.05,103596.7,1.1910638330804124,0,1.1910638330804124,23
467,0.20371884466256535,0.3189420842649543,0.1952221079010388,3.5257803901215583,0.7880209001372183,0.45376560544968153,0.36582801645750224,0.1804063780928162,0.1185455332158963,0.07059489036717441,0.0,491233.9,62289.1,0.0,4.611077054682195,1,104.6110770546822,469
468,0.166605088768284,0.322008915829313,0.20942259459800514,2.8962613575347875,0.7794445618940211,0.5925217105010147,0.26123229935364767,0.14624599014533768,0.12538618561759826,0.12311660279067323,0.2861890905812472,603842.35,124916.05,625527.1,4.811419103434754,0,4.811419103434754,290
469,0.2019943185739781,0.2406756891014304,0.11273110363998902,4.958927771537875,0.42214054224489655,0.5595827151813249,0.29076141723244253,0.1496558675862326,0.0442683969791881,0.24742003287497122,0.23555600777668725,195815.25,224526.7,432298.65,2.766282215784687,0,2.766282215784687,115
470,0.13005690308949616,0.061054164393302544,0.02689653320471716,4.609541109100448,0.0728110599078341,0.13011658031088083,0.044494818652849745,0.025388601036269432,0.0,0.24075653318376852,0.36740892691313254,0.0,229144.95,849135.95,0.9522699317854162,1,100.95226993178542,316
471,0.20817078051138513,0.35136682057572377,0.23914805571011882,3.3766294263861574,0.6865973881191273,0.4962917834711053,0.33430045963080396,0.16940775689809073,0.06899984203855915,0.0004100312577778067,0.3316994912266527,276913.75,745.3,634807.1,5.119846509761445,1,105.11984650976144,480
472,0.17165517968078464,0.3320800001698208,0.22971735815744418,3.4473107140838253,0.6777870986685436,0.5360765324675262,0.29972408899712366,0.1640916489366429,0.03342624786015909,0.01877950576595977,0.19394151276681604,143687.75,16933.1,312933.2,4.446072959840153,0,4.446072959840153,267
473,0.15773200567397144,0.06280376031663447,0.03850294796206101,1.83781512605042,0.13023255813953488,0.07466878643349231,0.08887122416534181,0.03645998940116587,0.04941596393701333,0.25711428137120834,0.105315990942521,219213.9,242495.1,187770.65,1.0748405483779266,0,1.0748405483779266,16
474,0.1778853437683278,0.1758449185884751,0.09617771359717694,3.481146241083312,0.22172477440525024,0.40535730753586846,0.25756575494403344,0.13707693752009806,0.02648886702512061,0.251167506925143,0.2501134618914536,125420.65,235938.2,500743.0,2.109660300782581,0,2.109660300782581,68
475,0.21903613437031183,0.15016073028128624,0.10952289925108347,3.1796451849999325,0.4402772002772003,0.34532499948648565,0.17118947028986273,0.08348553022365161,0.025099057189606738,0.23616960046848545,0.10237726556711442,116671.35,207980.75,177008.75,2.063185145631877,0,2.063185145631877,66
476,0.23393609223983614,0.30907823701251635,0.2076848763744208,4.669215713210183,0.641419877133187,0.47431198331043295,0.34883739780566314,0.17685061888390394,0.12839730919400527,0.059608880733992654,0.3535478055295283,540670.2,55011.55,751964.2,4.924938119652069,0,4.924938119652069,292
477,0.1457838174201009,0.41358137087091207,0.19030947906607693,2.406935846814496,0.7391352261834523,0.47798681263034537,0.3494220402089345,0.17259114716072016,0.08360632953349942,0.04851858324127862,0.207354816731735,363346.8,44671.6,367327.05,4.792202461684925,0,4.792202461684925,287
478,0.16993758454719163,0.17361839734661028,0.12159706311797458,2.8565269118218,0.42792456925790257,0.33059614760009365,0.17619840862683722,0.09320544377306914,0.05952890226021569,0.0007356717680369253,0.16871730287187017,246765.35,749.65,275196.95,2.5702632801811816,0,2.5702632801811816,98
479,0.12833189665537417,0.3480615941394952,0.20421667671937524,2.6603857467623624,0.66351580349831,0.495647502211391,0.3304167592306172,0.17393573855799183,0.07589448134991968,0.11461489454886017,0.3523867491174627,335996.9,106300.95,761821.3,4.524141763629246,0,4.524141763629246,272
480,0.1348431501905545,0.041842869323037074,0.020182131429977847,1.3993546626426727,0.0593103448275862,0.06392190152801358,0.09584040747028863,0.040237691001697794,0.019366201775153958,0.0014149818223746686,0.353865192731194,90298.75,1634.15,729129.6,0.7498057296149845,0,0.7498057296149845,7
481,0.2270828391991991,0.22851757634946374,0.11317243355203126,5.4119413987026075,0.5918582857675874,0.36629722415655885,0.4309760701924083,0.20272670565103285,0.11342768821358618,0.001994198232414989,0.35334982612220406,467089.95,2453.4,750098.05,3.388642927623535,0,3.388642927623535,175
482,0.21901539932416733,0.3748759265257414,0.2111104198304167,3.173575266390864,0.6945545887553252,0.49095736718165145,0.33770119287117806,0.1713414399471705,0.0719413016483027,0.017402003358681556,0.06386530725800801,288409.35,16341.5,98399.9,4.800257740002818,0,4.800257740002818,289
483,0.1517856609377644,0.2251152466682373,0.10315488497517308,3.1291046846155504,0.5803319460753482,0.5921853080111182,0.2717276924792398,0.13608699950964204,0.12122036343353342,0.019007997607520172,0.0,516146.35,19799.75,0.0,3.0626085613949785,1,103.06260856139498,398
484,0.049390362249221206,0.10963294013367364,0.0717320869513852,1.7793275681462777,0.264445014098949,0.17215497651010886,0.15586971531517113,0.07197530817472002,0.04712437751086433,0.24846690860037074,0.3344758903692219,222074.75,245641.6,745271.0,1.8478670025033015,0,1.8478670025033015,52
485,0.09412519644259182,0.19866123459762627,0.12323423043533314,3.179678042185669,0.3588185230692924,0.3612545158356875,0.15894106002562253,0.07980442413868996,0.021307285872521918,0.270189399453831,0.300529650864778,104255.0,266644.85,662953.05,2.620819400526082,0,2.620819400526082,103
486,0.1413739808714376,0.1247954271011639,0.05753789615945597,4.864340626066656,0.2033300446323702,0.3098242783847438,0.194430035393346,0.09574568622191021,0.1045337988247009,0.2627988950744701,0.0,457831.7,249038.95,0.0,1.983737194482954,1,101.98373719448296,351
487,0.10226473062446917,0.28469698687795914,0.17877659963679338,2.8174481233624453,0.5837669771916344,0.4897107220225193,0.3454330067884472,0.16485627118903357,0.022770807095155367,0.19736675496100028,0.00014323941429535112,109245.9,167343.05,266.8,3.496560345672013,1,103.49656034567201,420
488,0.21325594447185345,0.002062624314974279,0.00021691973969631238,3.208668562914804,0.0,0.0,0.0,0.0,0.11213812621786654,0.13871036749180443,0.3649148974608966,512163.2,134526.65,843652.05,1.416816632605152,1,101.41681663260515,331
489,0.035861631937006574,0.12487274153677126,0.038878504644967476,4.46811929789833,0.10249813276225601,0.2266213781174656,0.2650018994173239,0.10837672246521053,0.10462992951831138,0.03877607923341645,0.016933047202356295,466292.45,38848.4,30709.55,1.801137855814966,0,1.801137855814966,48
490,0.054823883090394175,0.11764106490898882,0.05683070595272306,1.2520887351190522,0.21825396825396828,0.23593462460615341,0.1090618480348468,0.055003527358999785,0.134318904121706,0.16300893457930246,0.15471047319136005,641053.7,164931.7,308705.0,2.14787570312748,0,2.14787570312748,70
491,0.21299163239073887,0.3376167745614937,0.23774389365847073,4.230806997993835,0.7226681254552344,0.5501366164100867,0.2917898102967492,0.15807357329316415,0.10897547071776345,0.0,0.25468876250855726,437341.75,0.0,464514.75,5.288751945407362,1,105.28875194540736,484
492,0.10573524466663431,0.1960183821166055,0.10490414174632001,3.550057911797255,0.31202038455544767,0.48943737467174364,0.20625491668219215,0.10430770864606424,0.015169990940440433,0.0,0.38071305791984733,65274.65,0.0,827852.85,2.384317190911225,1,102.38431719091122,360
493,0.18672777530013446,0.11476012507067908,0.05666720684638369,6.2472195907828105,0.17466330475899525,0.23709499357693833,0.1093443961311897,0.053560610291872,0.15381698058761772,0.06123158571491409,0.3322203824217782,673967.25,58569.85,702770.05,2.3677027132857846,0,2.3677027132857846,88
494,0.06578543044357135,0.0622349050250647,0.02249820874134225,1.1122242819230816,0.15714285714285714,0.10450915922968529,0.06472522310944105,0.03076561766087365,0.03149815772995885,0.24290413288804674,0.339677498709035,167066.1,246236.1,797542.05,0.9655268992607878,0,0.9655268992607878,12
495,0.1707114570643758,0.22205645771337798,0.10203630549629598,4.0068989294626745,0.5362324844368986,0.34465589292311694,0.4508787673385684,0.2044653397383147,0.0767841795922161,0.018650303806914122,0.37063360150007174,336050.55,18631.05,829523.25,2.8403626352954294,0,2.8403626352954294,121
496,0.12714653524380923,0.26390725529931186,0.11942140542079453,2.1217015081139534,0.5439324302531849,0.32596810724726816,0.3289758634915381,0.14505602926119376,0.12503267095856713,0.1179872409636582,0.01785647668885573,553117.0,108960.25,29548.1,3.414346084090367,0,3.414346084090367,179
497,0.19217114166280302,0.20836151421512258,0.13073085036637538,3.4816557495761367,0.545508486663814,0.30762818172013623,0.34247204171868917,0.14989977656117454,0.020365328396624846,0.03792243886759471,0.0,95578.2,32414.75,0.0,2.6037947285049663,1,102.60379472850497,373
498,0.14505577280991694,0.2606745618509396,0.12622852662141687,2.937847701597636,0.5593172425448347,0.4624190984101202,0.22618858361625804,0.11139231797362177,0.025103291065330175,0.2229440922792807,0.0,111987.85,190603.95,0.0,2.789785855233391,1,102.78978585523339,381
499,0.20013640654398462,0.25625018845570713,0.14038200679753016,3.171941696218815,0.5792979764091267,0.4647719687208681,0.2189405616282067,0.11628746965092514,0.016832831069008007,0.23368255228111168,0.15772749881975134,83894.1,206942.55,271422.6,2.9628447167973775,0,2.9628447167973775,130
