draw_idx,hiv_prev_2010_2020,trep_f_2016,nontrep_f_2016,hiv_trep_ratio_2016,fsw_prev_2019,primary_share,secondary_share,early_lat_share,pf_2035_2040_ng,pf_2035_2040_ct,pf_2035_2040_tv,ni_2030_2040_ng,ni_2030_2040_ct,ni_2030_2040_tv,mae,n_fully_extinct,gof,retention_rank
0,0.049888036185284805,0.00018252613167840003,4.5454545454400006e-05,2.745065789473684,0.0,0.0,0.0,0.0,0.07739127080828101,0.1311159965310294,0.28111911852062,380268.3,134094.55,612933.85,1.1058936009455462,1,101.10589360094555,322
1,0.1452747419931168,0.2506174958289994,0.11423352887092361,2.9516849178374476,0.5688616905386616,0.4097239832460978,0.26385924338670264,0.12641677336719861,0.0751631909086904,0.000588620907043785,0.1356741198159492,300154.35,817.8,212633.8,2.955019172911262,0,2.955019172911262,135
2,0.1327115595528488,0.2897442601438958,0.1632984561483538,4.341670358892435,0.6872997830074419,0.4605532075448446,0.35952442448375405,0.17992236797139982,0.01086236004045,0.1170969907986898,0.1801819647922544,47884.8,95160.6,281478.35,3.2172507204557523,0,3.2172507204557523,161
3,0.142138370591911,0.2629973815802372,0.163157159395824,4.914820202024914,0.693081689151507,0.451850186824994,0.3741320158678902,0.1740177973071146,0.0732586949120968,0.011171034441925002,0.09398108454027301,292707.15,10106.5,137299.05,3.537945260094078,0,3.537945260094078,187
4,0.10719191154337201,0.32377722377031803,0.19731785824527542,2.755461603272723,0.6719092652728943,0.4319134111099546,0.38419283210817684,0.18389375678186742,0.014212459476979,0.0570636152885232,0.0,70823.8,48382.15,0.0,3.921722163056395,1,103.9217221630564,443
5,0.09435535446085622,0.37122037378477124,0.1746335207502882,2.7419483504641575,0.6820811246358822,0.48808994608699346,0.3340622964708582,0.177847757442147,0.08287493427203281,0.20546801820390623,0.2106304408516642,381658.85,199296.7,407206.4,4.388242014636435,0,4.388242014636435,264
6,0.136578691731646,0.19045629670094402,0.08560648326929202,5.443292998270394,0.49628856256635706,0.4034250212841104,0.4128523861977464,0.18372259251814183,0.05688242391353561,0.07872526499650481,0.28531480140382526,248472.0,70226.4,554772.9,2.0990473032644115,0,2.0990473032644115,72
7,0.13808489191929102,0.09004084171217541,0.045207281717789004,2.9049701961576906,0.23564661819784086,0.25126142876370566,0.0970496887119338,0.051688882524359804,0.07665578630715982,0.051285277396014406,0.0013803291141847196,317912.5,45425.6,2189.5,1.342667892329628,0,1.342667892329628,30
8,0.1161654975743148,0.32683015659416964,0.1861388937682776,2.9576111974609103,0.7790914841009714,0.4902902853709178,0.33495353862599686,0.17475617600308363,0.14209835223923123,0.12157129849365081,0.11350797468151382,634657.75,115248.9,206279.9,4.578091703490869,0,4.578091703490869,274
9,0.1461675885397716,0.29290260583793826,0.15869932902763623,4.040050295497674,0.6035511338383989,0.48149583093751447,0.3444511734561844,0.1740529956062996,0.0273989506719206,0.2785793444217392,0.0,121354.85,237792.75,0.0,3.453500357217245,1,103.45350035721725,418
10,0.08956090489241,0.21894681454169462,0.1310358274831104,2.2963870317023236,0.5604834337037724,0.43142674206473003,0.24185083362203263,0.12672242431323583,0.036315757401654804,0.006507746805764001,0.21997566680591163,172696.45,6752.65,389915.15,2.7802648198466056,0,2.7802648198466056,119
11,0.1273145904937096,0.1951899859605196,0.0889515989542694,3.7697952919968265,0.31172239347187664,0.41599671049509085,0.2581389875211272,0.12586430198378062,0.0088445515250238,0.1572237150411298,0.0,46121.6,128397.5,0.0,1.9050939421462065,1,101.90509394214621,348
12,0.0790854902547906,0.0551379933521808,0.028644980107652603,1.5956042850676455,0.1222222222222222,0.11973494670123881,0.0543935465283778,0.025871506770383003,0.09163857101325681,0.2066624559674258,0.32205978624783843,431872.35,207693.65,724482.35,1.344674736691735,0,1.344674736691735,31
13,0.14391939634610662,0.0884825661100224,0.0375714491471366,2.4549455269655143,0.2166408908134856,0.22426977996115466,0.12069241404936142,0.0550378059894836,0.048075962656992204,0.06229126380119761,0.086881117382658,205198.2,54183.6,132998.35,0.9692549665786387,0,0.9692549665786387,11
14,0.1246380442494214,0.3687468897156994,0.2554061858095518,3.3291836980197957,0.7785872010364329,0.5120629073645349,0.3202977371757762,0.16763935545968742,0.07266395658208422,0.2586505494272576,0.0002530279638842931,307495.7,229898.95,448.05,5.303301680066609,1,105.30330168006661,485
15,0.1528799463105356,0.37406200151599267,0.24777188379421342,3.2397800443973472,0.7154120619511156,0.45893180498173686,0.3577883306242412,0.18327986439402022,0.11683045957789742,0.13691214943129762,0.044628731746341604,499352.45,122090.0,79702.15,5.3501215976192364,0,5.3501215976192364,303
16,0.10702334587746261,0.284579297669864,0.1339054103586314,3.1056847420309692,0.6895421612569208,0.5151977351746001,0.3146116400182972,0.1701906248071012,0.1289470916772244,0.0057141401709128,0.29020312514918745,566544.0,6156.7,591080.9,3.9080430688027428,0,3.9080430688027428,215
17,0.10377060210672802,0.11499962476377301,0.053168593314693216,2.739025423847322,0.28981329839502107,0.185772228661596,0.144978974633695,0.0692487967047086,0.0890752496485204,0.2055013630593316,0.027496450003929203,393118.2,187535.75,47573.05,1.6839059460460684,0,1.6839059460460684,43
18,0.11829192570573181,0.2385689621939066,0.1407871671316648,3.1725501279921695,0.5226786029170969,0.4699220291255711,0.2165288382104698,0.11354913266395801,0.0038462699484432005,0.0123434285262792,0.3270517049293217,20974.25,10901.1,627694.85,2.9946847099830367,0,2.9946847099830367,137
19,0.09621102323202022,0.33022289670463323,0.1851523138655044,2.88364218537824,0.734531797044366,0.600133957173032,0.2652114684690664,0.1346545743579004,0.0197877616165184,0.08836731969557501,2.9934456992489012e-05,88038.2,73522.25,52.2,3.7672281977391036,1,103.7672281977391,436
20,0.0822041363136122,0.3188671281796318,0.1897835476664082,2.4142218316312642,0.5358392434988176,0.5002293381197235,0.3367520682725532,0.1630185936077216,0.027079162469858403,0.0768495126766732,0.0522980061884154,129412.5,66228.75,86134.35,3.7742417206294907,0,3.7742417206294907,202
21,0.12886059853187443,0.0,0.0,,0.0,0.0,0.0,0.0,0.0295432872548258,0.0,0.2579974438488316,125003.05,0.0,459335.35,0.820199218064262,2,200.82019921806426,492
22,0.0673687257155926,0.32702692439054704,0.2076886629235192,2.2552652451636144,0.6802661017246034,0.468886187210568,0.3534431997727002,0.1776706130167302,0.033600014231456206,0.08235104257896,0.0,152325.4,71342.9,0.0,4.133120696894579,1,104.13312069689458,451
23,0.0990604673085276,0.3485475558763544,0.2269727535185626,2.636057056521492,0.7630332681017611,0.4798474378032781,0.34283265316558403,0.177319909031137,0.019944786426173804,0.2545042882181584,0.3326074571276788,104331.85,246420.25,741212.45,4.618691469450794,0,4.618691469450794,277
24,0.140601026077588,0.21787718229616662,0.12318751393732001,4.408997502522173,0.4509404359427712,0.47758181394187504,0.2165883088192384,0.1058298772388854,0.04481638327895861,0.09072749247988302,0.19180607743347683,189085.8,77936.05,322951.25,2.4985798166436144,0,2.4985798166436144,97
25,0.087951581709795,0.063843586893694,0.0404112864658058,1.39506215196974,0.14936708860759482,0.10252726789039641,0.06640063846767741,0.031072093641926,0.1093887659765184,0.12939876803579,0.0,485193.2,119468.4,0.0,1.4893675718085522,1,101.48936757180856,337
26,0.1197878489131442,0.2430612052190832,0.15393742873314104,2.6950474542202496,0.5027254231945724,0.2815314713385446,0.21119944230984525,0.10726908635160921,0.067429175819956,0.2357901212262162,0.03162797423236,295868.15,215719.4,57837.6,3.3721426967341626,0,3.3721426967341626,174
27,0.0901852133402734,0.2306423762876288,0.1042885626177112,3.3885439120428074,0.5472235177660775,0.47797099924152525,0.3565375229060188,0.16549147785245502,0.1152056252212792,0.09496617887927321,0.0,505026.3,88445.65,0.0,2.9534224484744107,1,102.95342244847441,393
28,0.14898185288521143,0.0043832007982262,0.0013494086884938002,4.856965341285854,0.0,0.0,0.0,0.0,0.0305194594716088,0.2519976444010528,0.0,120460.2,205034.35,0.0,0.7638918004987554,2,200.76389180049875,491
29,0.1214235778800028,0.1940985509941756,0.0754865344866534,4.173552967444602,0.41697704261039104,0.4441966324422625,0.2410541213592202,0.1147492461985162,0.0071568171952718,0.20891440529089142,0.0,30658.8,175587.75,0.0,1.8316868301752935,1,101.8316868301753,346
30,0.1422668658607212,0.3374380588476522,0.2164601730428748,3.162483200236963,0.7244484514453551,0.5089369442369183,0.31857290887038886,0.1724901468926912,0.1065078158538566,0.0035015990391186005,0.24304173295027282,432482.8,3611.95,435709.05,4.926713509463939,0,4.926713509463939,295
31,0.06476151276115641,0.32346194760961383,0.1889543501371524,2.3841700214276758,0.726397874405034,0.5579529075611512,0.29079189985311,0.1512551925857376,0.035260917107746405,0.0588517682851728,0.14579014147266442,167164.7,52305.85,231230.05,3.901171054087175,0,3.901171054087175,214
32,0.07781036841943381,0.0001394376016732,0.0,0.9815653298835705,0.0,0.0,0.0,0.0,0.1201833244120974,0.17682299873740662,0.029218509547970208,551527.8,169828.35,52701.7,1.4619641718959497,1,101.46196417189594,336
33,0.13382867598584242,0.375439800920213,0.23004743566777983,3.262727873235059,0.7112557557061701,0.5603784507861194,0.29151516153352486,0.14810638768035442,0.044898477470697806,0.06032744804883041,0.0439716858969712,186722.3,51125.55,68569.05,4.658391549391117,0,4.658391549391117,282
34,0.0770415010890708,0.36353138559012566,0.21744143136971522,2.572366574056689,0.717841399283642,0.4302685671077576,0.38165113582213844,0.1880802970701022,0.0430669452721794,0.0008913885168274,0.0008342832797593314,180200.2,925.1,883.05,4.665626044870235,0,4.665626044870235,283
35,0.07145015730419121,0.30590148069221584,0.17021834900952582,1.5941470933255402,0.6353888648257152,0.4009552750282251,0.27461624885333,0.1244284761184438,0.0257928382044458,0.23659617965602245,0.0007695619194316007,132086.3,215530.9,1132.45,3.6969332290619725,0,3.6969332290619725,197
36,0.020386907609669002,0.3676085338401938,0.2131331628036786,1.9365935143788136,0.7311530906068718,0.5523426840812651,0.30360025760266823,0.1440570583160654,0.004938189253102401,0.22174979387382682,0.280055354992433,28973.9,214977.0,587338.45,4.65344294029771,0,4.65344294029771,281
37,0.14105652161110663,0.0688200401851438,0.028944945909447,8.08193080016627,0.1661026194372388,0.2510660140183954,0.21457595700268142,0.13435802897892263,0.0022820991762254003,0.28554771955351865,0.27102512148093005,11878.4,248167.5,498086.6,0.9862732490647573,0,0.9862732490647573,15
38,0.13620106592007702,0.1543849385585992,0.07695776901799681,3.5819923881656983,0.3567663704592824,0.3891129998104164,0.1429366674395582,0.06795033275002461,0.000996738221573,0.22786079090712544,0.2086455923775934,4438.45,200568.35,378289.05,1.7470303466021524,0,1.7470303466021524,46
39,0.12619216022022642,0.2451130446865128,0.1370157727994632,3.5543254593961544,0.5867740910298687,0.3484346970856546,0.45686930497382583,0.19469599794051823,0.033783225572070405,0.0008934048657750001,4.0759761962990136e-07,145830.85,951.2,17.4,2.9561012833421496,1,102.95610128334215,394
40,0.14620330479093802,0.2253939162584932,0.148108064011445,5.130209127555667,0.5382779430513008,0.3443663295151394,0.3096565463368398,0.1459771241480198,0.0381944264147762,0.24854691284339783,0.0,162447.85,207579.1,0.0,2.9989281107988215,1,102.99892811079881,396
41,0.1244607891051086,0.3032345382970442,0.19862715000794143,3.482978011516059,0.7631493506493504,0.3716944930858278,0.4224231776456785,0.20588232926849265,0.06726404266345021,0.005506375157442,0.0051056551777638,263346.1,5533.2,7773.45,4.229535756215171,0,4.229535756215171,245
42,0.1021809035933956,0.20018437167185663,0.13029149871542461,3.8470181841415103,0.45149427147138776,0.47804470172552166,0.21270578002637422,0.10924951824810321,0.0070982019447396,0.23393764416242263,0.3705000233704152,29233.45,222044.3,859767.35,2.670137712984596,0,2.670137712984596,106
43,0.07294145292667621,0.26460300217753546,0.1158909924629444,2.0975866205252833,0.6054142881854346,0.4511341440077844,0.2314061066888064,0.11745974930340822,0.13230255168200183,0.029439785717452805,0.1916118833783774,573269.1,28995.65,336446.4,3.581682890187012,0,3.581682890187012,191
44,0.0970452858179,0.08749828112223801,0.04182321203009261,3.5279995435339915,0.09703426604818181,0.1952567062644722,0.13717625800062683,0.0675670357349004,0.008914936624029,0.18703009233883802,0.0322333164604148,42991.05,163871.75,52777.1,0.9385718920412877,0,0.9385718920412877,10
45,0.1443439102177006,0.16955608669809702,0.077485356327567,3.1259164317611168,0.35718788021507886,0.3891770959243218,0.14136147243669742,0.0694614316389798,0.06436651033253461,0.031982496709435,0.1152580889739552,264452.45,27973.4,175093.3,1.9713867876107523,0,1.9713867876107523,63
46,0.022836344627534,0.2056979932182572,0.0630308815963556,3.1144736208098642,0.35060994499743164,0.46074058496826265,0.22192628395423603,0.1173331310775004,0.10143927788639881,0.1536233445512144,0.32670133266862467,503196.4,161296.55,775300.5,2.422952399197549,0,2.422952399197549,93
47,0.1492671890410096,0.3441451856465406,0.23133751338626443,4.143195153190358,0.7297607971987702,0.4884183063577726,0.345648789227044,0.1659329044151818,0.10744137293725922,0.0007793898056976001,0.09041100334104381,418087.2,800.4,140332.45,5.070144218289987,0,5.070144218289987,299
48,0.1355698895248954,0.149153160520859,0.08741069477608421,2.7491424493644963,0.4554474006777703,0.37281992604949366,0.1505896278237532,0.07659044612675261,0.0435619469084536,0.2425667532441452,0.028735794029109602,194752.4,213405.2,51412.65,1.89895389931365,0,1.89895389931365,55
49,0.12420211065027822,0.28557801206838,0.1727189481524408,3.915274408062654,0.7386567068135442,0.3506786710612756,0.44863447763606007,0.20068685130266264,0.08191983555252061,0.0348100691888544,0.33646254208459864,358273.25,32983.15,707914.65,3.976336307417596,0,3.976336307417596,224
50,0.1303882956162544,0.273872488875901,0.1685651623613662,3.7708886103544357,0.5688509023974136,0.620568613378446,0.24719033338638843,0.13224105323516402,0.09987867908610001,0.134979821874713,0.0791693478368584,410629.85,116812.0,128977.5,3.706938022459872,0,3.706938022459872,199
51,0.0486473844653962,0.12425760213331483,0.0482438558013202,5.42691003575692,0.1115033657442032,0.24495795592203243,0.1079911837520104,0.0470508603259566,0.14605072127098181,0.0328526122538846,0.017262472461296002,649167.9,32883.1,30312.25,2.274156619556937,0,2.274156619556937,83
52,0.051624348085144,0.36920218515989867,0.24107809427939264,2.1365376910721223,0.7527491171618602,0.44696122528768206,0.37381169566481987,0.1792270790474964,0.095491762970936,0.14416325709869363,0.1770663492763422,462903.8,143979.2,351308.9,5.2098813589137665,0,5.2098813589137665,302
53,0.1211759232703602,0.3425170897043949,0.1686469873436812,3.4355882940777462,0.6753252031689918,0.46697995032553924,0.357923565691879,0.1750964839825806,0.03862690648096741,0.14711527587246,0.37921300997372287,167180.65,131142.35,836444.1,3.811350396871163,0,3.811350396871163,208
54,0.0423653321128374,0.37774165745882665,0.19446889155650962,2.127012018498005,0.7422202306202573,0.5648139414400308,0.281265490946894,0.15392056761307363,0.088089177627854,0.00014831205095660002,0.2966678133053282,386932.5,210.25,607068.6,4.94716025078294,1,104.94716025078294,478
55,0.0328224397357292,0.4188427887836318,0.2923043145812556,1.7841635138407266,0.7058352660778555,0.4917564461303351,0.3320542296181338,0.1761893242515296,0.0098995586547448,0.00017617912142260002,0.28615854594189105,47504.9,249.4,538820.0,5.8549138295331336,1,105.85491382953313,489
56,0.09918597188363401,0.3305035941481512,0.172857176423389,2.8141185118340784,0.6752858552700325,0.5025831140728168,0.3418314067399492,0.1555854791872326,0.12809929262303602,0.17397386444975502,0.31343727676991506,606104.35,175442.75,715097.95,4.517843126320538,0,4.517843126320538,271
57,0.073619409755455,0.3148845746900754,0.12793012967696601,2.645252041453862,0.5664183331119577,0.49687973102500144,0.34274626628806465,0.1603740026869326,0.019737705974096804,0.26283280181079344,0.3081090759891162,98803.0,256655.8,676855.65,3.3157554054798064,0,3.3157554054798064,169
58,0.13839734742931922,0.20407342044147603,0.0958540514387638,3.536021963834987,0.3616044333025462,0.295168046967418,0.33006469406006345,0.1747672589725174,0.0163588729012878,0.061489420033382,0.0909007789848956,71664.8,48456.1,132828.7,2.034877207797555,0,2.034877207797555,67
59,0.1400806486908066,0.35589939457978004,0.26389914841319506,3.3181945270866215,0.7674161417500927,0.4851918648291599,0.33360500451857683,0.1812031306522622,0.08968895005172901,0.250205013220343,0.1831273690646514,406729.35,240363.6,359752.25,5.407351369031132,0,5.407351369031132,306
60,0.12088510779938462,0.276066944488689,0.1525267431057522,3.3215195236560433,0.5983317526498813,0.46008791244918223,0.36245850128870766,0.1774535862621086,0.140381045687222,0.0009612202714278002,0.299042508002257,602228.5,1535.55,610779.15,4.169232157800461,0,4.169232157800461,234
61,0.1021407230100386,0.33546109007323144,0.21308379730468943,2.6132713727772248,0.6963133448740885,0.5163555342038421,0.31983471783125583,0.163809747964901,0.032254079546214,0.23954001490780144,0.045316580836625604,149252.85,218667.25,80082.05,4.272725088449038,0,4.272725088449038,253
62,0.1285165605071534,0.28593318148619723,0.1528484797672876,3.746992137752953,0.6575456829517068,0.5324800058358095,0.303125669950201,0.16439432421398842,0.012497424783713202,0.2545416707608508,0.27619104808060163,59406.5,231955.05,548237.75,3.3319437648371997,0,3.3319437648371997,170
63,0.1320877794297422,0.19446227670795502,0.1015339252367778,3.6687116228685546,0.40879690611959607,0.49761813322745085,0.1999661664341116,0.10241570033843642,0.10477318003015261,0.23279828242654005,0.0019310545616008003,468558.8,216821.4,3741.0,2.7531594108154045,0,2.7531594108154045,115
64,0.05238531336944381,0.190735071163021,0.10076086219692079,1.7867938422514662,0.46164027370478966,0.28076533252928904,0.21699529954162422,0.10223936792908601,0.08043621178947481,0.0741390619832572,0.23596867371086402,395043.8,76503.45,477119.6,2.60330532931279,0,2.60330532931279,101
65,0.05077373044001281,0.051589854014401006,0.0269198785519806,7.041478331523895,0.05391925964921981,0.08502617801047122,0.0750785340314136,0.039895287958115005,0.0682518197769156,0.2502344353641762,0.23296146128373102,324462.15,250513.6,467371.25,1.1744373192547544,0,1.1744373192547544,23
66,0.1415448382853244,0.2966530645672946,0.15040849447218743,3.4981396108070406,0.8036813186813181,0.5562826226112405,0.2905456003572666,0.1531717770314916,0.11791327759244821,0.23674677122767682,0.06570604142490702,533020.0,223239.1,127176.6,3.962092877329005,0,3.962092877329005,221
67,0.06150558261230721,0.03655930315761101,0.0241060857210512,1.199834262266597,0.1017543859649122,0.07666824420255561,0.08603880738286782,0.03729294841457641,0.13470409134001782,0.0760623961564572,0.0,594582.65,71545.9,0.0,1.4606772885311765,1,101.46067728853117,335
68,0.1308658826313058,0.0452210002099042,0.0223378045442102,1.3018817241650804,0.134782608695652,0.1325225006081244,0.045244466066650404,0.022233033325225002,0.01169428546245,0.026884654871123605,0.252071230809221,53563.0,23510.3,429679.95,0.6624148440289429,0,0.6624148440289429,4
69,0.0993952037554074,0.3358160930808224,0.2211397080088448,3.001558694429552,0.637420289855072,0.5436698564361159,0.30413262076559866,0.1521975227982838,0.0405917270117882,0.037725991227075005,3.74630475188e-05,176614.35,34852.2,34.8,4.401192047451066,1,104.40119204745106,459
70,0.12327350439664682,0.35081759253228,0.2540977306187092,3.350577862421848,0.820256239026194,0.5254545527641439,0.31361980133020945,0.16092564590564543,0.013240770697274001,0.15415109253404383,0.0,61668.5,126324.0,0.0,4.661475314753826,1,104.66147531475383,472
71,0.12582786007192143,0.34508500765636085,0.16234926296617322,3.097422674369761,0.676224091752703,0.49657852197134006,0.33928114658400244,0.1641403314446564,0.10144429247912441,0.1763842550389056,0.30167041471536743,470583.0,173231.5,665471.7,4.225441680424603,0,4.225441680424603,244
72,0.136783210404491,0.254496159330866,0.1736136818623862,3.5704797444720353,0.5858716925162655,0.4093257977047268,0.26295273930717605,0.12772146298809622,4.9829491651246025e-06,0.06537774546564261,0.2203420901797512,178.35,53312.15,352763.25,3.310127533156397,1,103.31012753315639,414
73,0.04195712285615381,0.3588753154529116,0.1912589779696408,2.0650848364903083,0.6730067002193281,0.5104295613207412,0.32370727732216525,0.165863161357092,0.131427962246238,0.0,0.33542607768960864,596292.2,0.0,752084.55,5.183985474621078,1,105.18398547462108,482
74,0.1453320356896442,0.24531528062179503,0.1435505705475098,4.298830310226603,0.6622655122655118,0.39169979656154547,0.4123662405427412,0.1959339628957118,0.06748843621656961,0.1244427810470344,0.00037227342070207073,285043.9,104517.45,672.8,3.0867684718767743,0,3.0867684718767743,145
75,0.1449328367988934,0.046680205342595,0.014900025594902399,5.71856840264722,0.14808473080317722,0.16969799913348282,0.1620962818543462,0.0682057190121704,0.007666371355698601,0.0503192857398552,0.031026277251339402,31467.9,39321.1,42250.1,0.3929123208466874,0,0.3929123208466874,1
76,0.0765137156221326,0.12867865743987522,0.067967698073198,1.7574457260557743,0.267095238095238,0.22092994436230282,0.12064580995764582,0.0584242456800506,0.0061245511019306,0.2403818623617692,0.19871829625088283,29727.9,222772.2,378477.55,1.6421551516669535,0,1.6421551516669535,41
77,0.1199050985374418,0.20772203478231482,0.11658155155862579,3.976863633746034,0.4783958522680324,0.42012320048067364,0.2549123601554568,0.12496443936386861,0.11368956310635761,0.0108632242235418,0.34544580533565006,479490.35,11191.1,717496.25,3.170853991604698,0,3.170853991604698,154
78,0.12056588327136182,0.028069970549197805,0.020476564545692404,3.176250579738952,0.049473684210526205,0.0646766169154228,0.09320066334991702,0.04212271973466,0.0236523607473606,0.1805655729606482,0.2970677372975418,109293.75,161509.7,584468.9,0.5124757898386552,0,0.5124757898386552,3
79,0.0261222813098184,0.212632415930723,0.07562115258208421,1.3144398765083938,0.3789084421530478,0.3659328125333262,0.15660549818185282,0.07746168928482,0.13806880145059722,0.08972454501727241,0.0,639162.9,87140.65,0.0,2.9273388756851,1,102.9273388756851,391
80,0.14577925529024222,0.0,0.0,,0.0,0.0,0.0,0.0,0.09801011545158181,0.0,0.0,384383.4,0.0,0.0,1.3038865939168138,3,301.3038865939168,500
81,0.062793150240308,0.27991693481274843,0.15598618469238382,2.763612084557095,0.5154194690099598,0.5924179825064773,0.2724160303353522,0.13516598715816922,0.12403684490048242,0.23252379907301224,0.0056994436632464,590154.35,232477.05,11146.15,4.09193352186429,0,4.09193352186429,230
82,0.049193459854098405,0.05568187782844001,0.018804198995892203,3.428852267978085,0.12421052631578941,0.11518467852257182,0.057455540355677,0.027359781121751005,0.0640459302633232,0.0063121881963372015,0.35409689519125404,285905.2,7512.45,760168.3,1.1051247069650723,0,1.1051247069650723,20
83,0.1422782129453178,0.21203585558476323,0.1316309409756666,3.9990449580362304,0.5575751313009425,0.43019768173399103,0.2418332549315406,0.12796906333446761,0.10312769185064422,0.011502990313308802,0.0181431836978174,394063.6,10564.7,25363.4,3.1665649514210776,0,3.1665649514210776,152
84,0.0863419882684842,0.2226227871755512,0.15327770637000562,3.531862175293752,0.5240254567828677,0.37875180700154143,0.4272539603864316,0.19399423261202542,0.07380517570362721,0.24535397644251683,0.20542282411761983,351897.6,245322.6,418732.45,3.3149566704587414,0,3.3149566704587414,168
85,0.09773186660772401,0.34754104699129884,0.1573575315458896,2.3173038406986275,0.7196830051668757,0.4611063430415663,0.367238445287063,0.1716552116713692,0.12200613367280362,0.0389192372746448,0.0,535355.95,38404.7,0.0,4.405101738405192,1,104.4051017384052,460
86,0.1351467319165876,0.25351752151837803,0.13586453705612922,4.438525621454146,0.6810314796230286,0.43846581172073407,0.39194892455925984,0.16958526372000482,0.027048817334755403,0.0727879470884592,0.151465620236011,123821.3,63386.75,245306.65,2.7180762837077115,0,2.7180762837077115,110
87,0.05442699638418021,0.3677071520800794,0.16815522287031842,2.06419361298967,0.7857275193595372,0.513656405013268,0.32709540151635225,0.15924819347037783,0.09081493425226861,0.007996231520528,0.14570730056094242,405614.3,9404.7,255869.9,4.474176418654115,0,4.474176418654115,268
88,0.0910852625287796,0.4240701711638787,0.266181246189344,2.373811811582362,0.7567179719015159,0.4812420494500886,0.34269394260594743,0.1760640079439622,0.0013563514415696001,0.04577863977462661,0.31260571088306366,7457.35,39890.95,582866.65,5.490852199810567,0,5.490852199810567,309
89,0.1309624836816082,0.0887245897075236,0.05927738820239921,4.704343517898487,0.2581168831168828,0.15584981017339503,0.1672892522463,0.07686093758030461,0.014016940509745002,0.11677505643638822,0.11579362152950601,68483.5,93395.95,168845.25,0.9818039151143824,0,0.9818039151143824,13
90,0.10221648851310361,0.10873691907767861,0.04946031700072,1.660232076078651,0.25467767295597465,0.15591966962373802,0.17048137044967882,0.0735989599265828,0.0787967979961114,0.089322114099513,0.0,326308.0,76749.95,0.0,1.5084863017319576,1,101.50848630173196,339
91,0.0399720243242472,0.34164041426314984,0.19262857636948863,2.029858373495177,0.7132962259381548,0.5145953274644969,0.31916175411782477,0.16624291841767702,0.032858575550519804,0.19036643855563562,0.3272232029886734,162404.35,189262.7,747986.85,4.215032594818245,0,4.215032594818245,242
92,0.0916976571237906,0.32473936777500484,0.2023337756469512,2.5264331288072865,0.7208465176863901,0.49362716174913884,0.33931869230528383,0.1670541459455756,0.0109450480769802,0.0959689638861364,0.0,53683.35,79132.3,13.05,3.9509913511463357,1,103.95099135114634,445
93,0.0715099080298132,0.31881380937684145,0.1385891753367816,2.7730005636017863,0.6333564237594485,0.562853617906691,0.28960658894955643,0.1475397931437512,0.041756342909799,0.0270826506931706,0.27066208024465566,180284.3,24816.75,483379.25,3.475659234221215,0,3.475659234221215,180
94,0.1434152685088414,0.1523683044663522,0.10769803948961701,3.430288781352597,0.41995412844036667,0.3405516710841378,0.1712638274803492,0.08818450143551221,0.04492382644239461,0.1378390791859054,0.1491298750224586,195187.4,114642.8,234524.45,1.9553517699445702,0,1.9553517699445702,61
95,0.1302762297100452,0.2618609776328744,0.11502797812791081,4.093324656051991,0.7072533286818998,0.5645227337202142,0.29075776962904626,0.14471949665073822,0.009868140352150001,0.15375105267409261,0.0,47500.55,120484.85,0.0,2.5450816039043245,1,102.54508160390432,368
96,0.0159802210767262,0.4059562560659142,0.2184401562166908,1.7405649480906944,0.6818417387261003,0.5331440113558659,0.30464864964247146,0.16217228817796664,0.025789094979474004,0.1898662203532486,0.0014360971213850003,123180.4,172091.8,2341.75,4.795229176857616,0,4.795229176857616,289
97,0.13636694043107062,0.1934632369072392,0.142269451097498,2.5138367315912182,0.4860081267777324,0.29655588120163023,0.2035284313779532,0.09991568742041561,0.0871558134838482,0.24512808790716742,0.31340623543734103,404719.65,240750.75,701844.95,3.220059350420064,0,3.220059350420064,162
98,0.14927008939022182,0.2130941556486614,0.11785933618265301,6.29816553604289,0.3426197594606214,0.5377783215084687,0.29832284235528544,0.1638988361362448,0.024738612160779,0.11683133837969022,0.004481572365609801,104649.4,92389.65,7289.15,2.302193447515662,0,2.302193447515662,84
99,0.1052561041915718,0.2978147570509524,0.1965639142144788,2.9979205219207836,0.6406284420919328,0.48882636437743476,0.338772301899732,0.172401333722832,0.0445494823877084,0.11188526501801122,0.0,193116.8,97875.0,0.0,3.8171384522066085,1,103.8171384522066,440
100,0.10253941182780861,0.23066503418665402,0.170942391024017,2.7473934581903956,0.554419332664093,0.43236424984816485,0.24101446689872139,0.1266212832531128,0.0818498207025716,0.1451159828687,0.0,352587.8,129505.3,24.65,3.441835990154838,1,103.44183599015484,417
101,0.1330559929414766,0.1683109549157164,0.11401130279542979,5.222362055591046,0.4263903659932467,0.29981506934835667,0.4772102632042648,0.22297466744737743,0.134622996995786,0.0229624011304986,0.22730705023591824,585553.5,24529.65,433608.0,3.019683901583025,0,3.019683901583025,140
102,0.0332018716291238,0.36913492691161903,0.1937086612025022,2.0477429106080587,0.667161885856755,0.45645021572291905,0.36619785486821144,0.1773519294088684,0.13331287555334662,0.2032016729583642,0.0,627857.25,198458.6,0.0,5.130800047500224,1,105.13080004750023,481
103,0.1239827011088032,0.2892768776345398,0.19753340838735262,3.4674632844399684,0.5985295038508821,0.3796466389181986,0.2848830722554516,0.13547028882634843,0.1022132416584018,0.261870082509122,0.16445184989822542,449555.1,247525.15,295762.3,4.384940482861149,0,4.384940482861149,263
104,0.0533263461945796,0.3492572704924476,0.21451035062067364,2.2361044248267996,0.6814982728842829,0.4846632771738526,0.33959111966499483,0.1757456031611512,0.068128613817018,0.0853061427427064,0.0424647731902612,294277.5,77986.8,66811.65,4.572506253561184,0,4.572506253561184,273
105,0.06106609379293321,0.3467894503837574,0.19015715096136301,2.5046262542064874,0.6647597846695203,0.44981361094352784,0.3696666024598822,0.1805197865965884,0.16650989395770982,0.0,0.1846800308006144,746754.35,0.0,331164.05,5.2350018726660466,1,105.23500187266605,484
106,0.0218332046719958,0.4084411770040003,0.22491777810556224,1.7422160448131112,0.7212227470518628,0.4979857884126896,0.33334722527427385,0.1686669863130354,0.1137480515955632,0.0,0.3684369845071144,517329.55,0.0,855674.0,5.775254201053592,1,105.7752542010536,488
107,0.1232687477935928,0.1861909991163026,0.12782471275101182,3.9948346604379807,0.5455977494501638,0.5101075386343981,0.18951410849831501,0.1003783528672862,0.08997447446877241,0.16478214212806203,0.35525255519741006,425105.2,161428.5,831789.6,2.8647508042160794,0,2.8647508042160794,124
108,0.0316533511620102,0.2050921382079424,0.0994274272943884,2.2334178614893627,0.4283911994903528,0.30063035518045045,0.1979825050980128,0.10138713972153601,0.0008197976143916001,0.2021334731424838,0.12564063010914062,5064.85,184595.15,222696.8,2.344949648831536,0,2.344949648831536,90
109,0.135929850176539,0.25535089485598406,0.14605797979449262,4.809561837220499,0.6519803883282934,0.525764931651488,0.3105159127981924,0.16371915555031782,0.0,0.257444219349144,0.3560910251500144,317.55,224365.75,755059.95,3.230317802359245,1,103.23031780235925,409
110,0.1301709532895584,0.19293827587415982,0.12150829243518099,3.9327835233715214,0.4849868671154038,0.4921371296572904,0.2038678671827312,0.1039950031599776,0.128262853205723,0.0466238482205784,0.0,535208.05,42096.4,0.0,3.103329048587561,1,103.10332904858757,403
111,0.11770483006616841,0.17350066372841902,0.060628517432677595,3.6654314507432844,0.2892574379105838,0.35859261166070866,0.16199139146570302,0.0794159968735874,0.04049763169842201,0.0,0.3819466653307336,180519.2,0.0,852511.55,1.881481159645479,1,101.88148115964547,347
112,0.0858586667086556,0.31640610543569303,0.21861563924908642,2.751085009166053,0.6828014008082668,0.5261799569255214,0.3157976392432754,0.1580224038312022,0.1008496302083314,0.16081671464301922,0.34307523291815045,467136.35,156283.9,784966.2,4.753354050375015,0,4.753354050375015,287
113,0.0656860596607252,0.31821008309639864,0.16497818434184722,2.536783703591367,0.6119189084104881,0.5653190059674874,0.2870934778725918,0.1475875161599196,0.012866967509157801,0.174456999048021,0.18585263756497544,72465.2,159953.85,335818.55,3.527324456366252,0,3.527324456366252,184
114,0.0653038780195526,0.1099603690884988,0.0405203457231698,3.029006494688454,0.17849278272127042,0.1887935100852816,0.1433406083777454,0.0678658815369722,0.10297844367584322,0.013523239090932001,0.010960094176603201,437794.15,12926.75,18486.05,1.758543563223174,0,1.758543563223174,47
115,0.125609305044846,0.19445431329709043,0.1259285014241318,4.371809108456041,0.6578235952609338,0.39950046642714043,0.414176895823063,0.18632263774979543,0.024804764344288,0.101176503662099,0.19314239761206523,112511.3,85767.5,324817.4,2.2611964591475937,0,2.2611964591475937,80
116,0.1275018413526708,0.11938718938891321,0.058118697865585614,4.1031486588147414,0.24990162403708266,0.2142279114973132,0.12203658900707862,0.06373549949560761,0.07174837566431261,0.0060044262958464005,0.0,278972.75,5148.95,0.0,1.708905803318648,1,101.70890580331864,343
117,0.11537922356833322,0.3563148300618354,0.1707968476148102,3.0675918293420033,0.6867686171635334,0.5029924383038963,0.3317551793297788,0.1652523823663232,0.1406459450984096,0.05692695155259301,0.0473079703063846,615469.9,53277.35,80849.1,4.631431328706891,0,4.631431328706891,279
118,0.1274522655676466,0.1821391017104954,0.0972024679361578,3.9795128464604868,0.39115605628704564,0.242377507453359,0.24546830017152024,0.11215419237512021,0.0222664616484432,0.06761746458293741,0.18211684257812683,97339.95,56393.4,285477.45,1.9500175356485776,0,1.9500175356485776,60
119,0.038537655411642,0.22234343517810623,0.087854972195109,1.5524087920019016,0.3956081186789421,0.264597582287292,0.230274139235568,0.1051282784771392,0.1259801442033146,0.0744530007597892,0.36370331848391785,599917.2,77076.2,876707.7,3.135604672461278,0,3.135604672461278,148
120,0.1268276695204846,0.3163401461636938,0.17948833494334743,3.6713065215398304,0.6604792969796223,0.5837336770201939,0.2714292648290366,0.14483705815076822,0.11785867127710022,0.2039532911995336,0.11444155293682001,528655.5,193606.9,212277.1,4.320785817584434,0,4.320785817584434,257
121,0.14029926570865162,0.3093145367574364,0.152559096654991,4.6890997052228,0.6786054812184016,0.4423939019758983,0.37255756521766603,0.1850485328064342,0.0877191758207424,0.0779055742632302,0.0,337165.6,62118.0,0.0,3.7224844455725896,1,103.72248444557259,433
122,0.10555928802335342,0.2549164647712036,0.1404375410805648,2.6893426728333316,0.5121734903202491,0.3944223915245596,0.26657890221123903,0.1389987062642004,0.07482507781545641,0.265796958706215,0.077833945666125,324095.3,242921.4,127950.9,3.3337359572612852,0,3.3337359572612852,171
123,0.056178396726981605,0.07036943233204221,0.043257170623404805,1.0175291612794706,0.150442477876106,0.10476190476190461,0.06152683295540421,0.0337112622826908,0.023111035831954403,0.0028006549557246002,0.0167512047839348,102385.95,2978.3,24400.6,1.1404425766729633,0,1.1404425766729633,22
124,0.049406157576505405,0.14161904817995602,0.062283723336531205,1.997993545413613,0.2015584415584414,0.19219334676427083,0.14004153906481923,0.0677651141709094,0.09407134111712401,0.0084793949037648,0.32137533284885,409841.05,10706.8,673601.85,2.2654465380701914,0,2.2654465380701914,82
125,0.0393720390369102,0.3581603148194468,0.252959115329063,2.215036869542646,0.7547028241478124,0.5739064462121901,0.27289502398909643,0.1531985297987124,0.0070672554816188,0.084922842314331,0.00032064345032857316,31966.7,70354.0,459.65,4.849286474022939,1,104.84928647402293,474
126,0.1441453881333396,0.31030194477691986,0.1778836632866636,3.897993634680193,0.712487136275702,0.5769534062374766,0.27499850444078844,0.1480480893217338,0.012168411998637,0.17048609774446102,0.0,53522.4,134555.65,0.0,3.5699060246148053,1,103.56990602461481,425
127,0.015497051535273202,0.32123796344743705,0.1491116772665506,2.0389135422843987,0.6066048903204072,0.57512710218297,0.2811439465472888,0.1437289512697398,0.011241444864087001,0.0181929181851302,3.654970760233918e-07,57299.65,17756.7,0.0,3.588294306414739,1,103.58829430641474,426
128,0.0384738443196374,0.1495870593785646,0.07926883385513242,7.058109812116579,0.28388536528071384,0.19628997577955862,0.13726348839625563,0.066446535824185,0.1159045930723058,0.0236465106871746,0.0,493243.6,22825.9,0.0,2.5815871899365654,1,102.58158718993657,372
129,0.03884941395171541,0.2483021857401868,0.0876421323675832,2.539430770772543,0.48828021066827,0.5267694553118633,0.30716839024749165,0.16606215444064382,0.138771062017006,0.0271028233420324,0.1112676102747328,626990.15,29137.75,204444.2,3.2149420925109875,0,3.2149420925109875,159
130,0.0394431932309216,0.2899123060100958,0.15197226960643523,2.352536863521409,0.5954629738284123,0.5988765414757591,0.2681264702745094,0.13299698824973022,0.0817900055644422,0.0,0.20429595558089203,363571.55,0.0,368236.2,3.8302503476960834,1,103.83025034769608,441
131,0.11255202662655202,0.27578063759451804,0.18855688292405443,3.56925199073702,0.6783486405147359,0.6063363845420107,0.2656190645740488,0.1280445508839394,0.16426927004465702,0.0373086090472894,0.0526066902752436,683347.3,36051.35,85890.75,4.601941294448818,0,4.601941294448818,276
132,0.13556773372137781,0.1229814482581452,0.09139361872831721,2.3810536345300193,0.347535505430242,0.141196506275398,0.1785581867874994,0.08024530693710201,0.07206520579458361,0.2631012489212196,0.00031225059622120004,308793.45,233457.25,672.8,2.1552656063262567,0,2.1552656063262567,74
133,0.1313560806761122,0.3595996412469972,0.227568875426714,3.4205913177016454,0.6219092139677874,0.4078512420155036,0.4059093526907662,0.18623940529372882,0.07918143461927121,0.18914534772822902,6.35901482254e-05,333884.25,167050.15,82.65,4.853380359501222,1,104.85338035950122,475
134,0.1282464743667604,0.1596386286330966,0.08910593362193941,3.134783548806914,0.3107691792839348,0.270753291616377,0.2230370507504306,0.10620965763319161,0.1557507268368262,0.0796909898180332,0.19473765600006082,648209.45,71150.05,337867.4,2.7440530568154435,0,2.7440530568154435,113
135,0.14514416106118283,0.33181943214917287,0.20996116582402102,3.905858350732739,0.6978005575664141,0.48781141264165856,0.3431987734587286,0.1689898138996116,0.1311894825505298,0.199253355519967,0.0,580240.7,180709.15,0.0,4.921369851645203,1,104.92136985164521,477
136,0.12193127994857782,0.3196220609444426,0.162651173797908,3.2759796942582127,0.7432894736842103,0.383547554570124,0.4234291283394656,0.19302331709040882,0.0147282122709988,0.24154613496895022,0.1927290937978418,72755.2,216683.65,352374.65,3.575463669457543,0,3.575463669457543,190
137,0.11368037504611421,0.3831620522539366,0.21528338824414,2.809512015496204,0.77391931323885,0.5393260573934506,0.30688045812105463,0.1537934844854934,0.043282330171013204,0.21946791376485542,0.003710426558746001,200829.35,193927.35,5917.45,4.6373483573219865,0,4.6373483573219865,280
138,0.057608577483248005,0.3481632919250962,0.1387196682897088,2.1862203942371203,0.6071245471324884,0.49710434441870477,0.33814282580484784,0.164752829776446,0.13950251727641,0.2173401806466674,0.3018756374060686,683722.85,229015.9,699335.0,4.478370666341074,0,4.478370666341074,269
139,0.13663871486937781,0.2075516524289358,0.09164036940925022,3.1974950871787873,0.5258774384988752,0.371510060109409,0.29149691271483263,0.136993027175757,0.12038730111779221,0.171666773091501,0.0,544495.3,157935.45,0.0,2.7436705091210807,1,102.74367050912107,379
140,0.1220550233668074,0.23773685667106803,0.12039115411232341,3.7458879748539275,0.6576092922693466,0.32226479961265964,0.4768702744985348,0.2008649258888044,0.11603889690509742,0.0058900074108354005,6.235975445280002e-05,490311.7,6385.8,30.45,3.3589349386538214,1,103.35893493865382,416
141,0.0368547295289456,0.1472143959930714,0.08315460458325481,3.9556652470899905,0.3068950498920514,0.3272968443051198,0.17760345872518263,0.0950996969696968,0.08331754360157281,0.0216877571397894,0.29968538805886924,387052.85,22656.25,638242.15,2.3198821247461012,0,2.3198821247461012,85
142,0.0440288419906308,0.28964362704117763,0.12182715810758782,2.5292867069620173,0.5868397072025736,0.39252978387144144,0.415506403300423,0.19196381282813402,0.042149516892649605,0.0605582381986038,0.3456481479419182,189365.65,56940.05,734282.9,3.1719416601681854,0,3.1719416601681854,155
143,0.1477273883182826,0.19637861781933602,0.1008277398253846,3.0565177383778455,0.37985493489610184,0.3013073728166944,0.19899508875142682,0.09969753843187781,0.12136936083709862,0.25150686149278,0.29903543309426245,547270.6,242753.2,635100.0,3.031354205211221,0,3.031354205211221,141
144,0.13402635867087143,0.0182346723044396,0.0069767441860464005,10.378817312207113,0.0059322033898304,0.0625,0.1125,0.025,0.0841513134362544,0.248494772224568,0.28249194132886024,371820.6,235506.1,575648.55,1.1834705749754406,1,101.18347057497544,326
145,0.026095872416098405,0.3801666885327262,0.147829796212846,1.8140908195648642,0.7302533822517768,0.49160535398694466,0.342195244735559,0.16619940127749483,0.0730660008701158,0.0025135552305130004,0.19265423899418743,316669.85,2607.1,324552.05,4.264116088191171,0,4.264116088191171,250
146,0.1346769840538162,0.18314352441823342,0.10616161375053561,2.7638776589028864,0.3638111563777763,0.30487459181085624,0.1963002169366256,0.0988251912525174,0.0368639209612706,0.21386571967935158,0.2210666834717434,166539.75,191152.05,417850.85,2.243587778310589,0,2.243587778310589,79
147,0.1474364192185576,0.2718697906654124,0.132516426680288,2.8395799499704375,0.5865525674344371,0.41820657771397746,0.2633595488091828,0.1184338734768388,0.0684624834050988,0.22680907260501398,0.194228950749711,308691.95,209264.0,363657.1,3.2326917544477274,0,3.2326917544477274,163
148,0.08027676339469961,0.2168897882430278,0.10421959973971542,3.493352546994528,0.4787310367830154,0.4920190079665076,0.20103204994660442,0.10694894208688702,0.0927475450772202,0.00010170006613040002,0.2578064676313442,403159.45,145.0,494932.85,2.922346997965044,1,102.92234699796505,390
149,0.14431629381657482,0.36112772207097044,0.18030420141997142,3.5624495407880064,0.7108776370546787,0.5198590769709005,0.313287605725014,0.16685331730408443,0.0607785762509782,0.05843673706443301,0.22590137628063162,254656.25,51657.7,397938.0,4.17100813267391,0,4.17100813267391,236
150,0.0281982579303424,0.3677969472870014,0.19350211546727483,2.075713605370667,0.6624826799782793,0.5409765557738242,0.3076055227752104,0.1514179214509638,0.0186403422405806,0.2045413744252218,0.0,81858.3,184908.35,0.0,4.2898041019708675,1,104.28980410197087,456
151,0.14230756773690362,0.15141074321768042,0.0861854894972712,4.125720021418781,0.2924617628772298,0.3380253933770822,0.1767131258424038,0.08526148078051321,0.0162557587126222,0.0850547685173274,0.2844737677470438,67725.15,69887.1,509767.8,1.7070964812233023,0,1.7070964812233023,44
152,0.1113470403032378,0.3336685644318164,0.21191218156437683,3.0097662532921525,0.6799572272827716,0.5387580434369666,0.30582408624727603,0.1554178703157562,0.1450276425251384,0.13556430338998463,0.016129490645975204,650122.0,127956.7,29210.25,4.972151289744098,0,4.972151289744098,298
153,0.1458838732914136,0.2856953557784176,0.18009065359617582,4.216908422804044,0.686507757950455,0.4826127080031043,0.34260595396369664,0.17478133803319781,0.097607000938129,0.0,0.0363364278910608,386670.05,0.0,54959.35,4.098544366042954,1,104.09854436604296,448
154,0.044104770320178205,0.2582322235425984,0.1263977327990274,2.776556990146507,0.42044159544159515,0.44133576116223167,0.23737962583384423,0.12128461300392321,0.1277399984580346,0.2500261425644036,0.0765746931603922,614470.85,256126.55,148891.8,3.668858708092864,0,3.668858708092864,195
155,0.1326709692136482,0.32361450198522823,0.19349765453019724,3.809350894795524,0.6600830482733039,0.45491057397336343,0.3663616951407124,0.17872773088592261,0.10202742985531861,0.0,0.11906260540400641,406490.1,0.0,181822.75,4.472279064612913,1,104.4722790646129,465
156,0.081456324193382,0.3042086011850522,0.15569403549495323,2.9096306380291574,0.6582865593068256,0.5603623695669588,0.2858382816074622,0.15379934882557783,0.0,0.11987420274967442,0.37340194338018723,0.0,105309.15,835823.5,3.4897552652252064,1,103.48975526522521,420
157,0.036450390004485,0.12656823936567582,0.0479090984908936,6.2644904595738975,0.17681207553913922,0.1863934109340774,0.29469594991097425,0.11891063915494762,0.030550590504376602,0.048975839061576806,0.2698182602726546,141061.8,46734.95,530852.25,1.3846261903503518,0,1.3846261903503518,33
158,0.12798859307340021,0.29902294007232844,0.17757801396899822,4.488234822001019,0.6786035910660823,0.5041729952986677,0.3291731187230834,0.16665388597824743,0.1150658850422616,0.020787440971008,0.010503451248171002,456352.7,18441.1,15178.6,4.267826553740121,0,4.267826553740121,252
159,0.139558307166692,0.12610722580556102,0.0721770093579476,6.638224361611835,0.3301342855398888,0.21496856758354238,0.26729718430826643,0.11773424810819022,0.0008967080605536001,0.1390081351351708,0.3504301719717918,3446.65,115159.0,704968.25,1.5473473945147855,0,1.5473473945147855,38
160,0.09208796705064881,0.3210069467161662,0.2088243133725106,2.767286990043463,0.7407137322520053,0.5427591941919742,0.2918352769377092,0.1654055288703152,0.030396604171358605,0.0025621422668104005,0.0,136414.55,2714.4,0.0,4.201016841311488,1,104.20101684131149,453
161,0.12961585606882262,0.275818401744936,0.12444607874555862,3.5422613284054862,0.6019483890130501,0.5898046419438563,0.27318696752871824,0.13700839052742422,0.0676380793719344,0.2154198715947532,0.0,290577.1,193625.75,0.0,3.143662055791715,1,103.14366205579171,404
162,0.1500176659595984,0.283502912348617,0.19896824632088142,4.664630144244287,0.7080373373266033,0.5844261757614785,0.27118919722494145,0.14438462701357901,0.11288098061237442,0.183146250870608,0.1830076604213366,487648.05,168227.55,338287.9,4.308139401756212,0,4.308139401756212,256
163,0.11902036889248482,0.0481218338345318,0.0268145770151804,2.0646197587825803,0.1125,0.1113916256157634,0.059667487684729,0.0289408866995072,0.0366553771338838,0.2770661955918044,0.0,169706.55,255491.45,0.0,0.8540870643740303,1,100.85408706437403,315
164,0.12961414658610781,0.23187962284841124,0.12079623591875159,3.773566060070715,0.6114583498830484,0.5435651788507471,0.30256044545072225,0.15387437569852963,0.0387781437902896,0.2697269005858594,0.0,167646.1,239879.3,0.0,2.7346444520090687,1,102.73464445200906,378
165,0.114550662065205,0.12719675651121404,0.0850195295807002,2.397146482844302,0.2641957932598326,0.20735547166498383,0.127581756727097,0.0650627716079188,0.0030998019790958,0.21532750262298322,0.36634227093804445,15873.15,192987.75,800627.65,1.858316112025048,0,1.858316112025048,53
166,0.1393537133904602,0.16028372705722121,0.1027273441714456,7.11357511539164,0.34447550895816625,0.41269186539722025,0.2637091315040436,0.12359900309873481,0.0,0.21736991064199201,0.35470925395953,0.0,193271.95,770244.35,2.1806793344690463,1,102.18067933446905,356
167,0.14283134827469401,0.2848579888388002,0.1586809279458276,3.751738943308766,0.659742401726682,0.4209858038736757,0.38734082987346585,0.1916733662528572,0.11942958149062702,0.234139380949855,0.0006724332272348002,527998.65,215562.8,1381.85,4.0407316194186125,0,4.0407316194186125,227
168,0.1435988919914636,0.0720481273858046,0.0290727325052478,3.7600773200390383,0.13164247517188682,0.20199242847412022,0.13397415805297602,0.06403341347290321,0.0319802443695822,0.1378737833170086,0.2852972559510344,139700.25,120773.4,560559.85,0.7105763524130937,1,100.7105763524131,314
169,0.109213988795462,0.0952495173884228,0.035598258908284004,3.679576269483202,0.0746209624258404,0.232017942684653,0.10868401563657142,0.059298041678775004,0.0546130413113596,0.20726897147170922,0.0,254780.95,191047.65,0.0,1.1548171014185826,1,101.15481710141859,325
170,0.11965984020364781,0.10769756371411601,0.06169919100054041,2.1243866116029317,0.2981527093596058,0.2110164664457332,0.1243415147749238,0.0646420187793426,0.0,0.19081562268327082,0.29849953034074544,8.7,166484.65,586714.95,1.4154277832660693,1,101.41542778326607,334
171,0.12889357844190602,0.10916592306028042,0.060545245139998406,2.5272646088793262,0.2701553398058252,0.13852042030404382,0.1786404027630466,0.0828391769329088,0.030127643058249796,0.0905067841205778,0.0,132157.35,74318.3,0.0,1.2238421835916156,1,101.22384218359161,328
172,0.0323312820089496,0.06905066005099961,0.03507992895204261,6.890078491691752,0.11864406779661,0.09888066780497042,0.0680326313792448,0.0330867008157844,0.12313995706655141,0.0003959267203444,0.3838801835548322,548452.35,375.55,898395.35,1.930701978463078,0,1.930701978463078,59
173,0.142149790481881,0.14724143140875662,0.0809201728145522,3.958012802327477,0.3887198843116466,0.28882134531334824,0.21184750603126262,0.09933114865538842,0.099245930373661,0.1519202263874882,0.3526447183564804,446253.45,143963.25,793938.8,2.1976282317242792,0,2.1976282317242792,77
174,0.143785251726611,0.17343400756546282,0.12711946620137,3.1334667805318257,0.43612279266818527,0.35188135925884245,0.1611009387963028,0.08701770194485381,0.1015538622775218,0.0,0.0890141735120316,395193.15,0.0,131236.6,2.9057092082027127,1,102.90570920820271,388
175,0.08101736377604041,0.1628390320616006,0.072001214069548,1.7988654044965344,0.43454545454545423,0.2346685433680344,0.2549937595048978,0.1103376971270668,0.1392086737308368,0.0229275146401012,0.0,595056.8,23297.15,0.0,2.6470578113488945,1,102.6470578113489,374
176,0.12631030769470541,0.32911259037474544,0.14577575849983562,3.2741178953668433,0.6631797324354393,0.5472472620545497,0.2986177897529029,0.1541349481925458,0.0691747479733748,0.25577791291226537,0.3186995805813792,318205.4,252594.35,716895.95,3.845046076381438,0,3.845046076381438,211
177,0.0126447641159496,0.3069183611829212,0.1795065854157814,1.920552062927961,0.6364272994384884,0.6604180858739402,0.22790485243356642,0.11167706169249161,0.1408852427234872,0.06508755097138841,0.30679338731111044,689247.35,69141.8,703187.65,4.7421158203099765,0,4.7421158203099765,286
178,0.10585369987595741,0.32262381093036285,0.1457239502823592,3.0796273256476536,0.6379444229100321,0.38575329005996023,0.42602746055140406,0.1882192493886342,0.0184344243936362,0.0923920223336858,0.27746776631073083,82122.2,82026.5,537391.75,3.3048344071265014,0,3.3048344071265014,167
179,0.1304626340133288,0.0446668734300816,0.021497746668267603,2.875722902957047,0.079295154185022,0.12034538586076622,0.0516999460334592,0.027954668105774398,0.1347103188162258,0.0028887961204152003,0.00016446198419017738,534954.3,2784.0,372.65,1.4588617393681451,2,201.45886173936813,496
180,0.149482422241062,0.14681903578047661,0.06659761572180481,6.843276944478855,0.3294349386715708,0.3929894267339854,0.2676283196593656,0.13938225360664802,0.041819012723619,0.0029392898585826003,0.2960080686565138,165044.8,2840.55,550238.75,1.7308383836027577,0,1.7308383836027577,45
181,0.089373366212283,0.11820446248024022,0.06690331589011961,3.769191848075765,0.3437817029839526,0.1956669975957904,0.2834929165259986,0.1208400858782102,0.025131735165921605,0.10111707702557822,0.0009620311927582,120634.2,88129.55,1455.8,1.2774586389473452,0,1.2774586389473452,29
182,0.10732704926899421,0.1718657284301194,0.0877585700207152,3.279838801918697,0.3782048488777646,0.27263835120273644,0.2281964750464728,0.09916517375079001,0.014986478006731802,0.1446442991326728,0.2934482293898632,64076.95,124043.15,555988.0,1.8326315299498308,0,1.8326315299498308,50
183,0.1332451060650164,0.33243119857878745,0.20860986274389443,3.3452716594041947,0.7166909178015659,0.5070502257487188,0.32270540407978665,0.17024437017149321,0.130056025793373,0.21412858903543439,0.21129022644690823,603793.05,210515.35,434643.3,4.922589081027495,0,4.922589081027495,294
184,0.0632186605321724,0.1331384071925596,0.0883096900115352,2.598012508725556,0.31393939393939385,0.18512868945805722,0.1411731190362658,0.0736981915056764,0.030308707217390603,0.2755945367835848,0.0,148195.8,258735.1,0.0,1.9592149163015409,1,101.95921491630155,351
185,0.0343028844983278,0.20478708070985538,0.11999298578069661,3.98981903922936,0.36333736982693987,0.26305691357955585,0.36723707148114243,0.16970601493930063,0.0550342146101098,6.12357910966e-05,0.140609654563396,235948.35,176.9,224937.05,2.7691627698815124,1,102.76916276988152,382
186,0.0789045902621782,0.32612118216717023,0.15585504442592363,2.6734683952226734,0.5072987802471083,0.5283699504300277,0.3213778073372,0.15025224223277084,0.0415029773799834,0.1688586467991874,0.11718483040522261,191827.75,151938.25,194408.75,3.50920292688761,0,3.50920292688761,183
187,0.12718103423757082,0.14035242191304262,0.06092081003678881,3.3455479162076367,0.30252100840336105,0.35753545425567324,0.16320999202372982,0.0792545537205964,0.060308319022329006,0.0027394542471008,0.36231109755662444,260250.35,3359.65,773956.35,1.8214595846851076,0,1.8214595846851076,49
188,0.060415626884212606,0.264221282374666,0.15026952185903703,1.8602125698090926,0.5297072610552508,0.41755977174524406,0.25936465992266966,0.12307556833208541,0.0101318290121216,0.0284235812504674,0.0453062270226766,44690.45,25531.6,68835.85,3.1704256587362223,0,3.1704256587362223,153
189,0.109394793919328,0.15502095567577023,0.1062335777809524,4.487104563974,0.38179802955665004,0.2947650887819168,0.20513648820893082,0.10009842300915181,0.1280610852291154,0.1301676985612174,0.0,530901.55,113181.2,0.0,2.6760116113060923,1,102.6760116113061,377
190,0.12741009221795122,0.020755053400145405,0.005582571372282201,3.674938423381532,0.004081632653061201,0.0,0.0,0.0,0.033533294058311,0.150451951391316,0.21960682256105885,154903.5,130137.5,389238.0,0.46164142022702515,1,100.46164142022702,312
191,0.09928653623163361,0.41260267316207344,0.17926914277758701,2.325244169778362,0.7927377675884495,0.48681848052712845,0.34227105984023487,0.17091045963263563,0.035184258393897806,0.0060539339170832,0.0,158390.75,5891.35,0.0,4.429497320475816,1,104.42949732047582,463
192,0.1425595251528536,0.24021687857863463,0.100305849219034,4.515334752049478,0.6724322973596573,0.5481532054840076,0.30350615307881845,0.1483406414371728,0.0414961648242034,0.0349312932825124,0.0316661163390088,174343.65,30158.55,45635.85,2.437641706766165,0,2.437641706766165,94
193,0.043686054129872205,0.23098819296963521,0.128868559537115,2.8636453118582503,0.5569047619047617,0.434181073485408,0.39641840705510784,0.16940051945948262,0.060823664874163595,0.024404436173231403,0.2129834418563472,269279.5,25936.15,388749.35,3.0063471134020436,0,3.0063471134020436,139
194,0.1016877257760012,0.3106438547242784,0.17232343474736522,3.67678711272281,0.5893266441855111,0.5688130362911267,0.28090928326987563,0.1502776804389962,1.0518133970343889e-05,0.076348310937063,0.3692086141511378,896.1,65656.0,788976.9,3.7115989993345164,1,103.71159899933451,432
195,0.10494237350143461,0.3086530040590958,0.17317082618666263,3.4070786684248455,0.6927197078108638,0.5864304412190521,0.2760302818618336,0.13753927691911322,0.1277147591396946,0.013075185058374,0.15395876481030682,532783.65,13042.75,253567.3,4.365985273882565,0,4.365985273882565,260
196,0.11301738044596421,0.307041635931297,0.17553381349437142,3.3845438230497065,0.6603069429560392,0.36690570309935544,0.43051747330015966,0.20257682360048362,0.12340186895702002,0.012472232142354,9.5119551373e-05,511464.3,11731.95,147.9,4.413608732011944,1,104.41360873201194,461
197,0.12961733555302382,0.27438792832247183,0.2045852879353584,2.883321009870484,0.6214535127164155,0.38502401565681704,0.2775844726673704,0.1373915116758112,0.10743114673040621,0.1321003146055048,0.1057863431815512,457000.85,117914.0,178940.15,4.206513043334691,0,4.206513043334691,240
198,0.116106865232391,0.29395306685959344,0.15407683087062282,3.492308347041613,0.6378886564507956,0.5664270604207429,0.2942122949598812,0.1393606446193746,0.0983717173977084,0.26633529414943247,0.008118700940066,445725.65,255434.9,15761.5,3.91067743902343,0,3.91067743902343,216
199,0.0710087273746832,0.35166604332823265,0.17599243536672243,2.1341139836685965,0.7643289021271839,0.49282398702732266,0.33951187425160484,0.16766413872107103,0.033393091392892205,0.008624716507462,0.08599082097095541,145071.05,8510.05,132976.6,4.008619633780469,0,4.008619633780469,226
200,0.060996432369877805,0.12069489073325641,0.07301488026996401,4.7961362311542555,0.20292189140468658,0.2206311254938534,0.264086916722969,0.115281957783177,0.0,0.1660536156442914,0.22313375625079504,0.0,150060.5,419186.3,1.539529405871657,1,101.53952940587166,340
201,0.0501401254170588,0.32767564943724825,0.1380861247885502,2.2837312690334697,0.585357667814806,0.5122765970443414,0.3229314929042998,0.1647919100513576,0.0849550796146464,0.025197982094615802,0.3449122415614142,374508.9,24497.75,724653.45,3.95399870591763,0,3.95399870591763,220
202,0.062623993786699,0.2983298196222912,0.1768802884834048,2.7137818310157997,0.6004580009400524,0.38629194879605744,0.40881549516091764,0.20489255604302342,0.13758995470894603,0.14838971053754602,0.0,609532.15,137271.5,0.0,4.419133182044453,1,104.41913318204445,462
203,0.0879436103439796,0.2843386162477358,0.149342772933602,2.4586295353036958,0.5653846760404134,0.40053695814928647,0.2653277671367932,0.13413527471391962,0.0018674310771716004,0.12402929880609521,0.28275011901864683,10206.55,109982.5,560010.3,3.242703660848258,0,3.242703660848258,164
204,0.1251931794155216,0.047697586216439804,0.023848939472322802,2.690511239307738,0.08680851063829781,0.0814058956916098,0.0801209372637944,0.0384731670445956,0.0,0.1670137426285988,0.006925939916095801,0.0,132374.85,10879.35,0.6066165810001947,1,100.6066165810002,313
205,0.13272229520711662,0.24052470554201938,0.1633099029653888,3.454141822351795,0.5770555446258767,0.477532219761209,0.21134920360226203,0.111118576636528,0.0949214306294248,0.0211145888604636,0.0,388156.3,20278.25,0.0,3.6281683334005477,1,103.62816833340055,428
206,0.133024510309493,0.2374080511773708,0.0983172993972306,3.335491139313173,0.35042953636303986,0.28764468396660225,0.21017216103570383,0.10218315499769322,0.1432608941924886,0.04193718114775861,0.0,582048.85,39611.1,0.0,3.27655614076389,1,103.27655614076389,412
207,0.10875303843308701,0.2999640087707302,0.15586185124552202,3.3158709007398257,0.6138342359737624,0.3951061418846814,0.4083255979887328,0.1965682601265842,0.00032943133086720005,0.27177992908032006,0.0,1697.95,241259.7,0.0,3.545246297494584,1,103.54524629749459,423
208,0.0270304715360348,0.061386343777452015,0.0329979433602732,5.606308343856595,0.12878787878787862,0.0782292699041954,0.08404360753221,0.0377271225635942,0.045078545388107405,0.0,0.35489412783946844,213550.2,0.0,786378.5,1.1989207079877429,1,101.19892070798774,327
209,0.11768983422091901,0.20451176478837002,0.08594214497419302,2.0269263362098338,0.386138700088983,0.29589821924546966,0.20448848475877063,0.09961329599575881,0.0384812664174694,0.2718916544661178,0.0417484656023532,166439.7,247928.25,71096.4,2.242006468771487,0,2.242006468771487,78
210,0.1391813204295712,0.19505190633884442,0.1291984658265472,2.4186536655582027,0.4502380952380952,0.3649896789212367,0.153259841592125,0.0817504794866378,0.028104981370312403,0.0278607672329656,0.00042947645893847764,120744.4,23372.55,498.8,2.530247333672772,0,2.530247333672772,98
211,0.1165557870372774,0.2776753696176792,0.14401729023852622,3.817185953536599,0.5847780930231157,0.3508520207330784,0.4567250336449728,0.19242294562194723,0.118757372055013,0.0,0.29539269472385143,521744.8,0.0,602572.15,3.934383098388286,1,103.93438309838828,444
212,0.11285079719478182,0.27742124634781823,0.1224405622764354,3.162186158229388,0.5669357760169252,0.423342238240616,0.252270374941871,0.12438738681751223,0.07371791695495541,0.0,0.07033550458794222,305068.4,0.0,108049.65,3.192220842993387,1,103.1922208429934,406
213,0.019689753739318798,0.3654953128506092,0.2238663890378206,1.9077444352725976,0.7151482966796523,0.521520136311799,0.317714754704427,0.1607651089837728,0.12681337552441121,0.2357085649320802,0.0,619067.35,241555.5,0.0,5.489221412793335,1,105.48922141279334,487
214,0.0911487949127734,0.287200148828743,0.1384176178405766,2.7429861153752766,0.49480445795339384,0.5282927971428732,0.31090845232039205,0.1607987505367336,0.09417890115597641,0.027854505372366,0.0131671363496242,390624.2,27090.35,23133.3,3.6127293414527246,0,3.6127293414527246,193
215,0.08915052278981801,0.22670563939153382,0.13825686971327142,2.576842172350472,0.4603421575502568,0.3077965661641938,0.1941612494127058,0.0980421844230996,0.0254938944238546,0.1626941478709398,0.2165775102377156,119220.45,147099.6,398203.35,2.7199558622321582,0,2.7199558622321582,111
216,0.067207997322776,0.247949703634852,0.16245855955744842,2.4600050205664172,0.5215336564738704,0.33035472880518,0.3125360409981372,0.1571092301966814,0.018781877217384002,0.061920450989706596,0.24848248705133025,89646.25,56087.45,458194.2,3.1942614476355238,0,3.1942614476355238,157
217,0.11499385169346821,0.24868564285687605,0.1474027692602626,3.245631374162565,0.6654236795608075,0.3561333908385774,0.4422190384478224,0.20164757071359904,0.0346590504403652,0.1711713797054258,0.053066915923749,163168.5,150247.55,92366.45,2.905929917592155,0,2.905929917592155,129
218,0.1170317919662714,0.26076719114627883,0.12900589479371521,2.56465567775509,0.5717664449371762,0.4261317060816764,0.25206335297688043,0.1218049409414422,0.0118323238840122,0.0006696870578071242,0.21984504277600983,51414.1,1231.05,364830.15,2.8919640440607997,0,2.8919640440607997,126
219,0.1304280132000972,0.2838342262305088,0.17003804347334261,3.615301658708746,0.7935908760973467,0.5451486592952218,0.305917358793337,0.1489339819114396,0.0182109787387768,0.028802479308088002,0.3604494725959563,83261.9,25409.8,722520.5,3.532187063730988,0,3.532187063730988,185
220,0.12419290622085721,0.29750330662009106,0.1365641032611232,3.162148690035315,0.5603525427202388,0.4400278722944272,0.24464087416964625,0.11533125353592562,0.018049931896833002,0.11257256166787202,0.0,77670.7,90974.45,0.0,2.9882289570617173,1,102.98822895706172,395
221,0.09357596713458241,0.29734603995786923,0.14527047699703322,2.5385700365615937,0.5946325797004897,0.38254045289299243,0.28250664330807684,0.1349529037989296,0.0259325355519124,0.0,0.11233016909614542,109873.75,14.5,176933.35,3.2707670405663607,1,103.27076704056635,411
222,0.10638448965221221,0.22432606092437482,0.10078539787842722,3.719002997788702,0.4219284801916238,0.5386650404383206,0.17678982737702223,0.0845451321846558,0.0011034989117172,0.1366134667789548,0.2999283466031698,6625.05,119230.6,597868.35,2.3231415124697543,0,2.3231415124697543,87
223,0.017876228052508,0.0,0.0,0.0,0.0,0.0,0.0,0.0,0.0931768408835618,0.0786348158491128,0.0,429265.25,75797.3,0.0,1.367276962658578,2,201.36727696265856,495
224,0.1056056097387362,0.14406605993540902,0.09343532270995981,1.8734771549571698,0.3251778093883354,0.18570250471296462,0.14549714982604742,0.06880034546098761,0.011998003940976202,0.058899310123766,0.32104013434150225,63051.8,54061.8,638401.65,1.929029530242639,0,1.929029530242639,57
225,0.0936420458487754,0.1648490079951794,0.06747843361136881,5.03447333781452,0.2719249184292352,0.3534851507819744,0.3271537422801252,0.1193611069378994,0.12462969045760522,0.00938547963169,0.0,514670.25,8727.55,0.0,2.438129524296535,1,102.43812952429653,365
226,0.13840620195636202,0.23132276896000983,0.13698658227048383,6.372937608931198,0.46346346450870846,0.6019562257039061,0.2750461098002914,0.12299766449580121,0.0388374596368956,0.14527418446198262,0.10472132799369041,160062.6,118741.95,158886.65,2.6544532620814763,0,2.6544532620814763,104
227,0.0338860988595984,0.1873578749566382,0.11294610041445481,4.915564187855195,0.3576730121895476,0.32965190907635983,0.1763978104593906,0.09395028046424861,0.026636518816208203,0.12458250833525601,0.3131281934024978,128889.05,117173.05,669436.0,2.3333347857574984,0,2.3333347857574984,89
228,0.06349246527087721,0.30287390566897404,0.11272190359826542,2.4163892729385656,0.504714881967846,0.5871516993166712,0.27342027839138283,0.1394280222919444,0.1125080573486682,0.0,0.1648226309380096,487527.7,0.0,297192.0,3.635120882475132,1,103.63512088247514,429
229,0.122932403011897,0.0548517689620962,0.023814985694944002,1.244370139235155,0.12815533980582522,0.0895747266099634,0.0753341433778856,0.0350911300121506,0.119243225999033,0.263269117349032,0.17122536000798422,538947.6,258695.95,327263.55,1.4645527438273958,0,1.4645527438273958,34
230,0.1387341280294436,0.24772233057351084,0.138939500679563,5.062190052540872,0.6354538988795273,0.532517531000188,0.30997828283920426,0.1575041861606062,0.07072801534398261,0.16227570200061922,0.0,293952.7,136534.9,0.0,3.076504788903734,1,103.07650478890373,400
231,0.0206153257660514,0.1124187807460562,0.06069865033485541,5.5672684150982406,0.16361112249685564,0.18890034772655043,0.1440296499910742,0.06707000228237481,0.1471674563102234,0.1509155821523048,0.0,682819.5,146032.4,0.0,2.2941550245878695,1,102.29415502458787,358
232,0.0791467660981322,0.36177836260652124,0.22263072532297662,2.300665548058658,0.8106691300667197,0.527108276392297,0.3185146957181324,0.15437702788956903,0.015245943309548201,0.14272649695343181,0.25569046295482,81115.9,131609.25,501135.95,4.453612889837155,0,4.453612889837155,267
233,0.14682870143852922,0.29257723345450704,0.1417012583034338,4.2568681115723965,0.6645582462317828,0.566130796433823,0.2911170059182818,0.14275219764789399,0.07318529625190741,0.0037063700346604,0.0,280766.4,3353.85,0.0,3.536774043156368,1,103.53677404315637,422
234,0.1409758222721932,0.0,0.0,,0.0,0.0,0.0,0.0,0.1478442945901466,0.17090956173028843,0.0016370844912206,626215.85,150363.55,2792.7,1.5685620217696248,1,101.56856202176962,341
235,0.14707772637324182,0.11622203845897101,0.0692904726143744,2.496376469775156,0.27259016393442626,0.20370203485114602,0.1283052618790082,0.0679927032698456,0.0193665489924734,0.19600454688241722,0.3488968038254382,99541.05,169758.75,725346.55,1.4992541975588562,0,1.4992541975588562,36
236,0.10720272561321101,0.067205028622962,0.021175432113937,3.803041302714484,0.09519838987924081,0.1243188877831054,0.19001688832594463,0.08566422389094941,0.0003081820217888,0.21623841477935063,0.1078096744404776,3091.4,187282.0,177081.25,0.6682674596425368,0,0.6682674596425368,5
237,0.047125574187746,0.1495995720607636,0.060995959467749605,1.0641456113089187,0.3100789313904066,0.1625272490482062,0.16457094578540782,0.0729018051663854,0.0494775683885718,0.26302817810284085,0.0,245487.9,254580.85,0.0,1.9381603179330398,1,101.93816031793304,350
238,0.1322272289833894,0.311045169778017,0.1751589440332592,3.3987390463927363,0.6891596677875544,0.5136333373432455,0.3287632756819298,0.15760338697482362,0.12284300512714821,0.06792636296415801,0.0017097878104652003,503930.1,60527.35,2644.8,4.288636932226686,0,4.288636932226686,254
239,0.1120560073470908,0.27364186810100083,0.17643337365137363,3.5188974602362117,0.6137814380987965,0.569739493138886,0.28673879095830246,0.14352171590281043,0.0858764194722956,0.26519069338587864,0.0929135923607218,388398.45,250538.25,163091.65,3.896532042724824,0,3.896532042724824,213
240,0.11604958701360461,0.0900195667258256,0.038396872810552,5.044305689070789,0.10740899663877541,0.175581219145363,0.1532209431661328,0.07119783768850381,0.0017474551901330002,0.2907069743318028,0.25039784155875766,8308.5,264881.65,471135.45,1.1830808246691713,0,1.1830808246691713,24
241,0.14614294221851903,0.13590511544368084,0.080350808888152,2.6770462120924705,0.313904109589041,0.18010718883992782,0.1474985889105092,0.0723942222495624,0.13202541195764023,0.0164735165768832,0.10461630943787041,531742.55,15493.25,165938.0,2.4556559369356625,0,2.4556559369356625,95
242,0.013069784049233802,0.060410431808465004,0.0336041043180846,0.910858086011458,0.12875,0.12100332426715021,0.050831066787549006,0.028165608945300603,0.00027878315339900005,0.22613100362273544,0.0206540382655162,1371.7,202541.8,34934.85,1.087941352538066,0,1.087941352538066,19
243,0.0129209509852336,0.3710865571264074,0.16440620639359121,1.8396072479107033,0.7191194699298172,0.4926754983529492,0.3347018394290908,0.1726226622179586,0.0684989277293444,0.036730736927006805,0.0097644064082574,305004.6,36023.8,16450.25,4.328439457776257,0,4.328439457776257,258
244,0.123901360303416,0.2654778148971012,0.13332210181559884,4.078847060090038,0.682115325751689,0.5555771284981649,0.2896948684281754,0.15472800307365842,0.019055717099061405,0.10377432596926442,0.0,83717.2,82561.55,5.8,2.763731636179024,1,102.76373163617902,381
245,0.026408441698073402,0.29326236170258224,0.10549434811592,2.2135182420410633,0.6293232287605507,0.4887644881909158,0.3418009405043642,0.16943457130471823,0.05562020979173281,0.18721246186391644,0.0,256826.9,170741.85,0.0,3.040157497561406,1,103.04015749756141,398
246,0.055824621530985205,0.303557313148039,0.16598347826620602,2.697420102429853,0.6120960077466092,0.4921561173089576,0.34591062479828666,0.1619332578927548,0.043799382660491604,0.016275422907518603,0.0,180526.45,14376.75,0.0,3.7269899568170763,1,103.72698995681708,434
247,0.06149431441844261,0.3675966810098278,0.1701602141670104,2.2512090734646573,0.6896994488254234,0.4545845398540286,0.3664966226075108,0.17891883753845902,0.07801282660617001,0.2057266723904446,0.3370431707599412,380733.75,212219.1,803755.3,4.437162301335092,0,4.437162301335092,266
248,0.12376640731479101,0.34317049898526963,0.24231224692777564,3.1736081853392455,0.6540891222598535,0.4899190142451066,0.3353617528569494,0.17471923289794242,0.06637201619592921,0.25567084830184406,0.21372333203578603,288716.75,235104.45,384400.8,4.931700102374736,0,4.931700102374736,296
249,0.1397541418733916,0.34769438303153005,0.22695127577744043,3.652805550711424,0.6397912514376543,0.45052951264379343,0.3711863635387408,0.1782841238174646,0.0116686384064732,0.0028538525075176005,0.37267459727899804,54567.85,3226.25,744299.5,4.594764182692369,0,4.594764182692369,275
250,0.12636089318833038,0.06775510204081621,0.033877551020408,3.340275189549398,0.136,0.10449333746513781,0.0653548187170746,0.030151843817787405,0.053452118446897,0.24879573098781443,8.305118393056678e-05,229994.65,225438.75,172.55,1.0794760632404037,1,101.0794760632404,321
251,0.09756780225233061,0.2938547894480684,0.1303261880861958,3.2256088562207177,0.677035881839194,0.5680576622715059,0.28372972200841023,0.14821261572008262,0.013136372544716602,0.22238675997737922,0.34576786168065743,65342.8,203010.15,743378.75,3.1371055831038737,0,3.1371055831038737,149
252,0.054164484394930004,0.2806423739767716,0.1477761434977258,1.6517458510588647,0.47560555119770365,0.42402826808818306,0.25048487828991384,0.125486853621902,0.10097201151300801,0.11140804518335182,0.0,454838.9,104485.55,0.0,3.729234568453523,1,103.72923456845352,435
253,0.11967336339207361,0.2255629529353264,0.1445959314383812,4.190874334838993,0.4701457859122648,0.6393164938638612,0.23630749213244479,0.1243760140036928,0.1573118548669064,0.0,5.7878388880433366e-05,642829.95,20.3,131.95,3.8738102285562612,2,203.87381022855627,499
254,0.092549261260696,0.1900531350889662,0.12438967863326802,3.2606579315421484,0.38900915788748863,0.3790230209565409,0.1479922455983504,0.07298473344510821,0.11401664003321581,0.031218133368929202,0.0,471814.05,29081.2,0.0,3.1031671349770216,1,103.10316713497703,402
255,0.0784493602195008,0.3161223536526904,0.16359175785988103,2.5392047142378225,0.6598043781118879,0.5162212354391053,0.31557347115850504,0.1682052934023884,0.046425089234406004,0.26231726457037186,0.0093296359771932,205540.4,241678.75,14805.95,3.806247357979034,0,3.806247357979034,206
256,0.06832893917654101,0.401097499942668,0.1724494679526582,2.098312354208719,0.7977034721120484,0.49120597908483205,0.3440832645625952,0.16471075635257162,0.045797156133094,0.17583904920949162,0.037731487993947196,210729.95,156178.05,58462.55,4.257233562338753,0,4.257233562338753,247
257,0.1101028746878456,0.1259436384274498,0.07993139347745201,5.057777459788109,0.23960883256880883,0.20415953500428322,0.2744184553647892,0.12142200963092682,0.14418327924848443,0.0,0.3522204611945236,636376.0,0.0,784099.1,2.6642437893128967,1,102.66424378931289,375
258,0.04469809585016821,0.3071875432809518,0.1472644408046182,2.183888097653933,0.6594329785861831,0.4565092896145284,0.36416561898445304,0.17932509140101702,0.1281748948046712,0.0,0.024161908033087,542590.0,0.0,39986.65,4.241316941153892,1,104.2413169411539,454
259,0.0869189707506818,0.38023960606950924,0.214910130319512,2.8144533742956233,0.7015823873409006,0.4247468925574441,0.38329748720838,0.1919556202341744,0.031070096743790403,0.10877529192923122,0.1419871046003448,155518.3,95175.1,226230.45,4.380041760910063,0,4.380041760910063,262
260,0.1395619809210948,0.19040456524733881,0.11407292327410781,4.3176064070777995,0.4296935365761274,0.3515354289991408,0.1651166943859596,0.08334787661489901,0.00024877002097980003,0.184738855153737,0.27747184518299084,1735.65,152899.6,501900.1,2.354656097151264,0,2.354656097151264,91
261,0.0713402088759336,0.3541012595069134,0.22984593075580922,2.2281962307366405,0.749057206818032,0.579179571364923,0.2826275273267002,0.1381929013083758,0.030393913901368003,0.1354241329121138,0.0,148145.05,119925.15,0.0,4.502732422516549,1,104.50273242251654,467
262,0.0208708214316962,0.40079759646982965,0.26893270147103243,1.7054976135169944,0.7462680860929856,0.48932558222001143,0.3403546682222266,0.1702852191710202,0.1484700271351692,0.0003289604070897519,0.32000415798485804,685735.45,416.15,715016.75,6.494205044974732,1,106.49420504497473,490
263,0.0372831429036984,0.040682489808592806,0.018985080449108203,4.910202704737605,0.12307692307692301,0.07959381044487421,0.0815280464216634,0.038878143133462204,0.0192096890035948,0.13027848784304322,0.22115987447797,99429.4,122871.55,422096.45,0.485455357715895,0,0.485455357715895,2
264,0.1375674817866774,0.3623526981964442,0.23046074441272904,3.466749922753465,0.6987602738564744,0.43824022076275604,0.37971828119047724,0.182041498046765,0.11320570107666121,0.0775177944761882,0.2016876931655318,485639.8,71569.1,369686.2,5.106919000214158,0,5.106919000214158,300
265,0.06343083208034081,0.27176767692849163,0.12014723834886662,2.725249974477927,0.6054046722705473,0.5378951428783896,0.3131585426073216,0.14894631451428703,0.008402384816828,0.15802884584939042,0.0883159347804644,42761.95,135843.25,143410.8,2.7006147301766807,0,2.7006147301766807,108
266,0.0671114443616182,0.34238925560623223,0.15201539487256102,2.6113252022522286,0.6548531608858387,0.5647756480014826,0.2926890323260364,0.1425353196724794,0.0030521947916612004,0.1057971120081012,0.0690356279325334,14906.0,85293.35,103940.35,3.5035325447175203,0,3.5035325447175203,182
267,0.050488253695796,0.141284732269906,0.0941157457579064,1.3649121553022827,0.2763157894736842,0.2001892049466072,0.13141802945896258,0.0683927655944294,0.0164673281757022,0.2778720972226882,0.09893620122681981,87421.95,268067.3,181999.65,2.052746374161252,0,2.052746374161252,68
268,0.12139953170278021,0.2449506525415494,0.1242561381906746,4.521587684036353,0.6073663358841302,0.6059668015456783,0.26142179185369885,0.1326114066006216,0.0339091128000398,0.2686828494049152,0.27000388403954567,157496.1,249562.4,532495.1,2.845471263539526,0,2.845471263539526,123
269,0.15002564106165422,0.3268921817670196,0.14898193605543603,3.26879463340343,0.7754669859015546,0.48002020412723806,0.3433882751007692,0.1765915207719916,0.128898979342994,0.0,0.2968255572647516,533484.0,40.6,581142.6,4.337154912173505,1,104.3371549121735,457
270,0.08286608429822441,0.2365410051790652,0.11832507409527082,3.0039578802328784,0.4736233401526026,0.44860763287159805,0.23355604296078464,0.117836324167616,0.054020436927210404,0.064077014031996,0.28435840354222963,245035.5,61533.65,574523.35,2.7796397611454147,0,2.7796397611454147,118
271,0.0875094373050292,0.27391069392687284,0.1400957627707918,3.1812554490871223,0.49352089401682403,0.5727728485084258,0.2600059493326946,0.16722120215887842,0.0245306146466094,0.293234771682416,0.0,107450.8,271408.1,0.0,3.1800574040171687,1,103.18005740401716,405
272,0.1498552201355058,0.243626127477902,0.10695367940676281,6.477926417640529,0.4512719798962671,0.37571107528291947,0.423678158689017,0.2006107660280624,0.09137323579381741,0.2664393678681232,0.3349534084584544,394591.4,249257.9,706914.15,3.155587551117841,0,3.155587551117841,151
273,0.148068985698024,0.3181626571909685,0.22175114948102803,4.288178457306737,0.7293807558894028,0.530770774041542,0.30975386809774286,0.1594753578607136,0.009167584330375001,0.2436125280485592,0.033325963629701805,42848.95,195671.7,51825.9,4.232168773077316,0,4.232168773077316,246
274,0.1177851842427178,0.2231603835218742,0.1054906947157952,2.965239517345798,0.465199879491817,0.49579568775145866,0.2055500448231534,0.09865426742538681,0.1207477549028952,0.2098487703202072,0.0,535856.2,194926.4,0.0,3.0534680128034153,1,103.05346801280342,399
275,0.10373420301730381,0.26209007525447625,0.13918281028249263,3.5117532036826,0.4986916384729275,0.43330423791511147,0.39153412515553965,0.1751616369293476,0.0132275984316678,0.23115727878291742,0.0355098819243576,61224.8,203729.35,58803.3,2.9479606986371705,0,2.9479606986371705,134
276,0.034408098833543406,0.2931689944522942,0.12754041940692842,2.2065511728836533,0.6705449902284999,0.6363021622770626,0.2369137643256832,0.12678407339725323,0.13207067598307462,0.024517516881265803,0.0562511818942942,597233.25,26149.3,96868.7,3.913994223174004,0,3.913994223174004,217
277,0.12959547331998542,0.10364033607845322,0.04163229182003381,2.6699723593080313,0.2217471156110194,0.22252029899255704,0.12042913714995221,0.05705056385749041,0.013756413940255199,0.0476436420157038,0.00041530804023220003,56142.55,38630.9,638.0,1.0280487953545148,0,1.0280487953545148,16
278,0.031585111300399,0.31107402421865504,0.1556220831634262,2.0788917355365504,0.6335388872807155,0.6616770459922334,0.22353778200024724,0.11478517200751821,0.0269303767232004,0.0002835110337651863,0.00035593836103294104,116648.15,205.9,358.15,3.6327246738720365,0,3.6327246738720365,194
279,0.040894476507217406,0.2713445405152584,0.08961011617467421,2.543716018189051,0.5314371788055994,0.46533272730212527,0.36051825049785524,0.17414902220001802,0.10359816371933102,0.0013568512976366,0.2593585604745602,472057.65,1827.0,516708.95,3.216867725367165,0,3.216867725367165,160
280,0.04661816939031961,0.30764921117407285,0.1912023029110404,2.283567738817209,0.8162530238512442,0.5967299532719305,0.2676324034713962,0.1356376432566722,0.0315574781965186,0.0963847074109188,0.1379513917269588,154726.6,87024.65,227420.9,3.7896662147612696,0,3.7896662147612696,205
281,0.1201728459884704,0.1959614220428742,0.113339373190385,3.5270625707231194,0.5167126386258291,0.505741998025202,0.19826383631825545,0.09599416565654141,0.11087606157472121,0.2076213259038862,0.0007470669237644,499533.7,195921.1,1890.8,2.9031038463825634,0,2.9031038463825634,128
282,0.1305465740910054,0.30376425338783386,0.2263664987684168,4.020175380803969,0.7399570550802335,0.5692230329772793,0.2824110661820952,0.14836590084062382,0.0661468903363738,0.022013775570934403,2.4256354968366802e-06,259993.7,18970.35,11.6,4.485926721555616,1,104.48592672155561,466
283,0.13955020048644542,0.23494075646978002,0.10744823311477761,3.807297243728958,0.5284635534037847,0.5352583798011494,0.1764194263377928,0.0883221938610568,0.013953659028909202,0.21469006424719023,0.014733223321511802,62879.25,180429.3,24410.75,2.4187700899324347,0,2.4187700899324347,92
284,0.13361607940223022,0.10023108543970001,0.0409223205399878,4.841957558473992,0.21769443129126484,0.2019851619506568,0.280845910487105,0.117168927562237,0.07335475008801941,0.010392381350209801,0.0001331816836406,289383.75,9641.05,197.2,1.379323355588273,1,101.37932335558827,333
285,0.011964016277485801,0.39049442951111785,0.1772078818584804,1.6997767760441547,0.7200295540719399,0.5636242314201054,0.288661665503834,0.14771410307605962,0.0951526325015866,1.884449979948681e-06,0.17230242423504963,416821.35,52.2,291766.1,4.841424555491754,1,104.84142455549176,473
286,0.11334848945301441,0.25983774534244103,0.1407804741282062,3.641229120210177,0.6049447968052617,0.3515054170425168,0.45086824842831763,0.19749277860262002,0.07059411875738121,0.012435880308058,0.0741879317139206,290974.4,12559.9,118625.95,3.272445926752814,0,3.272445926752814,165
287,0.1529614976941378,0.25574893659271886,0.1526945636296316,4.396406300991033,0.6339847450711915,0.41119324995853185,0.39906042409750986,0.18974632594395663,0.0441086219263732,0.0,0.0936919190880604,170975.3,29.0,134770.25,3.1923948916786578,1,103.19239489167866,407
288,0.12732984966559882,0.2872696080675262,0.1824101968647842,3.528099051215494,0.7474079287392412,0.39394384775822006,0.41416476058902163,0.191891391652757,0.04768369704278021,0.0364358334981134,0.18349386496166062,209482.95,34050.35,309166.1,3.70750473286011,0,3.70750473286011,200
289,0.023700167609565,0.3395726259896206,0.1504635747405264,2.29349191935919,0.597063071726845,0.43698844088664324,0.384775170176206,0.17823638893714921,0.1577131061066292,0.006346866048965401,0.19792747645023004,715158.85,7535.65,366835.5,4.730753418810102,0,4.730753418810102,285
290,0.08311696204321942,0.317287116089822,0.15501074705603482,2.9802692908543538,0.6529052938140221,0.5351136375524483,0.3063887311279892,0.1584976313195616,0.025247999969528,0.13739815608711542,0.0,109750.5,114206.35,0.0,3.3491107012081627,1,103.34911070120816,415
291,0.13389600449702002,0.2552870439920762,0.1396800713231214,3.1245180533220585,0.5997427394874049,0.48214841343843284,0.209946269241654,0.107905317319912,0.0384530237557266,0.15556180766548683,0.3650955748115998,181483.45,138389.45,797054.85,2.9893207490599796,0,2.9893207490599796,136
292,0.1371366789791216,0.2615825091177264,0.10022584865211262,4.915224047561926,0.494189181963406,0.6037708481330358,0.2609123448799158,0.135316806987047,0.0836263649573376,0.00021315510205000004,0.12083874391226342,327691.3,152.25,180390.15,2.9103379920215944,0,2.9103379920215944,130
293,0.150319194771594,0.047725369801842006,0.024560424225509202,4.465263775617684,0.08207547169811322,0.1163247100802854,0.05578352661314301,0.027891763306571404,0.0739583512036742,0.20870623853245962,0.0,299912.2,176421.5,0.0,0.9534279541636692,1,100.95342795416367,317
294,0.115136898719186,0.0720338659753886,0.0372890158400414,1.324274640992713,0.1354838709677418,0.09871841816184541,0.067447821310875,0.033833760527279204,0.1070685971822624,0.0,0.19808485687993563,449714.6,0.0,353209.85,1.608346302696554,1,101.60834630269656,342
295,0.114551846478999,0.2665718011123652,0.14075066912066622,2.3576713905062894,0.5434890610882925,0.3940270034337984,0.275455662397636,0.13051733416856443,0.0408445495276468,0.15525735181039402,4.4108687088800005e-05,185444.85,132999.8,49.3,3.007344142955932,1,103.00734414295593,397
296,0.1482872182522486,0.3153744766223886,0.19314406210014662,4.673407639432905,0.6835322441220735,0.5411820763966992,0.30224391303040565,0.15657401057289383,0.14413255855890342,0.2528346065113896,0.11078313794191921,622416.85,232126.15,191395.65,4.774890778634726,0,4.774890778634726,288
297,0.06871363781450761,0.1249920312652768,0.0678503524027944,2.7165242732105472,0.25210396039603966,0.25454864735019783,0.09580612295611521,0.04964522969368641,0.1158348088916836,0.0601370213552048,0.35053450509743406,527391.1,59808.15,801465.75,2.2644156814543357,0,2.2644156814543357,81
298,0.1041210211533696,0.18786400576447262,0.101130507870788,2.037955868732065,0.36438992598034947,0.33857057562735526,0.175929834420426,0.08549958995221821,0.1175107655210464,0.0008936519146932394,0.0,483744.65,1307.9,0.0,2.9419542687481286,1,102.94195426874813,392
299,0.0714453937539978,0.3621214909945332,0.1499782333372944,2.3854643890039564,0.6530245438544626,0.5273304283745572,0.3186953273077766,0.1539742443176646,0.012221134090501,0.025347710131740402,0.16963535476046082,55395.8,22910.0,285007.65,3.684489606002695,0,3.684489606002695,196
300,0.12519201789530782,0.3064895259930318,0.12861813359202962,3.164668682932551,0.6318123790923591,0.39901196800835026,0.41074085698652923,0.1902471750051192,0.022913125337040402,0.019282568326482202,0.3631516622863916,95147.55,17436.25,750414.15,3.2036926547055877,0,3.2036926547055877,158
301,0.08367520165076861,0.15220155432882781,0.0918964976385872,2.652298411950809,0.4379851040119709,0.32570124671236544,0.3303646814893952,0.1439340717982382,0.0053496646042982005,0.1185439564834692,0.3035421971787756,31981.2,105445.45,594839.3,1.8380659799875896,0,1.8380659799875896,52
302,0.14048773352373822,0.1210860354649426,0.08117115284823902,2.8979056231060674,0.25767214450631526,0.1535897371195854,0.1666396563011316,0.07977060657928241,0.000801911396552,0.16278459401076079,0.266567231012087,5328.75,134107.6,477661.9,1.616622337856187,0,1.616622337856187,40
303,0.0301169928512114,0.32510621291595465,0.1685731222409042,2.0689329838480868,0.6853454789225596,0.618639110935414,0.24355799268190442,0.13780289638268023,0.1413597406808624,0.0980760213130868,0.29631682922802,692050.2,101890.05,686676.5,4.628351715345802,0,4.628351715345802,278
304,0.09739460662572341,0.21994497584328002,0.1316092471436922,2.607436359175217,0.4362548884288012,0.30382033449078083,0.19997516876450622,0.09620449674471221,0.0203314772526006,0.2467557908080688,0.00020711742036660003,91051.3,223117.3,377.0,2.7498163343641004,0,2.7498163343641004,114
305,0.0736259153865386,0.3773076850930676,0.23469137750962923,2.3459519484694913,0.7817045707570507,0.5105173287031999,0.32671857137268645,0.16276409992411262,0.1178134415222678,0.033317631145291,0.0152654636023544,498684.0,31292.45,26619.1,5.46518244776387,0,5.46518244776387,308
306,0.11439295069391561,0.3260428766833606,0.16345233840312842,2.9334587737962443,0.6612538067029821,0.5459918650447582,0.30439571516486363,0.14961241979037682,0.137546386950914,0.054952975347525204,0.178535696693806,602554.75,53429.6,331619.35,4.362618451840433,0,4.362618451840433,259
307,0.028711633495702604,0.2874994035502506,0.1607776925359354,1.7315061973216301,0.5873926505281657,0.45082805760028066,0.22954876353523018,0.119623178864488,0.038883837303672,0.21776056666329618,0.0,186061.1,198151.2,0.0,3.5900037631349613,1,103.59000376313496,427
308,0.1335032056582358,0.1272116377982412,0.082602051906194,2.5337421529743294,0.265963932518906,0.1912183093235224,0.1411398565110868,0.06764183416539041,0.0124600785493724,0.14928463946454001,0.21888065174838042,53884.9,125142.25,379567.95,1.539912096496874,0,1.539912096496874,37
309,0.0521105667125478,0.07658788548541681,0.027485301031217203,2.3419935860948424,0.063,0.17399536808022642,0.15319287673696963,0.07281175518280321,0.15064702119039902,0.12480562818027101,5.5430869650800004e-05,711161.2,122558.35,59.45,1.741708799347526,1,101.74170879934752,344
310,0.14817016690350063,0.2306907972642716,0.13314001992736502,5.908129413554347,0.4549230215361774,0.5730415325479294,0.28398129066839584,0.1429771767836736,0.0069012497736382,0.000853400779896,0.0162481460875004,28794.1,739.5,22508.35,2.7580707728699894,0,2.7580707728699894,116
311,0.14984700045801422,0.16521634672596058,0.103340606479762,3.6168819739231672,0.4111844657643415,0.3037137102861984,0.19473857981698423,0.10154770989681661,0.0692856200018038,0.014311640380214801,0.1518105529334662,272601.45,12649.8,231363.45,2.3238664658562427,0,2.3238664658562427,88
312,0.143272701376141,0.2800548931032997,0.1879608438239996,3.891106142157061,0.6658549644378254,0.38586014990802664,0.27519403208748106,0.1389458180044912,0.09974253409531021,0.18503772303211002,0.0,408612.9,158551.7,4.35,4.103384575929262,1,104.10338457592925,449
313,0.0530483827408982,0.3048953515812876,0.19295313421432542,2.448372643570202,0.7123971047320288,0.6203316741654746,0.24276298996580303,0.1369053358687208,0.061141878960406,0.2643508233389034,0.0,278052.0,249024.45,0.0,4.245130473831614,1,104.24513047383161,455
314,0.1271024535368182,0.1764323447182044,0.0964563794837284,3.166728251700528,0.4021165272732392,0.3164718477224596,0.1892005487249334,0.0943276035526062,0.0686775413008964,0.0,0.34566684998101943,291496.4,2.9,696114.55,2.4772284502157103,1,102.4772284502157,367
315,0.07509002715313541,0.08263109467920882,0.0355901483351934,1.5923291523881429,0.09030303030303019,0.22164859669357923,0.11962475970780462,0.05872664359861561,0.037002755063362404,0.0374312740233112,0.34517420563500345,168375.45,34637.6,731815.0,1.1494685306404882,1,101.14946853064049,324
316,0.144344729671864,0.07814171184084741,0.046000166013454205,6.973295692652823,0.0927241592001036,0.1646917034468262,0.2532176071878938,0.18209068936527942,0.0007310907642062777,0.15907799536742,0.0,4363.05,125852.75,0.0,0.9675231239616849,1,100.96752312396168,318
317,0.1451488045542316,0.2763183616407594,0.1444863747201744,5.263193535486208,0.6261289433744572,0.5543637526573765,0.3034575242584056,0.14217872308421722,0.019155700185337403,0.12602864028175662,0.21152919340735502,86035.75,103171.85,358422.6,2.9429139946426397,0,2.9429139946426397,133
318,0.12032893163714842,0.164021954188685,0.0950421836923272,2.750015244628072,0.38855550284629964,0.27475704292630343,0.2140813909242878,0.11116156614940802,0.11676970547257941,0.23432986132811565,0.057573876328236406,494503.65,213225.4,98302.75,2.6132524208796757,0,2.6132524208796757,102
319,0.132172015816465,0.20002531771295323,0.141584499492372,3.675891844586767,0.4347822397146106,0.3212682724385158,0.3273815451450014,0.15135018241648163,0.08573688913103701,0.14670016127835622,0.1675012596604156,376631.7,134328.0,304436.2,2.9195404136464145,0,2.9195404136464145,131
320,0.13793690511929463,0.3301617395670998,0.2015986813055118,3.55558437245591,0.6871581755681745,0.4310784305121483,0.3758446040249842,0.1930769654628664,0.0448782410039538,0.0056924284450932,0.0011163183923586,178882.15,4895.2,1368.8,4.2239582260106125,0,4.2239582260106125,243
321,0.11780246622379101,0.24610141170498742,0.1243419307056742,3.0552495185150437,0.491788410954997,0.3446141750050906,0.3118389338692276,0.14354689112568061,0.052298135795083,0.22950934992015243,0.0,229060.85,204363.0,0.0,2.911709402283292,1,102.9117094022833,389
322,0.094057352140944,0.27815608598540964,0.10981116565155821,2.6246057134681022,0.5654026546154542,0.4820920640222104,0.353860608721525,0.16404732725626361,0.041100892146104004,0.18224668495206062,0.2857809141737288,198728.3,174833.75,609684.4,2.8166051876020006,0,2.8166051876020006,120
323,0.13136004428267642,0.3483818775952936,0.21262754253288102,3.6781521997905378,0.7564345511547803,0.38749522516082363,0.41129492845893123,0.20120984638024342,0.12828172416879519,0.1481592156803888,0.0011212344229052,534232.2,126756.1,1995.2,4.956721580359212,0,4.956721580359212,297
324,0.11912898573447421,0.036410069419175004,0.016470906551040804,1.6931727494806612,0.04732824427480901,0.066569555717407,0.09249817916970121,0.0409322651128914,0.06479635005739161,0.2758368039334238,0.00027385098796836127,286109.65,256239.65,572.75,0.9234556316490266,1,100.92345563164902,316
325,0.1064861342595522,0.24733225987008983,0.10210603866432222,2.868836709046822,0.4297860360360358,0.3942957768589058,0.2763618440794876,0.12934237906160542,0.030819069351007,0.16549636081792302,0.0,143745.75,142849.65,0.0,2.395898161264224,1,102.39589816126423,362
326,0.09694602659652221,0.34930546388529543,0.18457355721772123,2.6865579595827387,0.7431217008040977,0.5241119953700104,0.3208389220666134,0.15504908256337502,0.0171296052193146,0.0657053589273086,0.33208435597608404,83617.15,59338.35,690136.2,4.004660155983512,0,4.004660155983512,225
327,0.03788769404128141,0.30797593624038944,0.1397729948079828,2.267130554149404,0.5523233393024188,0.6006321355736828,0.26696767624922,0.132400188177096,0.026923256571978006,0.054479448813698005,0.3870692940649598,130022.95,50520.9,863936.1,3.419236382237529,0,3.419236382237529,177
328,0.0727049498001118,0.3775014897304628,0.1549482653870682,2.2718907100406946,0.7849227383764357,0.5369154578835713,0.3126031404974968,0.1504148569508222,0.012986499565913,0.18551170187605381,0.2186142625034114,66169.3,174530.7,420225.95,3.812864287809786,0,3.812864287809786,209
329,0.11297143992971241,0.2250590441766424,0.09700693685850001,3.2238585708915006,0.5723513497486098,0.2874407624659586,0.3555265483311646,0.157032689202876,0.14360715858863962,0.013974943778743401,0.12486572014825081,616181.85,14795.8,211238.9,3.1736591775905127,0,3.1736591775905127,156
330,0.1345892040501494,0.1261935184570228,0.08455637876912381,3.3487965799209993,0.3262146892655366,0.2008222288995316,0.1323043974171076,0.06687337368336041,0.057870584978695606,0.06960264265117042,0.3728682568847492,260232.95,63514.35,802905.6,1.9159701212764504,0,1.9159701212764504,56
331,0.08966389486755741,0.12613234889515682,0.069379069833919,1.1239880108140219,0.2587301587301586,0.21597439759065623,0.12451627085815542,0.0595093315511878,0.030536803124029604,0.12360140321833561,0.0,140735.55,105723.85,0.0,1.5058152798625084,1,101.5058152798625,338
332,0.044502141845310206,0.2990687028924498,0.19654262684860682,2.3799793865986962,0.6235191483300391,0.4142485391314688,0.39801158609187903,0.18773987477665102,0.0049384889540626,0.2364737539726022,0.14064579773462363,22792.55,219382.1,256489.05,3.948416836557744,0,3.948416836557744,219
333,0.11405677816076161,0.2796185090307132,0.16179435686002802,3.592923946616613,0.6313226750340148,0.5691058714504603,0.286042269126331,0.14485185942320702,0.0898192997281618,0.08647448564506281,0.0,383124.8,76358.45,1.45,3.6558359154792264,1,103.65583591547923,430
334,0.0772805267636398,0.23877580558860342,0.10449235295674039,2.077799810458131,0.5031086371998674,0.317367927530989,0.3384164005268594,0.14421567194215063,0.0554370067822452,0.2352887619322228,0.29190918052729464,259293.35,232707.6,642795.15,2.822190303349565,0,2.822190303349565,122
335,0.044382951598897005,0.12090301142428521,0.0641540815325602,2.8907697916272563,0.25321485532011845,0.16045819316515542,0.1626164821360676,0.0769253246987764,0.1426426948479574,0.2208636055830802,0.0,681562.35,219634.4,0.0,2.4296534634937403,1,102.42965346349374,364
336,0.12496263557753622,0.16822248418873523,0.08383489439226602,3.2602292362899656,0.4010948905109486,0.287188965446655,0.21515339330092204,0.097657641252422,0.053430012748284,0.2740953940274504,0.0,231306.9,245321.15,4.35,2.1197615110668004,1,102.1197615110668,355
337,0.051376550184511406,0.12204081799496902,0.053811054692477,4.4074635478884385,0.11828019960455682,0.21971598411335763,0.2595741675492984,0.12070984833734302,0.05316927923635241,0.16804259083108403,0.2584874508502454,254999.9,163241.0,539436.25,1.4960057084104004,0,1.4960057084104004,35
338,0.1426352248680502,0.33792842038055887,0.18515921234900062,3.864772312102917,0.7843396338702838,0.4562924682725044,0.361709808428863,0.181997723298631,0.1480922706018248,0.0,0.2222886253665676,613310.85,0.0,405849.2,4.91671264997297,1,104.91671264997296,476
339,0.1325727123804862,0.29729040778078525,0.195786477577726,3.4893527248795984,0.6018889666085924,0.5354211794122359,0.3068739472862902,0.157704873301472,0.004697776368195201,0.049163537509090804,0.3123381810370076,22794.0,41963.0,587251.45,3.8584361751487424,0,3.8584361751487424,212
340,0.1124240484604742,0.07238673753480121,0.0333080232852442,2.919685948420425,0.13636363636363621,0.0718120805369126,0.08936241610738241,0.0388255033557046,0.009459071643660201,0.20666162063680601,0.2518054968772846,46975.65,187506.75,483066.05,0.8603170159591634,0,0.8603170159591634,9
341,0.1399238849917936,0.3180323615292086,0.17831202694832543,3.272561743864312,0.7647672091015739,0.4750060071350011,0.35207366601332823,0.1729203268516696,0.051489313110856604,0.18320211310827222,0.33897226753386966,232182.7,167708.45,731535.15,3.917177637836839,0,3.917177637836839,218
342,0.11075870863595001,0.30603341202230244,0.16368329894952843,3.2023230988910627,0.6829933161031628,0.6093366339119106,0.25188614574486823,0.1387772203432192,0.1222464745327702,0.0568489242186578,0.2916411391142332,538376.3,55310.25,594127.35,4.209558105198124,0,4.209558105198124,241
343,0.10642131278614822,0.05872810232530521,0.035668234806847804,1.8528285653721976,0.13636363636363621,0.0886932018316308,0.0738992603029234,0.0374075378654454,0.018171278709005402,0.1346839183564854,0.038142159364716405,93467.0,116977.3,65306.55,0.6920737575089749,0,0.6920737575089749,6
344,0.13949804775145241,0.269132532539526,0.1267591130870504,4.60838479151179,0.6665380019149192,0.6095542583460253,0.2623397916014138,0.1281059500525594,0.10686002764715322,0.002707144745968,0.2749335757899412,432661.15,2644.8,500450.1,3.535251321955461,0,3.535251321955461,186
345,0.10789108735728721,0.138880380342105,0.06932682541684401,3.9792702083132068,0.3174957349375952,0.35581530236596765,0.16663281583395223,0.07755188180007962,0.07861095728555581,0.029871185683131,0.2658208704555398,349138.25,29996.15,501898.65,1.9294647246475998,0,1.9294647246475998,58
346,0.0240973719445422,0.2277416907419898,0.0985055382848474,3.617367399215122,0.4538209852708004,0.2963548650232234,0.3497094514102648,0.1539356835665104,0.0414637146167806,0.1453186362621778,0.3179012517235526,199037.15,140130.9,704530.35,2.497216632363123,0,2.497216632363123,96
347,0.0801168015534304,0.2033333523819704,0.07483652663624121,3.2177435040534377,0.3877579338569112,0.43539780503236203,0.24287763946730703,0.12172455550032982,0.10627763164023221,0.0,0.27485041391704546,478220.15,0.0,549294.8,2.63036989418683,1,102.63036989418683,373
348,0.0928008856278604,0.2804148182073678,0.11644865460260001,2.2780340701373882,0.5728278753483138,0.39649788286818805,0.2807894899180992,0.12271262721371182,0.0073656801574632,0.23743121235436462,0.18101036347536,38878.85,218681.75,338493.8,2.8783407431881107,0,2.8783407431881107,125
349,0.12187845918864901,0.0002060380116898,0.0,0.0,0.0,0.0,0.0,0.0,0.05640588074314481,0.0,0.2612318293165796,245756.15,4.35,482391.8,1.1293021327924646,2,201.12930213279247,493
350,0.026877465261375806,0.2860625013995838,0.1340115142460706,2.56176584483797,0.4588189588189584,0.5277866186480076,0.30751546038489097,0.1646979209671004,0.013605764756919,0.2026867779657806,0.2423506809330836,76067.0,185704.4,450274.3,3.138160343333343,0,3.138160343333343,150
351,0.1078014881319012,0.34211754026024543,0.22508342856849564,3.004853043359015,0.599603259276253,0.48349205103868187,0.35236895196098383,0.16413899700033321,0.1584155367280288,0.023110857067767603,0.15349218863473202,697329.65,22077.7,272971.2,5.382969974665562,0,5.382969974665562,304
352,0.1516520232553948,0.2021320079833912,0.1357289891901098,3.2780195042174753,0.47974931453192304,0.25882590598390004,0.2259120540242338,0.11526203999186521,0.0259134001785346,0.0037527973949426003,0.0,106002.25,3456.8,0.0,2.666356304112016,1,102.66635630411201,376
353,0.10873262023539601,0.21090103861215784,0.12444291050331642,2.4448229166063706,0.405453713424318,0.32037598774379444,0.18563610326750402,0.093987908988701,0.0,0.05851537252541801,0.20441744585369365,0.0,49168.05,326437.05,2.5741811983749403,1,102.57418119837494,371
354,0.074297794463549,0.1390577285744714,0.046581031760615,3.861578404484449,0.22527932926913302,0.2329338487159418,0.25001272974984223,0.11705342153421501,0.0088880235420946,0.20491244862231645,0.0,42322.6,176553.45,0.0,1.3134790612553828,1,101.31347906125538,330
355,0.1442486088967458,0.1832468930675552,0.0821804177630752,7.429793656107025,0.33320769749953044,0.5143944577072757,0.1760596332406172,0.10954590905210601,0.092358850499937,0.1654193090494668,0.0,382855.1,142555.3,0.0,2.3179357908884315,1,102.31793579088843,360
356,0.09987353292090942,0.2971069621472762,0.194090262439595,2.8402459402172515,0.6174270150157682,0.5927305407642132,0.26314878440372064,0.1441206748320648,0.0044224566957684,0.24447053254848522,0.3477522108428656,21755.8,231676.65,798191.65,3.9754663067593787,0,3.9754663067593787,222
357,0.054534485866647595,0.38219560113751366,0.17248217213441103,2.1755922309174798,0.7661223237793362,0.5608257204116298,0.29702097837620106,0.14211586905794743,0.05629068821388501,0.11444975724622922,0.31383286076522443,264855.55,106924.45,649949.45,4.29596712449429,0,4.29596712449429,255
358,0.022612047669637803,0.09541741645169341,0.03584767953615341,1.2306803504854207,0.2226551226551224,0.1976979045012932,0.13589993960286262,0.06640215589584361,0.068240449169488,0.0626239808741138,0.006319786966511201,316372.6,60647.7,10712.6,1.3774502184669921,0,1.3774502184669921,32
359,0.0899347233771624,0.3388319234122596,0.14765113163045443,2.5816574179930405,0.7340198813955898,0.48116614979249467,0.33986811548432483,0.1789657347231792,0.005240601429653401,0.15590205312284622,0.0,23940.95,128452.6,0.0,3.4565558160391716,1,103.45655581603917,419
360,0.13588890060564823,0.1100037392418256,0.05134853319896961,1.9517447740522555,0.242145357793026,0.25679881934205123,0.09262514042086441,0.05057604023708401,0.11750397595111339,0.0022630425059394694,0.015447536021608001,443502.8,2066.25,23037.6,1.9646040548979524,0,1.9646040548979524,62
361,0.1013420546084544,0.33196729941979986,0.141959618815292,2.667603804441184,0.6376881766636877,0.5169420919468999,0.32786626258617285,0.15519164546692601,0.13306593303246442,0.1920519829309428,0.0,610648.65,184888.05,0.0,4.181754200793881,1,104.18175420079388,452
362,0.0312007558075916,0.37281259988816445,0.2096803833263258,2.1099488218679654,0.7946364085256279,0.5159717408861653,0.3186898846729954,0.16533837444083802,0.0083777696499916,0.19829027264702742,0.1751765092922608,44494.7,177498.85,302197.4,4.486011656061325,0,4.486011656061325,270
363,0.14033835599839542,0.3129513261910932,0.1569688296304404,4.244478950312358,0.6692128937503751,0.4959749453602094,0.3391949790965456,0.16483007554324342,0.1385848710981668,0.21725213157843865,0.0488640953449626,611604.2,201390.5,88777.7,4.258870480341308,0,4.258870480341308,248
364,0.1474675350534818,0.33083632916060424,0.18583618217995443,3.9978941430425614,0.662485268385584,0.48486543658260023,0.33673475550349885,0.17839980791389962,0.07644953577333481,0.1613464824253486,0.0,305529.5,133698.7,0.0,4.129496706819481,1,104.12949670681948,450
365,0.09087504795285761,0.192113971795393,0.1035271822627308,2.135539677666947,0.385973239615531,0.291478116696074,0.20278943735808963,0.10573244594583539,0.10935295562923622,0.14224974844193,0.006324684266828601,469289.6,128343.85,10687.95,2.7590199974240455,0,2.7590199974240455,117
366,0.12244366738535702,0.26507724595192045,0.15744228839585261,3.4325269793966373,0.5938386599975918,0.364717076488749,0.29847325750994325,0.13680966600130642,0.11518233960777521,0.0896751499738028,0.0049576553938166,491448.5,82112.05,7774.9,3.7414369893271116,0,3.7414369893271116,201
367,0.15062553668698003,0.2803378327830272,0.1880160386525278,5.103867879936196,0.6397974396112195,0.33411627029158764,0.4592310489529732,0.20665268075543802,0.14564555187503062,0.0,0.2591814533028298,619948.95,0.0,492269.2,4.650133961326876,1,104.65013396132687,470
368,0.14983382221585542,0.15294590798995283,0.10775401646898039,4.339726406141307,0.3038566395048644,0.3110988115098234,0.1931664906416044,0.0957346978485714,0.0,0.227402571368393,0.0,0.0,181209.4,0.0,2.1289113616741586,2,202.12891136167417,498
369,0.13594450110004602,0.3134632134351118,0.1474837601853284,3.7396562254418106,0.6349226330972982,0.5853384907466962,0.26973663698560385,0.14492487226769882,0.1137748929054172,0.20913608622051502,0.0,482520.85,186236.55,0.0,3.9741049438275997,1,103.9741049438276,446
370,0.1273698246463458,0.3376211133964756,0.2513877476404792,3.2367819702968923,0.7694167216217228,0.513327901652452,0.3179492741635198,0.16872282418402662,0.13532202054425282,0.06029939553103101,0.32073917516636863,593509.65,57647.65,681510.15,5.5217473378343875,0,5.5217473378343875,310
371,0.11122100697057762,0.29274323007036324,0.1673889453686336,3.311266947371999,0.6025933502204943,0.5832387653082909,0.27010262724816503,0.1466586074435426,0.1469945180605452,0.028886661574955202,0.0,617333.15,25821.6,0.0,4.379996045927969,1,104.37999604592797,458
372,0.1393249928494214,0.053115512874113,0.0187482933878906,2.152676746669038,0.125,0.12396694214876021,0.049205340114431007,0.026827717736808605,0.0344903202070708,0.007339620292317,0.3050317460340402,149133.95,6700.45,582762.25,0.7726961695336542,0,0.7726961695336542,7
373,0.0823349105075748,0.32905270624808924,0.1296540836155206,2.5151234982560253,0.6258451048749072,0.6279282416747429,0.24356450988449244,0.1285072484407634,0.056389538783498006,0.18530019389658542,0.0012710584734392,269035.9,174487.2,2322.9,3.432003552161224,0,3.432003552161224,178
374,0.1436389612086572,0.11657333738333422,0.0504903688091876,2.8764199038723057,0.3383985973115136,0.23395815007943202,0.112735175606074,0.05330667431449321,0.014632233757071799,0.087473673061048,0.24164152376745282,71499.5,75030.25,423485.55,1.1056917530882011,0,1.1056917530882011,21
375,0.11361690654237862,0.36846825704246183,0.1983102595310174,2.7930455533299954,0.7966653223096051,0.5331439490665982,0.3192482670358832,0.147607783897517,0.039763301540044406,0.2056948823755714,0.1510561782413858,198316.5,187643.05,268805.35,4.2603320051624145,0,4.2603320051624145,249
376,0.08797320160589821,0.0,0.0,,0.0,0.0,0.0,0.0,0.1321307948784328,0.049556185836495,0.0,578435.45,48422.75,0.0,1.528949740424405,2,201.5289497404244,497
377,0.13278088074536382,0.1366206636663422,0.062494041856512805,2.6488661354098366,0.28437908496732023,0.216463984687664,0.12282608120355923,0.06070993410877641,0.13670178164003222,0.2039922913303338,0.0,595110.45,186414.9,0.0,2.3116751575046743,1,102.31167515750468,359
378,0.1218473213607254,0.2916745484655066,0.14069560025486041,3.9209802521491923,0.5766754411108288,0.42408260040531387,0.38067268366843765,0.1952447159262472,0.0243263285678808,0.0,0.376780796569449,98508.65,0.0,777714.75,3.2982266499477553,1,103.29822664994775,413
379,0.052090599953243,0.293345378203498,0.15108264823252282,2.405069243163431,0.5804710090424373,0.5887313231191549,0.27681749595344884,0.1344511809273946,0.12595759213086602,0.0367134865818468,0.3122924205920936,577685.8,38285.8,675953.75,4.188121473919746,0,4.188121473919746,238
380,0.026991261280350003,0.34250772410388103,0.1625829361883092,2.0153501234640463,0.6925023838496585,0.517691508652953,0.3177277106775652,0.1645807806694802,0.06710788423936921,0.15693729818891738,0.043214768193434804,311209.15,147549.1,75420.3,3.975547900156081,0,3.975547900156081,223
381,0.1247352906426528,0.0,0.0,,0.0,0.0,0.0,0.0,0.0832165060554064,0.1205727124901558,0.316538927289557,359573.9,110658.2,651005.05,1.0792672626622275,1,101.07926726266223,320
382,0.0835502653112564,0.11139365904038341,0.047224527779588604,4.007033810992895,0.2596579476861164,0.14635508493421262,0.181142666794076,0.07250224827171062,0.015336039662278,0.25753633016659344,0.026936682013869,77151.6,231859.35,45891.05,1.2457369535559344,0,1.2457369535559344,27
383,0.1027104657237746,0.1288433645803092,0.0792842116576568,3.1478938379108246,0.2704752275025276,0.262669218869852,0.08848714987271561,0.048843631257431804,0.1305466750229482,0.0,0.1841812248651046,548704.65,0.0,321621.6,2.4662735277164605,1,102.46627352771647,366
384,0.0661957935591022,0.19056853584458483,0.1261677289814846,1.9478659827894873,0.39545059288537543,0.37689461738717145,0.14580178663823762,0.07730359597459001,0.06782096566622,0.18591710420975902,0.0002492207518908648,307536.3,173080.7,420.5,2.7844622582766836,1,102.78446225827669,383
385,0.11979613493002941,0.2256243072775248,0.15830772144571884,2.6987742410937856,0.468337897619549,0.30489742129441505,0.19910250530813603,0.0960000733974482,0.049117383237413804,0.004265976239631,0.37518339377208043,215907.9,4296.35,802396.65,3.340921193237773,0,3.340921193237773,172
386,0.0824888956541758,0.23977423469697962,0.15074735821109703,3.412007755341809,0.5141726755673898,0.35821258918216203,0.43517169192579264,0.2066157188920436,0.11966323713146801,0.0006376641743090413,0.0,504881.3,664.1,0.0,3.7862980382688143,1,103.78629803826881,438
387,0.1165183799256924,0.30337794604831403,0.17885831813613182,3.47881079192042,0.660343672681992,0.5471113871565748,0.3005928855834518,0.15229572725997223,0.1458529629947118,0.1031285015658822,0.0,613376.1,90506.1,0.0,4.434616193220153,1,104.43461619322015,464
388,0.10209061088134881,0.14042979133389402,0.09286360829487221,2.8311922133929475,0.29719887955182045,0.16068716519828102,0.15944222334705582,0.07987061145466261,0.044225352763282,0.22380913755602302,0.2613702812689632,217987.2,216434.25,539038.95,2.025417266490296,0,2.025417266490296,66
389,0.05363419893719841,0.1099634069444158,0.043255004067967,5.066960189072343,0.21358858858858842,0.2204971137759168,0.12060937431567123,0.05889351190841141,0.029135204799140002,0.0047977104412378,0.20928504391391384,135279.2,4602.3,366100.35,1.2552154866089449,0,1.2552154866089449,28
390,0.029878629269705005,0.2433867572681918,0.1330166155682752,6.116342337620033,0.4938351398976528,0.5161313388963372,0.18041976902538462,0.1034488920782772,0.11736690353967641,0.19847715266627203,0.22609796014480504,545372.55,196894.05,451719.95,3.5706803590702165,0,3.5706803590702165,188
391,0.109013406405403,0.33212740582556666,0.18802722702958982,2.9818541850624465,0.6617789269707326,0.5235604971039475,0.3150828424839294,0.1613566604121218,0.028074235157717602,0.1424409793984584,0.0,129427.0,121559.3,0.0,3.7922102700567777,1,103.79221027005678,439
392,0.03331086119541861,0.3647665146823432,0.196760004846633,1.9071244392009636,0.7271955410389013,0.5263078883963904,0.3239521524186858,0.1497399591849224,0.119517955888136,0.2426421882738236,0.3092645457816574,617768.15,267159.6,755151.3,5.174545840174035,0,5.174545840174035,301
393,0.13764575499238202,0.1114020800479818,0.06842970423638801,6.5012966162967745,0.212262158137093,0.2138653571251412,0.251072877451924,0.1350617654229338,0.014580242180059603,0.2002061852745236,0.0,61780.15,165360.9,0.0,1.3548743000576233,1,101.35487430005762,332
394,0.129746142435408,0.2767241816104428,0.153923840196197,4.0802809248108645,0.5911439849027988,0.5882571394576253,0.26658905992071663,0.145153800621657,0.0058760318646494,0.1264401205921974,0.18108709068819623,28913.0,105960.2,305387.4,3.068932101077397,0,3.068932101077397,143
395,0.05135230929375541,0.3112339910516084,0.1186003426606504,2.303259252330892,0.5079034635808826,0.5339720536910882,0.3109364971617816,0.1550914491471288,0.013079061891865801,0.20466508327551142,0.2169426068141036,71761.95,186393.15,389046.6,3.0659202164543693,0,3.0659202164543693,142
396,0.1252276003572696,0.233144058010462,0.1376805235266672,4.217965628587133,0.6230340565766754,0.5710674423698793,0.28136694184863165,0.1475656157814878,0.0458828826965936,0.030616999414483204,0.27227462458593,198462.95,27744.3,471879.3,2.9284044141115224,0,2.9284044141115224,132
397,0.082695188660379,0.061976837439369006,0.0291935869825316,4.104384052537474,0.10457516339869281,0.10382898754991761,0.06389476156918,0.032276250880902004,0.0636275975651928,0.219491026152021,0.0219810943195822,286786.8,203320.45,37903.0,1.0500213184874658,0,1.0500213184874658,17
398,0.1096548200629636,0.2811864687743558,0.12536567196933282,3.7023778360783637,0.6550224963075209,0.6471211050608402,0.227322243905614,0.1254813214666898,0.0,0.139320858275735,0.2727396031662574,0.0,118968.15,507821.9,2.899388830994396,1,102.8993888309944,387
399,0.1389388388485818,0.29024723438929123,0.2020673505186194,4.469417975490247,0.6872730942291326,0.4939517562415676,0.3358526310055116,0.17019561275291922,0.0622223310267918,0.05065905637247601,0.3580464457363792,247863.0,42147.15,720135.25,4.138851746899202,0,4.138851746899202,233
400,0.11333238033290301,0.21668325728988744,0.1057451765585854,3.2365196462319554,0.37041681402251303,0.5219587034985114,0.18428561860381404,0.0937556778976734,0.0,0.1710189930423176,0.3123607002292008,0.0,148094.3,614868.15,2.386067820316141,1,102.38606782031614,361
401,0.10412355446718662,0.3107254362712794,0.15480213309101482,2.4945467689983203,0.625745172126788,0.5426602168373676,0.3010221844322986,0.1563175987303324,0.1054252381545208,0.259647483326614,0.08765453964557242,500148.5,260186.55,174784.45,4.043280624297307,0,4.043280624297307,228
402,0.0735898599956732,0.28365710951856504,0.16521751281160663,2.539695950070057,0.5883577642903168,0.6417009532387077,0.242057116565701,0.11624193019559001,0.079758098138952,0.21678067878186522,0.0003951251731340001,365431.9,204871.95,980.2,3.826891984869421,0,3.826891984869421,210
403,0.127258305830466,0.10844769596186421,0.0450699264726878,3.7464668136184853,0.1767521367521366,0.19553498897528124,0.14050695284883502,0.06395805817588321,0.054076049468925004,0.069476584871447,0.1290798449772906,229861.25,60254.75,208144.6,1.1879193939478019,0,1.1879193939478019,26
404,0.1443470750362778,0.105824046166725,0.056486498622041005,7.417515991019281,0.2445346243141932,0.28047746281497243,0.21688152574161262,0.1026410114434142,0.0,0.20763676973531622,0.1046269365743842,0.0,166441.15,160942.75,1.2434365289706273,1,101.24343652897063,329
405,0.07555799061382461,0.2615644435796952,0.1604470712071358,2.71420748941791,0.5540445402298848,0.6209360914438812,0.24593185872414264,0.13313204983197463,0.06491364677218521,0.1194314140980238,0.0759879444363348,301308.55,113574.15,136402.95,3.3436174776876584,0,3.3436174776876584,173
406,0.07161904148787482,0.2661733712998028,0.10826565292052381,2.98375098556698,0.5800346496770938,0.3589161897472634,0.44534447886396145,0.19573933138877403,0.020681768414019204,0.0198067081044118,0.0050194883637538,86401.15,17710.3,7302.2,2.705169920048585,0,2.705169920048585,109
407,0.1215912817797834,0.350534675221715,0.17928254926350642,3.261327513436027,0.5941687773811182,0.5871443417158566,0.2782407375715984,0.13461492071254402,0.019932901521697,0.1889177201802708,0.11984554811166981,100348.7,163780.4,200408.85,3.776702897089352,0,3.776702897089352,203
408,0.0285405851510676,0.20656942738700423,0.0892435669358734,1.910450335933281,0.47613935482893205,0.4964458994565528,0.19828985106021463,0.10526424948323161,0.134552978425305,0.1309691167595792,0.2809049376730106,672699.95,137149.7,643650.65,2.996151355427777,0,2.996151355427777,138
409,0.05385764147269221,0.3856321343167842,0.25337801433113405,2.2658731806603876,0.7138337024155116,0.49037929431222665,0.33087701427261623,0.17874369141515561,0.0823235090240774,0.09053789415323801,0.3240417121888916,389374.3,89868.1,719021.65,5.4342056654952335,0,5.4342056654952335,307
410,0.1386316008776526,0.1665577992361552,0.0944071051426084,3.8483122531446603,0.4774515102383952,0.36818509756161844,0.15217738259958122,0.0796375198387996,0.0576595180113626,0.15167798737974741,0.0,259273.05,130450.7,0.0,2.035914630409779,1,102.03591463040978,353
411,0.08373710915390721,0.39613603795088503,0.26790840172757363,2.34623864692351,0.7805621332841128,0.5172295049072391,0.3179658479568938,0.164804647135866,0.0052493115066634,0.25363097054780065,0.0004577904656728001,28688.25,226503.05,755.45,5.360738263826641,1,105.36073826382665,486
412,0.14051267806502202,0.1008967137262228,0.04753424918277001,4.672405158113636,0.1742690058479528,0.2547105256179546,0.22562959423538503,0.1196598801466596,0.10580701311305021,0.1981747877721362,0.150238488537028,456323.7,181371.8,261274.05,1.5824787450304956,0,1.5824787450304956,39
413,0.022732577076362,0.38803001377907265,0.1796226342154934,1.9431421577317944,0.738599780501142,0.46356122336739247,0.3581325029919592,0.1783062736406474,0.047613867800463804,0.0906165028818636,0.09412897169614881,210131.1,81101.4,158061.6,4.267178218029895,0,4.267178218029895,251
414,0.08079397760496401,0.3311863928623576,0.150695681448019,2.6497435695033076,0.7277703217752911,0.5303101872086662,0.30709415507782484,0.16259565771350742,0.0090781831742046,0.10908276862400981,0.0022460320612126003,42065.95,89718.75,3075.45,3.4156415338828037,0,3.4156415338828037,176
415,0.0761352075910186,0.2969727165196792,0.1378653937449642,2.5328701876415014,0.6421352486385393,0.5601677198541043,0.2862450478197596,0.153587232326135,0.08876358938677581,0.0,0.1702626226588206,384748.8,17.4,296165.4,3.6773071742173946,1,103.67730717421739,431
416,0.0928396419875228,0.22155048641545663,0.11082337670913622,3.2960629627128597,0.692500792161406,0.4944405987756211,0.33844381567788845,0.1671155855464888,0.06952368745858702,0.24308870636617042,0.15884018612055562,329189.15,233663.15,298544.85,2.7232677829617873,0,2.7232677829617873,112
417,0.10130446247937122,0.3286829575984864,0.22283698927161422,3.345157250899773,0.6828473399436843,0.5553756135951952,0.29048363977370883,0.1541407466310948,0.0036236858389334,0.15623838566217083,0.0645647572671854,17243.4,130443.45,101205.65,4.177561883941398,0,4.177561883941398,237
418,0.0464425270778602,0.12961391165266062,0.0505459474441422,1.3871080249732797,0.27365447517097824,0.21385283497384444,0.12418691319213479,0.06196025183402021,0.1294773304375478,0.05017265110857001,0.16707796483638,586741.05,49926.4,309374.9,2.170198051239946,0,2.170198051239946,76
419,0.15223677395071383,0.29604169268110664,0.14503066655787622,5.032992993933352,0.613928383254378,0.5058430440149453,0.3358381888925188,0.158318767092535,0.0,0.1451445930996344,0.2873408338878664,0.0,116545.2,525613.4,3.206591302099543,1,103.20659130209954,408
420,0.13711084303557042,0.37299124870036005,0.26142424077895204,3.3184920988983833,0.7315706678125158,0.48430502809067083,0.34614194416385585,0.1695530277454724,0.031961752290867,0.20691240525213703,0.0,136271.0,174326.25,0.0,4.993331494231713,1,104.99333149423171,479
421,0.080044985634868,0.2683321290113198,0.12080370384411862,3.1181584938721785,0.5310276333575584,0.614938752440205,0.2535277395324016,0.13153350802739222,0.1421929888091666,0.0021015250446792004,0.1396799340656662,611001.0,2356.25,240979.85,3.70500280895404,0,3.70500280895404,198
422,0.0675317923302312,0.19164767592267443,0.11689412247577899,2.777166623772157,0.36819765346574285,0.29438420256454645,0.21152912166755883,0.0940866757678942,0.0682755717728166,0.111559879195785,0.19603490050129702,311423.75,101804.5,344412.7,2.582836770569474,0,2.582836770569474,100
423,0.020435818593043803,0.2992447215608466,0.1735573718433268,2.4081877713108817,0.5997305006029412,0.3517988522365826,0.45541104128694865,0.19279010647646683,0.09900553295402681,0.2766206416786162,0.001953858737591,449382.55,270622.2,3234.95,4.379644720931119,0,4.379644720931119,261
424,0.0793406088575404,4.9504950495e-05,0.0,0.0,0.0,0.0,0.0,0.0,0.041575313098021406,0.26554951091960605,0.32873292352611944,204761.75,268819.85,747899.85,1.1394146736246111,1,101.13941467362461,323
425,0.022136506135628405,0.4031739263974495,0.234681965019211,1.8092861650593401,0.6349125384419501,0.4736025974851429,0.35399676839034144,0.1724006341245142,0.1080722325928604,0.23809119115105282,0.0017442555614736,486572.15,229249.35,4048.4,5.667968167856918,0,5.667968167856918,311
426,0.0186029912928568,0.3251347747300478,0.1308406182490674,1.4890897963822858,0.5744086227546646,0.392661174748253,0.27474739072884985,0.132591434522896,0.0381622382615152,0.16717564297586401,0.24375559123627683,173782.5,160815.15,490332.0,3.415419629715821,0,3.415419629715821,175
427,0.0592259158502574,0.244423266032307,0.11159399251937481,1.880115006947363,0.48219956792028656,0.5104752715493817,0.190782846147612,0.098741882303005,0.07795960879695181,0.24192511219988924,0.0043746513175372,357049.45,232243.6,7368.9,3.078324992547477,0,3.078324992547477,144
428,0.1343770725661526,0.28785106485030704,0.14479844077812082,4.807983388301058,0.6233279887253211,0.5684515698072696,0.28416639374212044,0.14738203645060882,0.129509363232791,0.180380205469381,0.0,549509.4,159388.35,0.0,3.8742957811813157,1,103.87429578118132,442
429,0.1259605236472834,0.3000675598335022,0.16801833031857502,3.812021838314236,0.7364305350587259,0.6066071139930297,0.26113997629148483,0.132252909715484,0.11406549212355661,0.048534661226067206,0.3130341576365464,477090.6,43993.0,602577.95,4.188963221467586,0,4.188963221467586,239
430,0.128237135038755,0.30742792703723626,0.17401807679683182,3.410395159247956,0.6500657056709841,0.5517866572433718,0.2994795364702336,0.14873380628639282,0.092288849622619,0.0009914609128317039,0.19946679220081562,381651.6,1100.55,346244.05,4.124315067207011,0,4.124315067207011,231
431,0.0803072308552106,0.24161246818791585,0.1422740508873046,1.5857638791213668,0.45503678551216725,0.3082674281001128,0.19541920891484982,0.09631336298503641,0.11264743225103682,0.11852972178257001,4.6311409882600006e-05,508815.15,112625.85,55.1,3.5530133090569787,1,103.55301330905698,424
432,0.1172663626052612,0.21381364203281264,0.0920864192000928,3.1914948333164928,0.46912280701754366,0.4825129582840342,0.21635354074694063,0.101133500969024,0.012893209362229202,0.07206933005624501,0.0410889204337894,60963.8,57950.7,61803.35,2.011457047328374,0,2.011457047328374,65
433,0.10035685586062981,0.24116922157830484,0.126874567568874,2.3214308478134305,0.5089373249299719,0.4478142799522239,0.23041147506497342,0.12177424498280183,0.0800323140425994,0.04083197126079081,0.0207530015789592,339308.7,37531.8,33363.05,3.0869458071195943,0,3.0869458071195943,146
434,0.13574091049784762,0.26476408119420664,0.1731207151121182,3.7356932177878712,0.5871689343765366,0.4161807686782404,0.25250435381795083,0.13131487750380802,0.1320472934714164,0.042088860833859806,0.130947785346433,554619.2,38787.5,218149.6,4.077851485205089,0,4.077851485205089,229
435,0.149857970642813,0.31578608784605644,0.18102434079489022,4.520384636038022,0.6838197802584073,0.5488092783872566,0.2978929762049594,0.1532977454077826,0.17139354346480243,0.013121616280433002,0.0569912195375204,670588.75,11180.95,84314.6,4.8383188985097325,0,4.8383188985097325,293
436,0.1376707317763818,0.1591400045524712,0.068036820343729,5.390013752717774,0.38273974909488884,0.35738366100725544,0.15716881583762182,0.0854475231551218,0.044378451840362605,0.026414989021648,0.12343598729414121,184869.2,23179.7,186735.35,1.6642139837847731,0,1.6642139837847731,42
437,0.12347441864633102,0.3205514435296658,0.13508398905338062,3.3535001633662,0.5202725956214325,0.5273799520127943,0.3211091401318984,0.15151090785530602,0.084849434260683,0.23739694452869622,0.34603754891632726,382727.5,231691.15,795754.2,3.780607622900518,0,3.780607622900518,204
438,0.0629223612752488,0.23889607818555564,0.1385883154188748,3.0404842018514606,0.5600488265758516,0.4567366348683475,0.3761639930337242,0.16709937209792702,0.074592893320711,0.10184973852088981,0.0015315306300216001,325284.3,91522.55,1760.3,3.105507481019819,0,3.105507481019819,147
439,0.0174791319579598,0.38195963174445785,0.172485785900163,1.898153011490311,0.6580125317426813,0.5707256885797151,0.2880233454457568,0.14125096597452683,0.021071414241377602,0.10985638752582341,0.3793845823116632,96933.95,101823.35,873388.65,4.17008292357731,0,4.17008292357731,235
440,0.136520080275743,0.11280841405736342,0.070318281011212,3.136491608985409,0.25786496995404723,0.2286192382785238,0.1117633868496574,0.05961737487181821,0.09356253305640061,0.0,0.073855291476061,373939.05,0.0,110600.2,1.926158066961673,1,101.92615806696168,349
441,0.0647132643025344,0.21562154495313218,0.11808789209692241,1.6566072209805576,0.4117925819179485,0.28099204529272137,0.21694243861077162,0.10206551609650583,0.0359465099827174,0.030331678091483405,0.11995984656909861,154017.55,26813.4,183127.75,2.615904573728328,0,2.615904573728328,103
442,0.06693277213065081,0.1489674190928592,0.08231810965331801,4.2911792146363785,0.37859414035884603,0.26607446808891483,0.2224055639045714,0.1115199680065132,0.1440115570063992,0.09292065334783281,0.0,621674.45,85645.7,0.0,2.5697513219832127,1,102.56975132198322,370
443,0.1355579772914088,0.25805420583602146,0.1294764762444284,4.477466893811979,0.6119342101741309,0.659257867995624,0.2260549785305272,0.11468715347384702,0.14087705710509382,0.079469275649337,0.1820655829140858,609345.1,74659.05,335551.75,3.572307033231998,0,3.572307033231998,189
444,0.0539594733762188,0.2574207002226118,0.13069313592367302,2.698575657486338,0.5651081135041208,0.44170349380082746,0.3822756329412632,0.1760208732579078,0.0342112118677276,0.18180350363304282,0.0,169970.45,165882.9,0.0,2.8992013263082135,1,102.89920132630822,386
445,0.14836143590614342,0.1817529425635378,0.07426318929801282,2.937234601431238,0.35794729118258506,0.24360902956316904,0.24961381124064141,0.10677715919618862,0.0406425145046274,0.26020064865154185,0.3619868706816086,182997.25,247433.8,822986.65,2.0817219508497757,0,2.0817219508497757,70
446,0.12566118855393862,0.2875129488461942,0.20602947211462622,3.5548145979630332,0.6615012134711563,0.5133306681403792,0.32694795451611103,0.1597213773435084,0.13138500281262183,0.215702828582674,0.0,591562.3,203305.95,0.0,4.655543607732383,1,104.65554360773238,471
447,0.09246692437955101,0.039866192468715804,0.017124753969405403,6.765725669427707,0.013440773569701603,0.09543568464730282,0.07883817427385881,0.025726141078838,0.1025167561654802,0.0136996051307896,0.0,415313.35,12194.5,0.0,1.167666594941875,2,201.16766659494186,494
448,0.0580109473726038,0.35346966457663764,0.21460675801126822,2.3267108752283936,0.663188913073187,0.511912312488361,0.3198237235391642,0.16826396397247342,0.0055926254449194,0.005101505607001401,0.0,24873.3,4277.5,0.0,4.513725207384423,1,104.51372520738443,468
449,0.13246684874224082,0.2927465339332052,0.15123575010941262,2.9691099965201437,0.7177257914647555,0.4663730153131144,0.3573950887775014,0.17623189590938282,0.022046386980326203,0.2323329582274966,0.0,109669.3,203359.6,0.0,3.270446214094593,1,103.27044621409459,410
450,0.09525127741168361,0.19627460639867383,0.0659030753225818,2.985500023496156,0.38921196645747524,0.25854989968228065,0.23104430753728802,0.11040579278043061,0.0001319567163106,0.26857704433016344,0.30092945553498385,1270.2,243292.6,596777.95,2.044961319734383,1,102.04496131973438,354
451,0.09446528887035861,0.32475162620621323,0.16717916037193542,2.7359755374659107,0.6681263794907745,0.5172278423167688,0.3171805046429396,0.1655916530402902,0.0,0.1876972459035262,0.34759972830203745,0.0,174382.8,766661.4,3.772392967323376,1,103.77239296732337,437
452,0.12067946900248101,0.3018328575193262,0.1665545644001792,2.4615234336622533,0.5952019222802216,0.3142965670541542,0.32718135030215845,0.15852208264368622,0.09032930497647881,0.0033252420266648,0.00039277109988280004,366712.25,3600.35,711.95,4.063971289002794,1,104.0639712890028,447
453,0.1095985786507376,0.1290567715662768,0.0669634413520106,3.283698032475413,0.22219973009446684,0.213222791330814,0.12506288706211582,0.0617143216070698,0.113959613355106,0.0021523732824030983,0.0,451021.05,2434.55,0.0,2.214152638938048,1,102.21415263893805,357
454,0.0353888782081566,0.40585690179434,0.2174375217763654,1.900079776156821,0.7304174229102741,0.48446405052888986,0.34823694887663026,0.16729900059447883,0.10240568024580561,0.0035446540579248008,0.0464908688001444,453042.35,4645.8,79838.45,5.40143792978041,0,5.40143792978041,305
455,0.05389240663967201,0.32402579451881525,0.20541444778279722,2.2739867960835705,0.6250474665501635,0.42058323845157786,0.38778075929499123,0.19163600225342942,0.0031662311907136005,0.08775405941300021,0.2542808860532042,17584.15,77093.6,473137.9,4.135734686281709,0,4.135734686281709,232
456,0.024028743449051402,0.2067906684836382,0.1066499770963758,1.6506152077590295,0.3864349645985202,0.2612177291749388,0.22642938010669603,0.11235289071836421,0.06181746952665601,0.0,0.2716111854336074,271967.8,0.0,517014.9,2.8482322135565123,1,102.84823221355651,385
457,0.13760134665371743,0.2242973731713222,0.1274253412271502,4.643608706513479,0.49610588335975087,0.37895824084932644,0.27608921213477744,0.144952547015895,0.139879101170931,0.21904821919572542,0.00032519852365139,600063.65,196633.05,384.25,3.488940124400649,0,3.488940124400649,181
458,0.0990647692715718,0.1701501909322712,0.069704640078441,4.297079532780854,0.2325279603858958,0.41673148745867766,0.24878408359876683,0.1344844289425546,0.0381334253841162,0.0370796350041116,0.0,160800.65,32379.95,0.0,1.7510947140931956,1,101.7510947140932,345
459,0.1427810888587834,0.15728305393719902,0.0895683975029498,4.472535698591254,0.5276537419220345,0.42145765240895,0.25629363162165225,0.12224871596939682,0.05788720320142441,0.012384184359570002,0.28183239741918903,229484.25,12007.45,501247.6,2.0877243305681503,0,2.0877243305681503,71
460,0.07417099786638001,0.16141207743398583,0.0734573864320228,4.954971477361381,0.3329429997373258,0.3612474170857286,0.1563572293114342,0.0823953536028362,0.032733507414259205,0.0505099105672542,0.3614247240022696,160500.5,48096.5,789326.35,1.8376796786687777,0,1.8376796786687777,51
461,0.109656805713505,0.2313271407582548,0.14148629794177361,3.6574980876673107,0.5246071048540702,0.4795693573999986,0.2123546637843186,0.1080759788156814,0.0155290236719414,0.054589793013675406,0.0,66778.3,45097.9,0.0,2.7537149439218176,1,102.75371494392182,380
462,0.08861447647990661,0.056104642317939414,0.028146672226109802,1.9928780117111293,0.10102040816326521,0.0781725888324872,0.085843203609701,0.03598420755781161,0.004777868167108601,0.007839189714322601,0.36810653300938967,24103.35,7455.9,788541.9,0.9759988417040798,0,0.9759988417040798,12
463,0.11739869628905222,0.1486937557538556,0.11439939149259822,2.8290590980763026,0.33279304674653504,0.1895524519153914,0.13797475666912723,0.07247279141548081,0.0108948786250752,0.19528440674159242,0.2679872766371714,50710.85,171507.45,512705.5,2.122388609782641,0,2.122388609782641,73
464,0.0526611908791708,0.37611844408811124,0.1419427500383372,2.0256794947788803,0.6643660676939737,0.5834361701559747,0.28008019578201543,0.1364836340620088,0.014526051827879801,0.240110770927414,0.2582241842912182,68483.5,227661.6,522825.05,3.806441624609895,0,3.806441624609895,207
465,0.0872605193570872,0.30437848739312423,0.1600364525528984,2.665419916779568,0.6776844818354251,0.618553394539863,0.25778888612763523,0.12365771933250061,0.052272626726191596,0.09253968789625841,0.32486123866511446,247278.65,88821.2,704256.3,3.6097573079815515,0,3.6097573079815515,192
466,0.10971005789272201,0.0706196257865366,0.046865011064666805,1.4497902148489306,0.1356521739130434,0.10679983000424982,0.0627284317892052,0.0304717382065448,0.0487611879477786,0.2283115990195812,0.05892126781573821,227531.1,213076.05,103596.7,1.1866538528699504,0,1.1866538528699504,25
467,0.1347009527456226,0.31894208426495385,0.19522210790103803,3.5257803901215574,0.7880209001372178,0.4537656054496811,0.3658280164575016,0.18040637809281562,0.118545533215896,0.070594890367174,0.0,491233.9,62289.1,0.0,4.541478705164231,1,104.54147870516422,469
468,0.1130829265055588,0.3220089158293124,0.20942259459800444,2.896261357534787,0.7794445618940209,0.5925217105010143,0.2612322993536472,0.1462459901453372,0.12538618561759782,0.1231166027906728,0.28618909058124686,603842.35,124916.05,625527.1,4.797579081614964,0,4.797579081614964,290
469,0.13153558159044482,0.24067568910142983,0.11273110363998842,4.958927771537875,0.422140542244896,0.5595827151813246,0.29076141723244203,0.14965586758623178,0.0442683969791878,0.24742003287497064,0.2355560077766868,195815.25,224526.7,432298.65,2.6991474749647053,0,2.6991474749647053,107
470,0.0915128910751142,0.061054164393302204,0.026896533204716806,4.609541109100448,0.07281105990783401,0.1301165803108808,0.044494818652849606,0.025388601036269404,0.0,0.240756533183768,0.36740892691313204,0.0,229144.95,849135.95,0.9858229445352455,1,100.98582294453524,319
471,0.1367006736279108,0.3513668205757232,0.23914805571011843,3.3766294263861574,0.6865973881191271,0.4962917834711048,0.3343004596308036,0.16940775689809043,0.0689998420385586,0.00041003125777740006,0.33169949122665204,276913.75,745.3,634807.1,5.043888251888027,1,105.04388825188802,480
472,0.11487740416715961,0.3320800001698202,0.2297173581574436,3.4473107140838253,0.6777870986685435,0.5360765324675258,0.299724088997123,0.1640916489366426,0.0334262478601586,0.0187795057659592,0.19394151276681543,143687.75,16933.1,312933.2,4.422454982914504,0,4.422454982914504,265
473,0.10817218168878821,0.0628037603166342,0.038502947962061,1.83781512605042,0.1302325581395348,0.0746687864334922,0.08887122416534181,0.03645998940116581,0.049415963937013,0.25711428137120784,0.1053159909425206,219213.9,242495.1,187770.65,1.0806917092882649,0,1.0806917092882649,18
474,0.1196312562785548,0.17584491858847442,0.09617771359717661,3.4811462410833114,0.22172477440525,0.40535730753586846,0.2575657549440332,0.1370769375200976,0.0264888670251202,0.2511675069251428,0.2501134618914532,125420.65,235938.2,500743.0,2.0769669525421013,0,2.0769669525421013,69
475,0.14279486853132442,0.15016073028128601,0.1095228992510832,3.1796451849999325,0.4402772002772,0.34532499948648543,0.17118947028986242,0.08348553022365142,0.0250990571896062,0.236169600468485,0.10237726556711402,116671.35,207980.75,177008.75,1.97170495367428,0,1.97170495367428,64
476,0.15169449277692543,0.309078237012516,0.2076848763744202,4.669215713210183,0.6414198771331867,0.4743119833104326,0.3488373978056626,0.1768506188839034,0.1283973091940048,0.05960888073399221,0.3535478055295278,540670.2,55011.55,751964.2,4.812172273595149,0,4.812172273595149,291
477,0.09875851130528941,0.4135813708709116,0.19030947906607643,2.406935846814496,0.7391352261834518,0.47798681263034465,0.3494220402089338,0.1725911471607196,0.083606329533499,0.048518583241278,0.2073548167317348,363346.8,44671.6,367327.05,4.815404588391644,0,4.815404588391644,292
478,0.1147186930311032,0.17361839734661003,0.1215970631179742,2.8565269118218,0.42792456925790223,0.3305961476000935,0.17619840862683703,0.0932054437730688,0.0595289022602154,0.0007356717680365682,0.1687173028718698,246765.35,749.65,275196.95,2.549325740783609,0,2.549325740783609,99
479,0.08942238382107981,0.3480615941394946,0.2042166767193748,2.6603857467623624,0.6635158034983097,0.4956475022113908,0.3304167592306168,0.17393573855799144,0.0758944813499192,0.1146148945488596,0.35238674911746243,335996.9,106300.95,761821.3,4.560681215313405,0,4.560681215313405,272
480,0.09306928321894661,0.0418428693230366,0.020182131429977802,1.3993546626426727,0.0593103448275862,0.0639219015280134,0.0958404074702886,0.0402376910016976,0.019366201775153403,0.0014149818223744,0.35386519273119366,90298.75,1634.15,729129.6,0.7811353250164865,0,0.7811353250164865,8
481,0.14900206906057561,0.22851757634946343,0.11317243355203062,5.4119413987026075,0.5918582857675869,0.3662972241565584,0.43097607019240786,0.2027267056510324,0.11342768821358562,0.0019941982324146,0.3533498261222034,467089.95,2453.4,750098.05,3.285667443053237,0,3.285667443053237,166
482,0.1427738527925468,0.37487592652574103,0.2111104198304162,3.173575266390864,0.6945545887553247,0.490957367181651,0.3377011928711774,0.17134143994717002,0.0719413016483022,0.017402003358681202,0.0638653072580078,288409.35,16341.5,98399.9,4.708807169539712,0,4.708807169539712,284
483,0.1050447580948112,0.2251152466682366,0.1031548849751724,3.1291046846155504,0.5803319460753477,0.5921853080111179,0.27172769247923945,0.1360869995096416,0.12122036343353282,0.0190079976075196,0.0,516146.35,19799.75,0.0,3.0768303355452327,1,103.07683033554524,401
484,0.040283226761349204,0.10963294013367342,0.071732086951385,1.7793275681462777,0.2644450140989488,0.1721549765101086,0.155869715315171,0.0719753081747198,0.0471243775108636,0.2484669086003704,0.33447589036922143,222074.75,245641.6,745271.0,1.8608771960573949,0,1.8608771960573949,54
485,0.0700204829958458,0.1986612345976258,0.12323423043533262,3.1796780421856687,0.35881852306929224,0.3612545158356874,0.15894106002562242,0.0798044241386896,0.021307285872521203,0.2701893994538308,0.3005296508647776,104255.0,266644.85,662953.05,2.6552547054499955,0,2.6552547054499955,105
486,0.09770679293811081,0.1247954271011634,0.05753789615945561,4.864340626066656,0.20333004463237003,0.30982427838474363,0.1944300353933456,0.0957456862219098,0.1045337988247006,0.26279889507446963,0.0,457831.7,249038.95,0.0,2.0084417759999287,1,102.00844177599993,352
487,0.0744161144676822,0.28469698687795864,0.17877659963679282,2.8174481233624453,0.5837669771916338,0.48971072202251886,0.3454330067884467,0.1648562711890332,0.0227708070951548,0.1973667549609998,0.00014323941429529442,109245.9,167343.05,266.8,3.5363440830388413,1,103.53634408303884,421
488,0.1418924196355304,0.0020626243149740003,0.0002169197396962,3.208668562914804,0.0,0.0,0.0,0.0,0.1121381262178662,0.1387103674918042,0.3649148974608962,512163.2,134526.65,843652.05,1.3335938547882182,1,101.33359385478822,331
489,0.0308752948900952,0.12487274153677082,0.038878504644967005,4.46811929789833,0.1024981327622558,0.22662137811746522,0.26500189941732344,0.10837672246521021,0.10462992951831081,0.03877607923341601,0.016933047202355802,466292.45,38848.4,30709.55,1.8082611944533997,0,1.8082611944533997,48
490,0.0439793412364848,0.1176410649089884,0.056830705952722806,1.252088735119052,0.218253968253968,0.23593462460615325,0.1090618480348466,0.055003527358999604,0.1343189041217056,0.1630089345793022,0.1547104731913596,641053.7,164931.7,308705.0,2.163367905775913,0,2.163367905775913,75
491,0.1404673152722558,0.3376167745614932,0.23774389365847043,4.230806997993835,0.7226681254552338,0.5501366164100863,0.2917898102967488,0.1580735732931636,0.108975470717763,0.0,0.2546887625085568,437341.75,0.0,464514.75,5.205906756277724,1,105.20590675627773,483
492,0.07683558401036461,0.196018382116605,0.10490414174631982,3.550057911797255,0.3120203845554472,0.48943737467174325,0.2062549166821918,0.1043077086460638,0.015169990940440001,0.0,0.38071305791984705,65274.65,0.0,827852.85,2.4256024204201765,1,102.42560242042018,363
493,0.122600016262151,0.1147601250706786,0.05666720684638321,6.2472195907828105,0.1746633047589948,0.23709499357693803,0.1093443961311894,0.0535606102918718,0.153816980587617,0.06123158571491381,0.33222038242177804,673967.25,58569.85,702770.05,2.322377319999866,0,2.322377319999866,86
494,0.05160970775607321,0.0622349050250646,0.0224982087413422,1.1122242819230814,0.157142857142857,0.1045091592296852,0.06472522310944101,0.0307656176608736,0.031498157729958405,0.24290413288804644,0.33967749870903463,167066.1,246236.1,797542.05,0.9857779316714943,0,0.9857779316714943,14
495,0.11533247965744861,0.22205645771337762,0.10203630549629542,4.0068989294626745,0.5362324844368984,0.34465589292311644,0.4508787673385676,0.2044653397383142,0.0767841795922156,0.0186503038069134,0.3706336015000714,336050.55,18631.05,829523.25,2.817917696632025,0,2.817917696632025,121
496,0.0884178708704276,0.26390725529931164,0.1194214054207942,2.1217015081139534,0.5439324302531846,0.3259681072472678,0.3289758634915378,0.1450560292611934,0.1250326709585668,0.11798724096365801,0.0178564766888554,553117.0,108960.25,29548.1,3.452320554275464,0,3.452320554275464,179
497,0.1282330722238208,0.208361514215122,0.13073085036637522,3.481655749576136,0.5455084866638138,0.307628181720136,0.34247204171868884,0.1498997765611742,0.0203653283966242,0.0379224388675942,0.0,95578.2,32414.75,0.0,2.5506930975581006,1,102.5506930975581,369
498,0.09895150343533261,0.26067456185093923,0.12622852662141643,2.9378477015976356,0.5593172425448344,0.46241909841011986,0.2261885836162576,0.11139231797362162,0.025103291065329603,0.22294409227928003,0.0,111987.85,190603.95,0.0,2.8127122788971883,1,102.8127122788972,384
499,0.129751796522766,0.2562501884557064,0.14038200679752982,3.171941696218815,0.5792979764091265,0.4647719687208678,0.21894056162820622,0.11628746965092462,0.0168328310690074,0.23368255228111123,0.15772749881975082,83894.1,206942.55,271422.6,2.898364136020248,0,2.898364136020248,127
