draw_idx,hiv.beta_m2f,hiv.rel_init_prev,log_syph.beta_m2f,log_syph.rel_trans_primary,syph.time_to_undetectable,syph.p_symp_primary_f,syph.p_symp_primary_m,log_syph.rel_init_prev,syph_symp_test.rel_test,log_ng.beta_m2f,log_ct.beta_m2f,log_tv.beta_m2f,structuredsexual.prop_f0,structuredsexual.m2_conc,structuredsexual.dur_sw,log_hiv_syph.rel_sus_syph_hiv,log_hiv_syph.rel_trans_syph_hiv
0,0.009071343467152625,0.5723316212515914,-1.6029511761192525,0.037708548343078005,26.85959084579197,0.48622066032760225,0.5721834980259859,-3.8775561658930147,1.1990194126874496,-1.1331799319538776,-1.5894397927843433,-1.251198830022417,0.6495930855580411,6.517651779102331,6.342934286031666,0.9921155506913345,0.5024734847715664
1,0.027306736156486815,0.7952883769616326,-1.3455917234038268,1.335246588500766,11.715204803642855,0.4622976905339359,0.7807603319755358,-2.352692253384121,1.4125922989531539,-1.3005234409083244,-2.779998126254275,-2.164531130916296,0.5982122272945182,6.1306662764829305,5.141461024537673,1.0025722021030108,0.44586363234008486
2,0.022923855669174372,0.6528950487429978,-1.1635061704197502,0.7274536709508331,15.460183516805824,0.2937974700363405,0.5799881023164306,-2.472339805550127,1.1967397530617612,-1.932379621738657,-1.96974788080759,-2.0482591506693915,0.8741176672556723,5.9633201992401315,14.35761402395727,0.06851295426521853,0.43373697472230455
3,0.027578184656729402,1.2495001475959195,-1.9815628007723738,0.5465600781259549,27.026377791629447,0.3442492706953809,0.8819490605027656,-1.4203010051922709,0.7220610191609044,-1.365075714799206,-2.6268547994706926,-2.4433641301853526,0.835731541606335,5.207878109233089,5.247033138551949,0.2838741626066879,0.46272464860704027
4,0.0164795635858417,0.5097052322381977,-1.3136456043429865,0.3956938117916096,20.990666377900943,0.19281828439011792,0.6229253288127624,-1.5140700617384901,0.7770104258910703,-2.0330650487373774,-2.251367326298256,-3.514850898623957,0.6090146980722299,3.166723783159405,2.853852088308877,0.11577319950019387,0.24588476095587541
5,0.014664718028361497,0.4643595268277364,-1.2650767000703247,2.0205327263029567,11.982093542301085,0.289511394417451,0.7014453646137755,-0.5258415056285641,0.4160804446910707,-1.1666097837032365,-1.2798332360159845,-1.7304508789308324,0.8413607857117749,7.43068251413231,11.908066062393978,0.8023376868113546,0.33317545390604286
6,0.025503919589856035,1.3425878959929118,-2.1274918340122237,0.32640942042435905,11.662002071261306,0.33752437184002065,0.6566184628960573,-0.5960805974904675,0.6236434265988346,-1.384123890401761,-1.9437769404551741,-1.260030938593423,0.6099902487613645,2.3092639415669383,9.162819689206643,0.7334292848112889,0.09762645990485486
7,0.02622516761677356,0.44861673754328635,-2.186062677037114,1.6735581708132308,28.05966477213215,0.5507749189027344,0.5981554961977882,-1.9264077638338926,1.3771150329135347,-1.2505570967080977,-2.20049839443792,-3.033021201454012,0.6346242859349871,6.226147910892523,5.624179809468545,0.5057606766175229,0.7950776726982296
8,0.020127482699677048,0.9770447086184322,-1.3301546895477632,1.191295600707374,14.88854601297314,0.1443109225259405,0.6436456121476892,-1.4845623631769316,0.6132691285896863,-0.5407479792915957,-1.59286642909589,-2.1223745867206203,0.7288857938362245,3.20931673180093,6.300102963323005,0.9757119658662,0.8931811103766782
9,0.02896033084661051,0.37232036973408333,-1.1322106703062211,1.883138954007351,23.935121964445404,0.4892092151283023,0.5921420924866674,-1.6098491989744486,1.2439876302865192,-1.7378684646105895,-0.7710341751420304,-3.3092653505729364,0.7902816979411351,5.056534375441359,9.191141178027934,0.6201072180772464,0.24950080404969754
10,0.014239306327232491,0.3624130243729467,-1.9120808487562044,0.977267296275734,22.262509470220202,0.23250030002434327,0.6353282742136677,-2.428706133449122,0.8496107451887323,-1.6122201431935799,-2.784326667443155,-1.7276921353524588,0.6848788297967021,2.312024650625466,3.1727317788433047,0.4014631691407669,0.3030555275405792
11,0.022203239624930246,0.46798057979019947,-1.9381990125535709,0.7976034505999492,23.236468308188236,0.5784927191195002,0.7731397495735348,-1.54066412222019,1.1352739234893818,-2.0628097374279166,-1.6879554595121877,-3.6158738766789287,0.6511504372951076,6.125617215028345,8.272290606147685,0.7728996653706356,0.5849994824279371
12,0.011690030424610684,1.2650833978925635,-2.160082001465258,1.4522545290021593,14.101094089065624,0.18582874705002345,0.8526099826704563,-3.2361839754354467,1.4720867784852394,-1.0436915071075614,-1.1941728922071266,-0.9794465527279774,0.8195097484947352,7.569072305588566,8.735497984502206,0.864433802545605,0.7102319282648096
13,0.02775108207139152,1.4130928714915443,-2.10505757270823,1.102267983809681,13.480092882063737,0.4923411906856263,0.5334247822921812,-2.5711625218393053,1.3956082615108296,-1.535909539985672,-2.1549012849428704,-2.4118062987820763,0.6843892142904042,5.830395721394097,3.886830543235587,0.8772018125604493,0.6475176053767205
14,0.021270334224670534,1.021689098883289,-1.4732314031625016,1.1552900468363128,21.775060977954347,0.10974674878272345,0.8406846484137902,-0.02633983625279024,0.40623824676241405,-1.2895242982537858,-0.9415750842898567,-2.9408141986486296,0.8852856708969625,6.115204564549436,6.581071969745105,0.9269377228292036,0.4745733924063459
15,0.029273932440462717,0.5868393924114235,-1.0745196036882931,0.8129033401512801,29.455384527559517,0.3824597956865532,0.7696308994096457,-0.9642149477845035,0.39031197343466517,-0.7639512304198546,-1.5156160414002746,-2.450627016490909,0.5639162471713993,4.9402272471818955,7.854297819655076,0.3729444363672275,0.7284634587686922
16,0.01719991546382982,0.7699722625769613,-1.7241131032331227,0.8701192530267464,11.117197216648902,0.14152198789529333,0.5124006508355555,-0.7825094509416526,0.7421413756823603,-0.7346377903222123,-2.5557077573114784,-1.2274779210759377,0.6530267224145645,6.822019457593474,7.057488197956457,0.6834587840883262,0.1008186096704919
17,0.016342720397304403,1.3607943736431227,-1.6433378659126103,0.5297697645491624,17.136013132791074,0.5123312108750899,0.6866193836994291,-3.3375116075650966,0.9796405469082414,-1.0925575127934872,-1.2778517768701596,-2.632618797494681,0.8298944326578779,7.693351452368837,4.60957001984601,1.0341789488440682,0.44049054984302066
18,0.01937413913018811,0.6374352612481362,-1.9036365216244646,1.6203614849222658,22.33965224411532,0.3257381204763959,0.6473271661436317,-2.0470049729471236,0.6401285873298626,-2.294081156898748,-2.7328405370369846,-1.073487840014978,0.7892205670786467,7.7003504918788215,6.466067346038096,0.9807267495505344,0.9069832169793802
19,0.015426207658276219,1.2334740934016628,-1.8761341527741022,2.0788660711546303,19.314427755505804,0.35198250229236394,0.9021104258686325,-0.5571355689660966,1.0733147185205514,-1.9919877063246136,-2.1116636337188694,-3.262638286152611,0.7774169773475034,7.094232014212102,6.528262829474961,1.058443155665356,0.5829827583170463
20,0.013438267985807512,0.6559676824162012,-1.231502420475166,0.8082609607636465,25.1084760467141,0.30438646379464496,0.555647924569395,-2.7104020088877325,0.8291643824252037,-1.63422847848306,-2.065665900196734,-2.5767465633150284,0.7547255782618734,4.315092309880688,2.315167311176732,0.013458455243224315,0.4981758758951061
21,0.02238955813791528,0.6442166056921605,-2.1564248172948686,1.2670210361827219,26.813334152193246,0.3532116295907104,0.5228452673861552,-3.7241677380737355,1.4834722602317125,-1.7998927652464007,-2.970166072963955,-1.5588020609281181,0.6267326797876979,7.7346337658818225,12.01767381618782,0.34476004533334575,0.005643179553617964
22,0.010735337198639058,0.9967527330708879,-1.075072952115858,0.780634685000513,22.397911602328442,0.15176053357621247,0.5760792897054278,-1.8296609783559443,1.3327782340381966,-1.7592135400489795,-2.084440792256544,-3.6398628659393086,0.5529492417387278,7.067153476238948,8.636736312328853,0.6316477227505151,0.5346227127051592
23,0.015592533840366359,0.9269930141356122,-1.4251741514037988,0.7229989454561236,26.754771198176392,0.2880800728595105,0.680994321225987,-0.3559112125253163,0.3791475641429817,-1.8648521773268112,-0.7870971596196266,-0.7867176377744567,0.688160646064634,5.535149551859592,4.057586993319587,0.33104585761151734,0.676817210721277
24,0.026105316345498765,1.3946047535721684,-1.8216566862486474,2.1963220270959303,26.27840603850329,0.4699538860031489,0.6612757939583217,-2.5245732187500116,0.9889300243126427,-1.5532184521000814,-1.9483287061965646,-1.8585281377716711,0.6175642468354328,2.3387965904139913,11.435016380502363,0.19397331742064192,0.025281737630211968
25,0.013505508036340343,0.9379422775143562,-1.3099849572104287,2.2514310602361713,18.573794610050964,0.17696197675087738,0.5579038377319914,-3.54194298238809,1.277214829158928,-0.9614075207064632,-1.6967045875462436,-3.6412933992989394,0.7747825932960536,4.657062893041498,5.023627789045766,0.9285360242326716,0.39152010491775424
26,0.019611539184359927,0.5239006977238301,-1.0682316892642914,1.983908142515561,17.170002019056827,0.1527128889990945,0.9417651714840751,-3.715870555925749,1.0259795891023387,-1.2752420494746162,-1.0293783313880058,-2.587111199289813,0.6282277623759348,7.51624657839805,4.838863412507438,0.8980044162948737,0.8474846714402622
27,0.013258315717449193,1.4456378077710477,-1.87954076929229,0.623568051509863,12.050631628119806,0.2615617644090371,0.6593631504187519,-1.374238771761314,1.3928712198768904,-0.886292767845819,-1.824723318124113,-3.624292404047695,0.5594957289334085,6.096738590180856,9.731618467479095,0.5183740869296235,0.7780607964216143
28,0.02906382663027659,1.224678775770857,-2.2731956031989387,0.28686317328855315,18.3386807787909,0.14619459171384896,0.6720059096408735,-2.9612801165547413,1.270585704337231,-1.7288192723580198,-1.092031126787,-3.1461766848385073,0.8525717732906188,6.337724104382605,12.614232589364192,0.9339944452362727,0.19291103387174696
29,0.021543506740553952,0.7639527995837652,-2.151235252305349,0.9257659790131023,10.69132820537702,0.5132888321691068,0.9079133215221658,-1.5321394115475768,0.7342484530826703,-2.128087729846159,-1.3279121459830225,-3.8273415483859488,0.6336184212398437,2.208183845167991,8.984468920491565,0.8059244053793042,0.1291199440063217
30,0.026563884749275103,0.8788805656352796,-1.2928907865778194,1.3799709205853377,28.53048844556468,0.38396925597767073,0.6737688601545004,-0.038090863784030926,0.34111920040488414,-0.9986050085078346,-2.599061096421539,-1.5511560229273744,0.6230568903923169,7.366028650254636,6.847724771850545,0.6890845914914375,0.7262538108634663
31,0.010139872151114216,1.3275355117383425,-1.6533320382493524,2.1698516553863803,25.061661395136742,0.35570587737029835,0.7259371323640089,-1.457785784069252,1.0437974786769664,-1.7134727252054167,-2.2428513274091793,-2.2218206190215115,0.8167915499470735,6.9074390418092,4.9482785117835,1.075105722802076,0.7883544663561367
32,0.012127747453658638,1.3213301907430834,-1.8417153184618171,2.284127906170811,28.608654867965342,0.2586193457073758,0.7545990607638731,-3.8651009218408423,0.9453536992471325,-0.7740764393393169,-1.3297483259435254,-2.571396372639925,0.6908913170527906,6.5839261040970785,7.285515357585632,0.4894429067956514,0.5804260746849842
33,0.023551737731926144,0.7769108533332338,-1.616618353268565,1.8182180301542477,22.915098303896247,0.3970736171200241,0.9462973039626894,-0.6757119493618924,0.4356302124737379,-1.5770719525366466,-2.163042768011118,-2.5449576854174065,0.5575227356711643,2.8536770763775485,10.729948791287338,1.0648576768606732,0.085751343120179
34,0.011944852567525827,1.4444949899585675,-1.458822198414024,0.4261550469632843,17.359453517735993,0.16391669515475643,0.8626813128565634,-1.2135817771435153,0.48617096517817954,-1.7042716554441792,-2.8896678395256847,-3.1337827052063325,0.7299509571230751,4.373515825779018,7.260127559458713,0.19790092220697567,0.5501661261876574
35,0.011231322284272512,1.4236340605352078,-1.3340528781364343,0.8392253470036716,25.355811785758334,0.4823097467441917,0.8908296973820424,-2.1420347728548492,0.823995944712236,-1.8012464795684986,-1.0880568051225588,-3.0408096528823383,0.5661014840184143,6.524739654461035,3.6472463859139634,0.673807391269366,0.2679191359138781
36,0.005771281942237843,0.5646337353575948,-1.548439771654758,1.8105791565373772,24.72641153700644,0.3747957675865743,0.8991568103754763,-0.2500282852294142,1.3796094875238523,-2.224054327812583,-1.1721812094692439,-1.312594225181654,0.7838229279871757,2.985792471690196,5.329678611050353,0.2566353977792842,0.29619080972665196
37,0.025934079671055064,0.711605258799348,-2.162504955507308,0.5918336702190248,13.823164012516795,0.34981885319109013,0.8347727505292394,-1.0757737227110176,1.4781483735476673,-2.090651372034599,-0.7283795408894407,-1.3806498888928473,0.8463141338676698,4.9718894631856685,9.706523756815688,0.428904179197734,0.5657259092087389
38,0.024829763200651864,0.9594350420518807,-2.1168784513229197,2.0359267434480715,17.967833364714387,0.4830670637454788,0.853393236466121,-1.725616706380285,1.4814494581680742,-2.2305355335117545,-1.1219667155734523,-1.7040129341988015,0.5988457304334945,4.0536929826823584,9.046895840592349,0.4770390686961265,0.8162452285118538
39,0.02060650177968487,1.453029901954169,-1.5376169663077968,0.053454693677702995,29.02090268120193,0.48781596403401406,0.6067757156152527,-1.0379345439547394,1.4431785255292733,-1.8104050489980963,-2.9510235961077274,-3.3340993278253612,0.556706039581454,7.101467649851565,4.026229383027648,0.19741255203493258,0.1150923952077352
40,0.029308888325545266,0.32513127253578766,-1.7621746489521657,0.468971835676134,23.117750266537325,0.24398727192778535,0.8474109830604839,-2.305910138459687,0.3317349254624705,-1.6601885356905166,-1.1207369023989042,-3.7798618935283295,0.792676283920162,3.5681422331854824,9.960887479740546,1.016195253255215,0.15974462317400628
41,0.021971474862792707,1.4790039910908497,-1.2954463975867463,0.15998175885008767,19.108793966500784,0.11019162064567263,0.571273546783376,-0.8663378842596616,0.5875046536158537,-1.459066540339541,-2.836188407507791,-3.010054130620326,0.8671458747651036,5.763623157348756,4.322679469608403,0.2830002907494545,0.01692116685926319
42,0.015869885850367093,0.3369573635431615,-2.05824965247756,1.312854976671883,26.608409975815526,0.16878033612717847,0.7073811229398561,-0.5103312338844246,1.2502773747324882,-1.975708079296653,-1.0545748944106157,-0.5540292132192648,0.6818196608380922,5.586113474969577,13.459816331120336,0.20981257389125535,0.9078325923237772
43,0.011568018406749161,0.6104101798561041,-1.6632096984712905,1.7383558529493188,11.026514982857254,0.2631188036271789,0.8239205169582297,-2.750684418720026,1.302332242303304,-0.8798263904547363,-2.345808168332047,-1.960810883246805,0.8620542687599775,7.66453828951337,6.179461363515659,0.18773743858575428,0.7796653817479079
44,0.015341964006604807,0.31282594221374493,-1.9265360392827295,0.6955933018676657,21.27511151130469,0.4914654798742568,0.5571910805869856,-3.4512456726865133,1.2907043701108176,-2.0376130308521914,-1.5232999406593677,-2.652595001619453,0.6189153373137641,5.636637264332081,9.598174584637567,0.21872675952293844,0.7438545136853507
45,0.027940390768192568,0.7714486092268692,-2.256410005816896,1.7451092241769004,12.757066989090609,0.4401306836711194,0.83881572400833,-2.098023204227453,0.7282849190073782,-1.437790253902007,-2.367928508120808,-2.3153467268670878,0.8110927941046377,3.959143757679379,10.856495949967059,0.953563069911074,0.1788248254409768
46,0.006764173521511985,0.4859825113145523,-2.139563782308228,1.2330928943729793,11.503507729066339,0.5045094678672731,0.5083490866056826,-1.961099485508686,1.1920024848791964,-0.934631338803813,-1.454917771971182,-0.9199028830076559,0.7469526831111869,5.26278133281982,9.523545182461024,0.29389605224102167,0.40720177408597097
47,0.029357862069665966,1.0646005316746006,-1.37079496977253,0.8599408540246469,22.55779633543625,0.21426085624216326,0.8943695642256877,-2.2531985784452955,0.7531860883463259,-1.073127611228331,-2.6830751586705874,-2.368413403893099,0.6472034696233018,3.6285725788793637,10.446621823712368,1.0559631960682927,0.6124181375397494
48,0.02504968771042713,1.2795674107177673,-2.1370624550539445,1.7312994906176695,15.394252984656339,0.20236144188455352,0.66360496963946,-2.8596021505141316,0.994934599837922,-1.5039440872821457,-0.9757728252809956,-2.622921418661018,0.6802029280833267,2.5714407135776254,3.8262490021444764,0.12269051330531336,0.16686268975573235
49,0.021644679394443873,1.31651380766557,-1.7130361314923892,0.12703911919049046,18.005231267044064,0.20150606198501947,0.9062114210946511,-0.1501952963627997,0.8618994342149042,-1.1413719758021115,-2.2685077066776467,-0.8671135872790305,0.6897321358476902,3.508158177682855,5.269436655760357,0.47269709801433296,0.5878464042639199
50,0.02430641178855813,1.2885309214135756,-1.9456987072913288,2.2646641858286736,23.43763354224913,0.2750499296560433,0.6452546279911245,-1.8347404780618048,0.6042314421543803,-0.9088189224989665,-1.5724661513277698,-2.309552106288616,0.8235657521743067,6.350858506816476,2.387243329250361,0.7564646085644997,0.6860243003525809
51,0.00848127299594236,0.8655603757845709,-2.290363722938657,1.3719028942561688,20.29970159973376,0.5069379442140229,0.5210160248927614,-1.6677413178533085,1.0943527172133032,-0.7004777264509816,-2.2151598108421293,-2.6947386859950395,0.6213508362558492,2.5474836676215897,11.274594214034655,0.946084350260199,0.6493770186214466
52,0.009497776318654963,0.3564700640069938,-1.2127736592269638,0.5889463926917988,27.452522154689515,0.22310379356840587,0.8172532731145729,-1.8025113479264587,1.2131264391221108,-0.9464367774482045,-1.4968037601561788,-1.8397514359983607,0.702799170233393,6.485698959239836,4.411356599712013,0.4672002690502153,0.8305179329226213
53,0.020359069388637623,0.43271786135069307,-1.13719329656853,0.6407738281347232,12.118481290960204,0.25070313895686525,0.7637644334470393,-0.8104891888653514,0.8779514942359614,-1.5963799183339669,-1.6874960418798082,-0.5281361469384347,0.8759450783179363,2.7150740597340906,13.436677509276615,0.6235242913972898,0.03861835281230283
54,0.007754973739245604,1.1326079247160468,-1.735472582242926,1.4078644792610302,13.661191261612718,0.10001123832520221,0.904119309944753,-1.7571727220001847,0.44152017201191185,-1.196351758752431,-2.7792389324792452,-1.2869265356964563,0.6043128802151273,3.3967398610901145,10.907301382519918,0.6701732029189408,0.17694072783470757
55,0.006563536991067472,1.3937266656689555,-1.1757119186759597,2.2075950231644366,29.125846675549457,0.18336503596936704,0.8957760978164068,-0.33408114492638186,0.5353301643227474,-2.134446012528924,-2.899447433606089,-1.426976036455641,0.6642119120339122,6.782816401230987,7.890112066526612,1.0872847071296183,0.4044478604039793
56,0.016203591113907737,0.47035951706594686,-1.2624522603295911,1.5599238208525525,27.882558181364224,0.5684302911291711,0.7409215767696598,-1.0309951380407472,1.1123901963683636,-0.6329645835611788,-1.2637959582093579,-0.9401162814871555,0.767274158931998,6.9790373470514275,7.382358316003736,0.5022723158288497,0.4909834010788576
57,0.011393995468558358,1.0084102466575942,-1.4648603120223957,0.8457840863291278,12.034990196414661,0.44592695900045953,0.7508408993294957,-1.2765924613816404,1.3075158253152797,-1.7722569316116024,-0.8423626008021516,-1.0634532797713305,0.6922736038313289,7.018354756177784,11.979516990156979,0.0013144890945514657,0.30861169907986186
58,0.02788767013532163,1.2612714163305712,-1.25400702207992,0.1451948958155055,17.52305003071467,0.5245227896049769,0.5150931790676859,-2.9416078434340878,0.6732809217876767,-1.946918004940481,-2.240337837075448,-2.425491005838442,0.7576368901991279,2.8943135593578067,3.1230754552244435,0.17554726904507875,0.050544283655399806
59,0.026017881872098067,0.9572501782471026,-1.2757893323918983,0.8770135021321335,29.438299307501577,0.1056229078925837,0.8273289341572251,-0.4894421663506501,0.6906004562309946,-0.9388530301861746,-0.7366145983126748,-1.6765883138282192,0.6197363722450375,6.8683796705037325,7.595396210399485,0.10163715936505449,0.88471397302392
60,0.02074580473263108,1.0423457438002472,-1.588795580805991,0.5600907935636353,15.088309085601622,0.1967767865837677,0.500979341228409,-3.822577243907778,0.5492617553825625,-0.5194891578766343,-2.7938222553780068,-1.0863982497099949,0.6712042531503207,7.677022930029468,2.6616998171642785,0.3191179278280752,0.8017995488058915
61,0.014783297793359962,1.338905743050172,-1.3392303179771545,1.6515851561836499,24.83651230543369,0.24291143391766756,0.6156872442781105,-3.2705430159588174,0.9028385609752738,-1.6223440859771556,-1.0686456082420657,-2.471360919049096,0.5725717423880542,5.084445077035506,13.383419761334036,0.3503802124943655,0.5763513950477642
62,0.022894897652196138,0.39000750110485366,-1.3937550375474637,1.6145673642887155,14.781022197316172,0.19454679620714577,0.5837811008216723,-0.3798879929790573,1.1000924904858576,-1.9244607198198107,-0.9222958326783299,-1.2801782432088156,0.716642811638101,4.4430576273899485,10.199382699926916,0.42443558253575064,0.19024144896789089
63,0.022512954707157175,0.34344970407438286,-2.0340748641914574,2.1279628323730786,17.695123919165887,0.43713894197462255,0.5624453050322276,-2.164478765708898,1.4031592824445016,-0.8985723051419561,-0.9927478015144247,-2.78922940984845,0.5829307287337206,7.132517917048963,12.245527167813558,1.0201163026898126,0.8189294024816866
64,0.008897193064954829,0.6627970139929311,-1.8003499361326578,0.6318811740406739,16.942089442061913,0.2805679758395865,0.6334060681974838,-2.73735979429709,0.37194371524594716,-1.0688081523710018,-1.8740200387456787,-1.5382882815099261,0.5926671798764901,3.7636607776684574,3.458040053815945,0.04228326566248199,0.6040837096355612
65,0.009446213391159534,0.40248815322615744,-1.9865653622492014,0.49002948827963433,26.901230870806053,0.2712536002617403,0.670074066255322,-1.7790553794972652,1.4868987827410467,-1.2651626694390998,-0.9666603467032209,-1.6073269576246974,0.8403405055790276,6.000434206580779,11.34089546216992,0.8485773177544109,0.32044274075133455
66,0.02681701919032809,0.3028107877745957,-1.7580651757676025,1.2887267850749244,16.31234043748727,0.44332663821837615,0.5349890632917574,-0.4805032617328533,0.3399720856092886,-0.5910267505550852,-0.8039745738046862,-2.2656380355193297,0.5933477288778515,3.95403458974515,4.241261356883385,0.10541172556072556,0.19737747270749598
67,0.01089758255023961,0.9038717553528905,-2.1992086547673395,0.28203876021513224,25.14763224496553,0.16609536453718415,0.8762079981293209,-3.361161648017989,1.0830881170483173,-0.7677681826706166,-1.9947132346246859,-3.661424526199729,0.8269861967501244,2.8005433647849305,6.407115784278056,0.8378975990799011,0.24051830245512723
68,0.023895453157101277,0.330987536589422,-2.266049215358292,1.8731370303766715,19.47589883570909,0.4796193192317323,0.8603115299996591,-3.77694774287342,1.1520932222717764,-2.174716310079574,-2.5595365012595273,-1.6478763208796594,0.7734735892279816,2.647420090848554,5.672140445349803,0.7553901839457013,0.6109898672068055
69,0.015719613679948202,1.1469446217436583,-1.803359907500769,1.0494511561804145,22.93084255798979,0.22849259065324576,0.9316372301194474,-0.20645343498156477,0.31452382263197537,-1.4908640978059622,-2.290644695830051,-3.332438131753899,0.7260883057860545,2.8649195408614068,2.7325217091885876,0.4341103173868308,0.7873840859695749
70,0.021697701141772607,0.3978010248056703,-1.6341717719052022,1.1368662899985984,29.319128975391543,0.21250047671653172,0.8380490085791448,-2.314561246898565,0.6054627011407169,-2.1268231627573813,-1.7364623979162637,-3.8974142400862255,0.77860311591536,4.7007092472410195,4.936768284954601,0.749051871593854,0.3738014469111083
71,0.019674263158450674,0.7547484654666505,-1.1393571661981234,2.197520616815834,14.431982338608941,0.4351847028911444,0.7950117151516057,-2.210089059743001,1.071257214843417,-0.8539590618443755,-1.236771413147735,-1.0126405173987143,0.5795463656717595,5.083536468474165,14.667332828208389,0.600453262631812,0.700474863598638
72,0.02645844783159986,0.5422021736454761,-1.3029074601869288,1.4257671630017072,28.39235901315323,0.24545024229893386,0.6125832225785487,-2.3693035586160223,0.7448083607520048,-2.2959602441336124,-2.2934335041220892,-1.866509664447749,0.7910714329398386,6.146484864769542,8.858805403569246,0.742416115962865,0.8674766275884337
73,0.007650440377991534,1.2001689421954986,-1.5018334199670194,0.9866506752987375,19.639626420933617,0.30308057323921084,0.737482614776174,-0.18450737521570693,0.8984436210247173,-0.7188120520930861,-2.9892128429851006,-0.8913957057960098,0.6601152002391768,6.835536874262063,6.688497371565289,0.858811270405818,0.1112416695491231
74,0.029877080432437343,0.69902318737108,-1.6091214131107585,0.2708839017933053,15.189826857300298,0.2063129421957154,0.6988823567737258,-0.1311987988291916,1.3399226017156731,-1.2395073346442047,-1.7014939869908126,-2.99063886426483,0.6462876036888608,2.0197976023780995,4.100619572860008,0.45662287742346097,0.8033837589668229
75,0.028747628297481266,0.6594197116274727,-2.081520852803384,0.3166601667207888,16.759352980053862,0.5831440047748047,0.914813976971694,-0.8601105443218717,1.3233462566795653,-2.206541596888186,-2.44628524909467,-2.8074265446677744,0.7867694309790534,4.426618435614512,7.556882985656867,0.09650820128191614,0.23846504085150783
76,0.01248899365609597,0.8006661361461307,-1.7862687000606816,1.0987060358586507,17.2216901922486,0.29914135352124926,0.7837333306956817,-3.518705609153621,0.71134188040756,-2.0492621075800743,-1.0743262409754375,-1.785571833785141,0.667391405535702,2.5973154044335303,10.1548651397652,0.6247985403821037,0.2755054205907469
77,0.020255502814134674,1.047043610123741,-2.2122747828445437,0.8891459088521642,29.254870212303842,0.5178687833872391,0.7755886549684603,-2.1688442862405966,0.35894665368304096,-0.950378721705925,-2.521551917792589,-0.8416958362290456,0.8207836627312073,3.126989064184607,5.986856719237603,0.7069434942255711,0.6598309618674146
78,0.02117176265331297,0.8927429764096386,-2.243952108943028,0.09020806286377564,29.32758888162763,0.12399743094357839,0.5630124541472273,-3.8074662648233444,0.737953717579966,-1.790601448469495,-1.5272947166423363,-1.2671713624587402,0.859649981122216,3.684687331667829,10.299478262179287,0.2493854120122228,0.15821433602095059
79,0.005564022423125392,1.401735651948171,-1.8498673778419876,1.9039747837105583,10.975790774746597,0.5431148430722845,0.8998462582219237,-3.6189502969435807,1.0247999510137198,-0.6835865299377071,-1.8541338594771195,-3.3176292809809347,0.5757455216334084,6.884795175861275,7.085419309144855,0.7218393046166042,0.8667086519499602
80,0.028148769632274206,0.6739734626236293,-1.4388466786144014,0.5968347452288407,11.215297261027079,0.5252057849833344,0.8019966835443014,-3.6391682227202535,1.4145689157689623,-1.103993615545929,-2.945257749454998,-3.731015939972056,0.6130824449644036,6.677195502285887,8.760646896403745,1.0106969982903193,0.6945875994021918
81,0.009310719578777488,1.3235377946785802,-2.170166261855199,1.2544688524675018,20.63850667623539,0.2698354365282314,0.715470005382852,-0.6862871003896038,0.9319783955692289,-0.663220771475683,-0.9149201355930101,-2.703718825595215,0.6249009186356019,7.783344883604624,11.291725531456072,0.4108651182365908,0.3491667870919804
82,0.008334581549479175,1.0918020194450286,-2.0661938627416543,1.129965670125736,11.806061986800824,0.52727548545338,0.7296451524776617,-2.5774619179777805,0.9575160808157597,-1.4332789199264055,-2.668920677126265,-0.8626686307604197,0.8440939018122109,4.513557616184765,4.880973701188809,0.6986763734655229,0.675477548826044
83,0.02706070011966496,0.37004107421501997,-1.5731934661892946,1.302084209653487,18.776560981871228,0.21626829005188564,0.5356396599640745,-1.4531190659446733,1.0332390510118536,-1.1645142033573477,-2.4919196164631328,-2.743222527014016,0.8382237475686412,6.182180149689711,11.768337353147848,0.4644318031782963,0.8988357271962475
84,0.013576773544768838,1.2166171695523371,-1.964636827011664,0.26448959527110383,27.688377124424246,0.11835179555924383,0.6044981501647301,-0.5764464270324874,0.592222547929403,-1.1248832544654894,-0.8669978877316682,-1.624032524592431,0.6257279642925552,3.9951705897048417,12.342746543898103,1.0140339830813838,0.13430029892813333
85,0.014525349306224681,0.6833236116180387,-1.0900670222713131,0.5836067840208244,18.284822648760123,0.5458997000584465,0.6715625118816889,-0.6950371508374609,0.9764114854891581,-0.8459485412917194,-2.248273837454186,-3.7176306545435343,0.5677979090902755,6.1567185708289855,5.507913372674182,0.165312157992215,0.6899756962331065
86,0.025445749943478427,0.34770089759408146,-1.9888020009737084,0.44185444357241865,24.963192488858507,0.507316073467299,0.8917269715973855,-0.794794366349171,0.6536869762135156,-1.8063404115627038,-2.076226759443681,-2.0659998195491758,0.70841001286408,4.4134133504131325,4.298594595437651,0.9683237115409578,0.05620592048293133
87,0.008988651899962608,1.3562025709825092,-1.321540582076966,1.9513953794920527,11.727285888528554,0.15539532547721643,0.7882120546685927,-0.24054002789632412,1.1051352768208398,-1.1191826676639762,-2.655659187421672,-2.1044702895336043,0.6568776615696238,7.8849500282650755,3.499285089898369,0.795387157235513,0.13158003612160737
88,0.014189847938286392,1.1603957003190812,-1.107598116649196,1.6932815295060677,17.517618823976413,0.11238857204688765,0.9075638716694251,-1.3370394615817687,0.5526360078304846,-2.2198049003233593,-2.4239576664864524,-1.2940098081900415,0.8317716025044978,7.085657430338749,9.465193381661006,0.9873350214888174,0.13331399495541688
89,0.023964769087052636,0.7295061280778785,-2.091266749309124,0.34035551295487654,24.086380016668496,0.23151347931226615,0.7862988372976267,-2.8249073070164137,0.40536277911036384,-2.0806532173736243,-1.9968512766253916,-2.3911473289637537,0.8985457683775318,6.747531461596322,5.082808016027249,0.4516970365366851,0.6830266377454801
90,0.015986712496582373,1.024310101260136,-1.9006998758562956,0.18663040324601898,16.881762296348704,0.5698696212391013,0.7549958941295649,-2.3319115833335906,0.6104820514324606,-1.323842041926896,-2.0610526969310725,-3.8455263140494025,0.8790893585425452,2.61131308552189,6.0619655743219285,0.07601112544807061,0.08843938282797197
91,0.0075350198375955125,0.9441533782336822,-1.3126237397831315,2.034276602031487,21.52306259600878,0.26572855231294984,0.5418751730516518,-1.7949375178540574,0.6418076565632802,-1.5922431437088234,-1.299185550169464,-0.961109681256644,0.5604872869397737,3.723798873839139,12.99833242645378,0.40385225426866694,0.8622634334977334
92,0.014742447624586708,0.6775564564054685,-1.251573717396469,1.9122970283530534,27.639929682680112,0.3332767166591557,0.5975438220921437,-0.32577931656900905,0.8194020938756674,-2.1984667726868894,-2.1265313725596395,-3.267532819312874,0.7931140118539598,6.269972657435543,4.691731548448996,0.7076502802580535,0.14075184823855355
93,0.011484735496388917,0.5082745529089151,-1.7178211023506824,2.0528954011641862,12.461375391443505,0.36187636159344017,0.6860959172491409,-0.7013814043567845,1.0211092424225152,-1.6817399351913926,-2.4423190127850116,-1.5761285278134562,0.8910055406410774,6.728548706669384,11.806028665153974,0.17861257148668033,0.5181930342025769
94,0.02720552742678719,0.563777561849345,-2.054691917714845,1.1827214998826976,25.594529683378216,0.15338612040179045,0.6327370855862522,-2.77732116843902,0.5675302038592428,-1.5696202576859504,-1.7850906827627324,-2.1524390463979657,0.8642377232132668,3.769866017809159,5.764495508117463,0.8929323222331671,0.09320830691943009
95,0.024057773223723464,0.8230349424042622,-1.8334221270746256,1.2912453738366698,13.564216174118261,0.4984290744081694,0.605590891636714,-2.2324700149154584,0.7308121399375477,-2.2552820997571614,-1.778626831872938,-3.5827856075879203,0.8908693349272195,5.676511638318729,3.057405982045192,0.15029807474143828,0.8854683084572184
96,0.005642736429193818,0.4179952878291404,-1.4894920072665625,1.3515299274268557,21.805171688337136,0.431803616283997,0.8810956100429371,-0.45825544396397255,0.35354648722581283,-1.7510936774064603,-1.492072109876082,-2.9664631764178777,0.6151995645007041,2.0986216515671554,13.591952635232259,0.6504416792199808,0.1234138185765803
97,0.02638522721628345,0.5159574331718897,-1.209770729039944,2.285434923845047,24.280486258644487,0.10126330712884167,0.7530468930955996,-3.2164100020975135,1.0916015190893062,-0.8808849013957172,-0.6967591240388811,-0.8150971814021837,0.6738913922867197,4.875115802492262,5.9223934285307065,0.24407594122363374,0.08416625087498647
98,0.02844536173191508,1.4491400233433676,-1.870048560755678,1.0908775476320092,28.473765185631112,0.45188776041670087,0.7348729493240013,-0.6255178313554559,1.35628970435806,-1.8614968368059066,-1.8989787889828353,-2.8578669893637603,0.5904431871046087,7.013040663070978,9.215278748536644,0.2992046892763807,0.4809829312639881
99,0.016148978647989008,0.796888481751886,-1.3851653473160748,0.7711853724900976,22.179701547130577,0.1615199592969081,0.5130314002202433,-3.105733928088929,1.2424108780898673,-1.5970784336384167,-1.8793294174728452,-3.7358973284558217,0.5813827136416649,3.418625253927003,10.547216526796081,0.20279971425976379,0.5141018792611582
100,0.016597926210540105,0.843574842473636,-2.168419016383545,1.019572093158969,27.986060971395744,0.10221256145527166,0.9405301157566923,-2.7918657012965937,0.48456857721148777,-1.1909845577572205,-1.6236972293147187,-3.1795639528456783,0.7213765016960455,5.525471819146905,6.819160489152708,0.060269064618119324,0.8964121902021095
101,0.02351851031539549,1.1800256901358863,-2.296271208691814,0.07313257844226308,29.759243209508508,0.20374622851889762,0.7612117259504827,-0.06257534917297125,0.4743644916109474,-0.5839210023765506,-2.297875366371126,-1.514420143604314,0.6310144236512284,5.387879950180653,3.319460909860866,0.95119801197131,0.6202210362627019
102,0.006939713413405714,0.8763324288761585,-1.0948657826972257,0.6889733685291186,22.11010089033782,0.37657627533566773,0.6968597595237652,-0.7238756408436662,0.8317405444945682,-0.7238624548120933,-1.2478379581748742,-3.7018854732608966,0.7655664918006629,5.222898387177507,14.482445590707652,0.2659455226061674,0.8327594139189826
103,0.021017780583492653,1.4200735925041612,-1.1266930318704411,1.0792671158062233,20.927008626667984,0.13648897277010166,0.9496692747758567,-2.81440942983109,1.406507556180441,-0.9672807058257629,-0.833062254722797,-1.9314309677719634,0.8587128737795989,5.722695771861602,13.63637016269916,0.5089670784554617,0.3448792727389179
104,0.009375766404709576,0.6658571648853657,-1.156446310965997,1.6898382195989765,25.207556611894546,0.2703531863444957,0.5825206187238451,-2.0812323522183815,1.1166888840266482,-1.4200019681684712,-2.0605324502422886,-2.617217208391403,0.8151443514935284,6.0429539703121415,11.936274320646467,0.8794051079045986,0.7359358069353193
105,0.010159521108234534,0.5450758462943165,-1.2037078549001177,0.5753513300447499,17.77291594236783,0.24473330754237266,0.6794537231244411,-0.2809454099817543,1.087140205225305,-0.516341108764454,-2.7557585210928277,-1.9494202789776396,0.8500756945954087,3.074472394586047,11.074468316640337,1.0495567999730877,0.3170238349780945
106,0.006151600197751735,0.5906157810570299,-1.2227695959009555,1.8533915681477389,23.54162833549464,0.4173585380994336,0.7566908349659982,-1.5514132083416436,0.5262926132583567,-0.9427196497106687,-2.8513765080515676,-0.6945204910606702,0.6582764169347878,7.055481922899754,9.368792959864546,0.07722537199109943,0.4781762124100458
107,0.020766388003775265,0.6851284840981877,-2.2497586589903342,1.7613040067154793,28.758646683527886,0.1912596138360224,0.5867225584438134,-1.6400074680740433,1.4649081671262631,-0.9527299428463931,-1.306527757713262,-0.5960633577378491,0.6548960808389072,5.462846870777419,6.916861632073367,1.0055066105156323,0.6193448220647586
108,0.007268455540217709,0.7529505783069936,-1.650812192310907,0.7593320522634126,14.332503765779148,0.14287057814323023,0.6897126312187698,-3.6704668855042675,0.4941463145289484,-2.1810437447063533,-1.3866335682805064,-2.211649041897604,0.6694646081088481,6.722324896441524,11.05154131611377,0.09020867821261065,0.718613898565394
109,0.02558939120885294,0.9359865633986864,-1.5305860422390296,1.3381738808258543,18.040162637442762,0.2608417544036974,0.6040110164110628,-0.9822043401814886,1.3620915182649045,-2.099304227732596,-0.9001147556425844,-0.6088912487361906,0.8126771721410828,3.827165120639993,12.458770497776566,0.5251742571396697,0.8887800392243707
110,0.02234640159690143,0.5826977020664517,-2.0112499989589248,2.008103983712792,24.142475867657076,0.2789756797761408,0.5776022724649308,-1.0562819362757327,1.3810806206170023,-0.8124926460865152,-2.1716411094734775,-3.546799464903882,0.7541406082336214,6.057763110237998,7.732570178684417,0.8404440224535196,0.36269283138919606
111,0.01874687278186223,0.4756054879198349,-1.7947248592308123,2.2965857033150083,12.628272937447974,0.5923386095225344,0.7055483767052615,-1.9064567725310453,1.102897445847691,-1.5886598523631656,-2.8209556918437313,-0.5479683230176131,0.603233079658574,3.435765679150458,13.946630516894508,0.845333569977487,0.22355345597936427
112,0.013316930452248864,0.6811769566040939,-1.51179689275012,1.2647838146861945,28.222655346457838,0.12418144988903972,0.5494870624132467,-0.11837378498063345,1.1287127130926766,-0.962533694253783,-1.4246435195651996,-0.7432929260789076,0.8162250478623998,7.261283157560085,8.424985061589858,0.7668271334620281,0.002275434183707616
113,0.011294944519256285,0.5669544537280728,-1.8287512700584103,1.0551176510521638,21.994334225948982,0.377379908721145,0.7134469731696953,-0.14666966489852884,0.7081699247895965,-1.9180190158526083,-1.4132793459724033,-1.8105851772778774,0.6793823291010548,3.362203833732008,2.1372534316008047,0.40803248002685744,0.6848231996480326
114,0.0103943773392105,1.4608434957003722,-2.0730700964574624,0.6023902151945885,15.72944740321623,0.5023783179042549,0.5892316824564214,-2.6221219989998397,0.9394402283243268,-1.1057780457914947,-2.4875038525093505,-2.799258117690197,0.6940116371026892,7.930138934547324,10.830945194961586,0.4859219361635514,0.6163312806054437
115,0.021134389484289834,1.388803151915751,-2.2004579439977126,0.38453034895184696,24.220730760541105,0.21578007962654472,0.6101575772636659,-1.3033614925003127,0.6592736366320716,-1.8536834506234565,-1.957675140418785,-1.892627939452117,0.7193551189326941,5.373034879514626,5.402507679582497,0.4448196346052441,0.8086645989662397
116,0.02208274271941149,0.3081612998784488,-1.5520538297051734,1.7806584840041424,20.72649665738951,0.53083146982123,0.6907316860435969,-3.214882111514903,1.0873295213998087,-1.4670267489691038,-2.663472431239464,-3.5940390815886123,0.8722546923588663,4.087060053846104,10.737494806875405,0.37094722868275143,0.17569602455130173
117,0.01839233206534504,0.6900687677484187,-1.533073303018011,0.8166258155073418,11.629238760549764,0.3077703548922324,0.8615931385091287,-0.3876381433344309,0.43768396711682833,-0.7045994509762021,-2.044089262586027,-2.4577423204362043,0.6119237520691125,3.1067988247027074,13.536468801653262,0.7154155899591081,0.6581971672253251
118,0.02275595794212453,1.2983896151949759,-1.4160191672974596,0.2570002047443124,18.506692179951223,0.44977117227120966,0.6998455554835568,-2.9984681813752254,0.7605977281580201,-1.9200262846440048,-2.229479668929014,-2.030518536572668,0.8809660460454055,6.2809026196435385,8.60229002786339,0.5703159940762502,0.8403624805613195
119,0.007243045789883269,1.2583653031308413,-1.4871105067603985,0.37549750775547586,15.507903026985902,0.5935620717947908,0.9272752942493498,-2.8044651120310364,0.686297836423094,-0.7262436368888994,-1.8664219136638476,-0.5763655434964576,0.7238341911744527,5.493099969617795,9.491116149001623,0.8532983587283405,0.8583749377114526
120,0.021863823125409385,0.42364254839055365,-1.7818241949669926,1.8672246710457623,15.241225527848066,0.25681084913365515,0.77793790108873,-1.918710957033718,0.33709054915346615,-0.770561110454056,-1.1458610151873418,-2.0763295486583377,0.7123489703043053,3.0295956831041106,14.135782940223192,0.13596132357793453,0.4430050587462635
121,0.026605170942158755,0.8136779082785919,-1.4918601076170812,0.4726333359295755,11.439331086363568,0.3321009537542593,0.8976221913863528,-1.153080358844123,0.5949145079674907,-1.2731753007931321,-2.088702938182796,-3.817087353969068,0.8702066922523022,3.981247756401886,14.004892556781165,0.6547011776093079,0.8066172398708846
122,0.01641195058763853,1.430843964599734,-1.6002934989351205,0.7683774162451635,17.013230300875037,0.3316481588413576,0.7797591463322653,-2.013912749353575,0.5901910603991457,-1.2693559115763995,-0.9468932584953444,-2.38633748705194,0.887558776918233,5.888624985943374,11.594949817415939,0.4062542492679369,0.3100319070736754
123,0.009520891192907334,1.3712851157713977,-1.4261424867346428,1.8232759732000474,20.330555055230768,0.171895348037593,0.6248584181414855,-3.697761358099263,0.5454398204281664,-1.9969496799364537,-2.8667923024047957,-2.883463567103827,0.6071412504593192,3.307393852631783,7.165142384571446,0.5292783590773839,0.0004677257843980452
124,0.00855652833807673,1.0984385953681899,-1.17396506801586,1.0094413888089844,17.44915886819928,0.441840746298932,0.7212833106178894,-2.637560482894325,1.177242437221288,-1.0283645745010654,-2.6683391552584874,-1.026028157737998,0.8450321796115116,7.8987645959893165,2.167565050029367,1.0981224460555,0.3693538203097017
125,0.007910390479856151,0.9728412514428237,-1.7465381644415627,1.6216420128373579,29.987499891439672,0.1065966626102589,0.7986239846707025,-0.199603793224286,0.5390915004328309,-2.2787801186803085,-2.192506362692152,-3.209796412159366,0.7811199752431844,2.6315439780625747,5.958082336789683,0.15317998022102888,0.7250791936544085
126,0.028198911836904136,0.6123372737147832,-1.7231889641884783,1.9873032534769806,19.964102759340435,0.3475951100937723,0.6211296327117043,-1.0406099485093656,0.5662532191207255,-2.1082967011478284,-1.6054203387527972,-3.8768186805179976,0.7378484178858742,4.9157227926865215,6.743851047881023,0.7788088602892665,0.7640557237891432
127,0.005703446728892312,0.34949015927506616,-1.6469826673042527,1.5708741839086882,26.314152238052195,0.5546256515280797,0.7218930969556269,-2.0016060210347035,0.9687304571190156,-2.1889295847291246,-2.718136254630786,-3.4527310433322134,0.5951230645933044,2.2176519384888804,2.9512441659281032,0.02022857403915839,0.17168703649006323
128,0.007055112138636718,0.8717274818885341,-1.220362928288592,1.23847399685326,21.220024828862194,0.40956532852507177,0.7995160174606187,-3.6894677954079325,1.2560785449973548,-1.0238535237890702,-2.5141287807173858,-3.8049986098823125,0.8830681544508285,7.2738130512893,4.556929806071933,0.20697231347819348,0.2923668021986291
129,0.007469690251732235,0.70816149232428,-1.8645316333593531,0.9529518451193795,15.156855307906355,0.5964331253450345,0.7517316645667889,-1.4660462878813356,1.4637261768974867,-0.6507029385860197,-2.3229658113172196,-2.200212609751574,0.7385617945525569,3.746209218691555,3.516892064128645,0.17234676062221413,0.6509389228461785
130,0.007336031412864525,1.1655600309090655,-2.025829233791971,1.3925408068091072,18.52325542042876,0.25363993579433575,0.6932008685277519,-1.8768301891982224,1.4008697559112302,-1.297047797179999,-2.9677408907328173,-1.8829997540351529,0.746467471157527,5.797290515248575,8.489981765175996,0.6388185254699348,0.08616037211340585
131,0.018285440289923134,1.0013863444942979,-1.9977720146409446,1.7211948478535377,29.58133130566774,0.2515480313100915,0.7274149814232012,-1.8633837581304133,1.303402393412419,-0.5705998398358412,-2.2775657652140375,-2.583142006269302,0.895753370178694,3.0168156710280316,3.8718743031510727,0.0025150115120715897,0.04943546847146029
132,0.025127562444050865,1.3537625342667372,-1.1521038236600614,0.06131879288810468,28.983427829842924,0.12893643086579476,0.5590171489339542,-3.812490622278812,0.361846093371319,-1.199111984793599,-0.8149633553973521,-3.08140168733058,0.7634763037729939,7.742915830270112,3.455152537671688,0.8512306371421919,0.829313004665709
133,0.024402572324240132,0.3774635831690107,-1.342093258693156,0.2517130563477719,25.715774372804606,0.3292468118553767,0.9474643394753313,-0.6054113725288928,0.5562503399459018,-1.0046681800429662,-1.23412553457026,-3.0937601046922945,0.6854344337538635,3.3869247444134785,2.1217936068391197,0.10701918593463473,0.012178231002664769
134,0.022184913310433256,0.9411112405365349,-1.4938368657379653,0.47916011380348694,23.621117399435136,0.4157031249768306,0.6888322723390441,-2.61517714538424,1.4284100351076865,-0.6001613590512935,-1.9117412104451919,-1.8479564262296981,0.8797351347223551,4.746166846541154,13.671214804481632,0.7115215007229793,0.7828895473337409
135,0.02752048727925025,0.6920569845396877,-1.1881586899368248,0.8719819062418194,19.339214791076618,0.22043611385459394,0.8367904944618575,-0.6625646420934603,1.2367110913685506,-0.6296024495546617,-1.1696723362575523,-3.37149237159111,0.6317589688144164,4.587689372009487,13.566555900241076,0.08001696394987023,0.7621874277215533
136,0.01998711751901469,1.0619544255107214,-1.7395643439180808,0.23154571505165758,22.48248837841639,0.5555482730430319,0.8639764400940773,-0.9078274146722078,0.3915466625093713,-2.0005067556938756,-1.0057209389713986,-1.7763194750684015,0.570627983279289,4.769380766892406,5.29622777343973,0.41184764388011236,0.6797737424614707
137,0.018549947146132863,0.9912123201554592,-1.4991267099915375,2.063093823314231,16.016737833755716,0.2918830288264687,0.9115397494606936,-0.6505533463101028,0.6247845418934432,-1.5543461003689631,-1.2506007972997926,-2.8712512391863054,0.6246050963842935,6.373600221589655,5.824061991362799,0.9375967421587875,0.005322759020407503
138,0.009787934278133056,0.7218645613595787,-1.1946433307082869,2.124153057932968,14.637951855321106,0.539948571655699,0.552392402642579,-3.5548461676283916,0.6766014242209624,-0.5295005941224509,-0.9892669595246883,-1.0512322422755913,0.7453103466524322,5.863587550436755,12.446810560779559,1.0536425008397818,0.7559672255555488
139,0.025304630338634247,0.5881793936400492,-1.8721058570326234,0.5785389740523594,14.29635729787006,0.49948807632381487,0.638174196152131,-2.7281299855296086,0.40826709484386914,-0.648504973162316,-1.2697509632186745,-3.2290016968488398,0.6392264230980508,3.2748129325684614,6.0368146606383215,0.1190790124352254,0.28846519248169294
140,0.019885698972939733,0.8056325566522353,-1.9487558986159417,0.03437816410338921,14.805866024789703,0.3584736861482414,0.6916861389501803,-0.941581961153215,0.5237816003011228,-0.8485419772981286,-2.7352742009129054,-3.249517217475247,0.5542032169056473,2.243207143044285,4.7121194475734685,0.5492547932589341,0.414943483547392
141,0.007443054785168042,0.8017656905547865,-2.2533544046816094,1.0542380753712288,24.18220560489553,0.18127588356058855,0.570515595557216,-2.9546081649639344,1.16194225987831,-1.2267307568332342,-2.33183176747067,-1.2754407878187362,0.5656074036576532,7.59167178624411,11.991389516607843,0.3016860022694442,0.1616458487690171
142,0.008215665250934165,0.6296857308168902,-1.7646685482209532,0.27287346582932703,14.19376001466555,0.3135232990149849,0.5736961245926004,-0.582651219574664,0.42956452127730693,-1.6529321534336092,-2.188780576862568,-0.9582544389044547,0.8144437827271338,2.7788593042053193,9.984589181863704,0.2875362078964794,0.5073465148649787
143,0.02824582374649875,0.54749664972307,-1.2662716129456977,1.2049241200348073,21.39225511026057,0.5532983205681724,0.6305335726531619,-3.2949830992343148,0.5042530913535005,-0.686964693459488,-0.778347738642553,-1.040191384499562,0.8643964765675507,7.539914488672756,11.737207890880603,0.48083562180617767,0.828158144409433
144,0.024138094148597435,1.4213550434507989,-2.0717288605202113,0.7095473680774707,16.157784341472144,0.48412335097264514,0.5265055961068145,-3.7528736905151985,1.489467633342452,-1.074986979203814,-0.8854980765687852,-1.2079463155295338,0.83364819445438,5.146604720752192,13.885715383280655,0.20115689701417946,0.20945718441972938
145,0.005883243765317596,1.4171158107615571,-1.1149762933432144,1.5196185209494455,12.359710908398888,0.5167455543617232,0.7743321298814108,-1.5037760953417267,1.046819805797139,-1.4032338053180475,-2.750159134639684,-2.0220633892964397,0.8304671030406021,5.44601800130336,5.658260816099332,1.040762716581957,0.6714393207916766
146,0.023800092091711796,0.899302038743208,-1.621147953640795,0.8309723768355183,24.684910888747833,0.4337506419585362,0.7334830962150094,-2.4413912911070357,0.42443682013627565,-1.5446179562906825,-1.184244747020184,-1.5794884685615358,0.5711229772095064,2.073680990120681,11.515855875915769,0.08185704022501614,0.5910879646562972
147,0.027619707756479997,1.4383664946723056,-1.2747171325939315,2.2416284059976395,14.382493732775295,0.4858399138944648,0.885261321575265,-1.9806141264877966,1.4308938331786016,-1.1295173553911615,-0.9611820118628649,-1.655693855121593,0.653610005301921,6.809036249960004,4.74992289582646,1.0831234591224637,0.09501811837500981
148,0.012999989988965479,1.068901046472764,-2.086419276362478,1.8005977856314943,20.44173370992123,0.4651021149558422,0.5680569108227205,-3.10909887988901,1.0067496544761427,-1.1433984150774372,-2.7650547636340392,-1.502345453810872,0.7100642024444868,7.789436733453138,7.518817414010925,0.6328800833630172,0.2939805790805959
149,0.027295838883680333,0.395169502570131,-1.3581946350306935,1.6477655125154687,17.588862693840177,0.5951873076684726,0.7965296756092439,-2.8702232936360654,0.34685984564547284,-1.3872087048469004,-2.1076151377199865,-1.6621367904751496,0.6770379834766989,4.089328136114759,10.52243313605861,0.7683204248398352,0.29912212355957507
150,0.0059056924868594336,1.4050990862574624,-1.495941445208492,1.3907007396554403,18.382031652591706,0.33497995061437746,0.8663075280043966,-0.9265266395037743,0.9985340462001944,-1.8843516067623538,-1.4381458069626543,-3.6318168932176933,0.7726788748606196,7.122103344910966,14.907169424440923,0.3281528363408855,0.2864003799864328
151,0.025857440233353755,0.8935710641918879,-2.0051309904408745,1.1251830963989709,26.167273835121524,0.4572154903255945,0.6371947682676753,-2.925567251137508,0.5715675411145424,-1.8813624879960986,-2.1061693438373146,-1.387316404119578,0.8310242500681566,2.7006333637837288,13.826015020255584,0.2510770046662562,0.6569603234482146
152,0.017242922262640636,0.4406869549611959,-1.5348338839233944,1.404065553786179,23.01742222435546,0.2274013717717766,0.6728570824357396,-0.7172259046261842,0.44761815921351256,-0.587941721115993,-1.542986104420048,-2.562928918808675,0.6169437579257651,4.569554190862167,13.275666674966098,0.351732435759168,0.27096769788269387
153,0.02839456068817864,0.5287003889244403,-1.085244273067231,2.0305803672528167,20.53545525175558,0.25536696243541634,0.5322467325183486,-1.1078543250901864,1.2005992023001968,-1.1201928389002596,-2.930290691467354,-2.5970575044573745,0.6687090967159175,2.188074337639141,14.456471546463483,0.36302861146880816,0.8369449050409389
154,0.008164083216489915,0.9091582938103191,-1.779319747133194,1.1148018269335995,25.606064330096608,0.4738539978740831,0.5448541791963715,-0.5889658871951733,1.1346943224486907,-0.6021349025638667,-0.7913335535542285,-2.2885175743556787,0.7341813681331683,7.475850154247427,2.981927945661581,0.04455949684091796,0.3182948088455043
155,0.023784478579827902,0.7672728640466244,-1.2913195050386936,0.5272371565406473,18.128138221490975,0.23438440413425077,0.6852336188643955,-1.1422896106455207,0.6073581763710595,-1.151427039295172,-2.898072336796689,-2.2947584361266293,0.8221730927591843,3.0321652352766733,12.79383488646916,0.8468381008280358,0.9131729293756591
156,0.012505992813454854,0.9113176473885021,-1.752688100932052,1.5874556290869153,16.328761504114038,0.30972717624271184,0.5176500852664195,-0.7803697659718711,0.45636283756720286,-2.2670375415953523,-1.8903526760892178,-0.627852559451664,0.7176591406405616,4.184635439524486,14.762671149633178,0.8551626679277852,0.7744992548091453
157,0.007132618997174494,1.0307494829138084,-2.0214370634090453,0.028074799166892452,13.374942637220467,0.20929505499242573,0.9182096490401361,-1.5473765248466713,0.9622922510927319,-1.7186294590965419,-2.221917008065086,-1.481744957948412,0.5610288523852189,2.8081442273146724,14.828104388028478,1.029474625541702,0.7918583727655394
158,0.02212978888979984,1.0135750299841986,-1.576629200396161,0.8354467102532773,16.82982127922387,0.23570097397070086,0.9214920993282959,-0.4532926044051684,1.262550003658616,-1.0361022752069668,-2.401458943847258,-2.8117126230052625,0.8353722081107422,7.469226610627322,13.039232699697077,0.2398111169004905,0.7544176574536422
159,0.026409337119744813,0.388756810181091,-1.9703752972298365,0.1742047148707928,18.27022789319443,0.19752628054844074,0.5506765350569555,-0.8003029215157826,1.2944863715022954,-2.2473564048209855,-1.7919254136061935,-0.8290521816696415,0.8634036612549554,4.180428663994734,8.162374898685341,0.14059311903649066,0.1806134459330169
160,0.014072382885516745,0.45589681228991674,-1.575860645246697,2.068757339770288,21.958536949457105,0.15676696704150905,0.5458956961727304,-2.6337938530413743,0.38331503259236305,-1.8687510615888399,-2.9110553739908647,-3.544016865924641,0.8159433577011895,3.1849046733939326,4.530079747508511,0.5866995618745277,0.7474255478097827
161,0.021815524004063225,0.7442938201798086,-1.8970638576627978,1.6274062712971247,20.435683409066748,0.5412539044075373,0.5595029293404115,-0.5443821905231765,0.6657630452078287,-1.3049502529168353,-1.1868543054689726,-3.7442435238296388,0.5961852843144709,7.942845772395481,9.792129137960183,0.7910384835749,0.2816145427427831
162,0.028940913702709202,0.5584008503541907,-1.893739624771138,1.5124832945665532,28.02139238981219,0.19924396379308099,0.8935315555246675,-1.9521326240909986,1.2264955190386941,-0.8355699823296014,-1.2552485031142444,-1.7689404897587644,0.6827942825852574,6.330884736749978,10.577981369762972,0.3871504850141293,0.7844034602250731
163,0.020874914609416803,1.3468012916348318,-2.068052178094645,1.0432481935327114,23.50244439947218,0.45046331048392474,0.7435786249057823,-3.6125280493806353,1.0496290229717873,-1.647760390277511,-0.7306095619441915,-3.560625072059047,0.6557506032854353,2.452690449862828,6.107531234966787,0.16400379865588569,0.3130017204571778
164,0.021794196165683063,0.9812493905864221,-2.112885239973981,0.9542490291593,26.068926257411267,0.4680914337471179,0.5833385814750528,-0.41360083576039663,0.755164554345697,-1.616656114842839,-0.7596064835915084,-3.3249360515714166,0.5766440270052612,6.5001051770989084,5.803598455365778,0.42796306580388543,0.2971138302898947
165,0.018097997494707502,1.284565234358139,-1.5034374112453857,1.0860257050040327,26.211652611200414,0.23352178354837944,0.7934223284953696,-3.1944725421582083,1.1210219582192078,-2.00254960846426,-1.2929829388866443,-0.6561334302529414,0.8041014241798642,5.755464789109273,14.052058273659927,0.7869008071684183,0.33082048938686787
166,0.02494529197595223,0.6500800980477787,-2.176827916533412,0.775857306576235,29.5519888332788,0.24925191354485193,0.8035561849092046,-1.7680459334213827,0.9283192512630178,-2.150424007059465,-1.1793519447466192,-0.6823787680762448,0.652783540470423,7.832318151084827,14.876465351081496,0.16073850685700392,0.212358564239523
167,0.02718023399800027,0.6332522044595752,-1.0816856127594574,0.38953283892413915,15.607506740297612,0.2520626900428964,0.5195867666887032,-2.273268048183569,1.2032311781598244,-0.6711639829138834,-0.8889243533467437,-2.834571927959802,0.6081050895543151,3.8171358339788637,10.587759140351299,0.04157493376860374,0.8424265224141657
168,0.027356001496866435,0.9890715501509848,-2.159551665914165,0.7867069275771696,10.922647883721918,0.4020563328042117,0.7103529277504521,-3.5465981046115784,0.9340664750663212,-1.628056760325323,-1.6441782426904679,-1.2563105739928604,0.6010045455944119,4.929045788518843,12.722927365447141,0.3600061010067917,0.11340365461603762
169,0.017055975967215503,0.9955140282459929,-1.8519239249142603,2.177960150788582,15.904253693325874,0.5596858609644533,0.5374828901906311,-3.415219932592584,1.0627517018033479,-1.2351070218303897,-1.1576701933619964,-3.889599720514547,0.5743999833975534,4.91674702285916,2.467445067613703,0.417765983166945,0.5229887897060312
170,0.020173222701348484,1.0500867161633247,-1.854506495659669,0.9228569836342598,21.18358557669003,0.3401058894470609,0.7349048442380861,-3.161863605482612,1.2294671516195288,-2.3015842872659347,-1.4593440676880716,-1.224036240609668,0.8691480285769566,5.136675008729168,7.41926973599543,0.28071903263706277,0.20722080096431295
171,0.023460283564738234,0.6746604996121293,-1.2725409471467777,0.009425302116163953,13.686535383721479,0.17917911258851127,0.5807049958282148,-3.479965335205206,1.2118302224678228,-1.837849797179193,-2.12046804333641,-3.4924824763455344,0.7865484806413466,2.427600729212324,6.425436105522319,0.3959885357387638,0.0424012716787053
172,0.007555298805257322,0.553869448736697,-1.3327725296562396,0.9704437919448944,20.515851515506355,0.4273414005161724,0.7239507787567122,-3.8358076360415,1.3137450300305533,-0.9236259740675024,-2.6810112520187173,-0.5176163846701338,0.7645034031371245,5.564237097926224,10.029720623727071,0.33773813554494936,0.38303982601164915
173,0.028258602081644615,0.7788452879870372,-1.9938533525302007,0.7167443607430137,15.002960933379548,0.3361720154761871,0.9136269328198414,-2.2178074761121644,0.8134787939547243,-0.8586271020369194,-1.3552498426213648,-0.6148531089426275,0.6021452888588195,4.151975611797605,6.371409697015324,0.6472652464931724,0.26478347186980605
174,0.028684348993086146,1.3530404283955406,-1.8445306587726815,2.1328615168702774,29.904050314423415,0.1503992277921605,0.7380946137500516,-2.3266103388535537,0.7979508314526045,-1.1480942288283473,-2.809853699407836,-2.4177877202204003,0.8439440685056652,2.6150039938384895,11.635748524746607,0.7194643212737284,0.6232801473075689
175,0.012929099112438322,0.5222474321630604,-1.7673295778072378,0.2764816092658574,10.078848270558542,0.11501276036205847,0.7185892394221096,-2.651799872768408,1.2397990815516813,-0.7131807788937803,-2.4181357629178617,-3.3799428522747292,0.8512571752722292,5.037612802393696,3.1009962440215317,0.5690746515746571,0.6986940715672147
176,0.020582258437213615,1.0354107528031882,-1.6378844114023958,2.1025142766482348,10.10831755054528,0.3003057507413932,0.6708170094872947,-2.918237016849578,0.3243294015994066,-1.1848498814135673,-0.7511706877534827,-0.8717050832406938,0.6379697717889088,7.851249205551396,10.07487837727902,1.0695678331826297,0.13654805724294192
177,0.00512096666451212,0.5024436314524785,-2.2927441430323223,1.7263189399452303,27.943709617310613,0.35626370130086216,0.9294950372515018,-0.8836431644365259,1.3887385768518077,-0.5735355414416838,-1.9011074409690782,-1.094733990245167,0.59163826553173,4.219700523781831,6.213426095983919,1.0187122257669214,0.4941891379255464
178,0.01693806017785166,0.8317578627297484,-1.0823960060432032,0.1211306541189038,14.122551222323365,0.5210722245386757,0.8413533154897036,-2.2060173598032593,1.409164599614983,-1.9047288287915904,-1.9823805855333476,-1.3537299957727402,0.6304702894008386,6.791965451338177,8.657857094277386,0.1837797885151482,0.45188267747319066
179,0.022579335664960773,1.0381491275536667,-2.260632598719944,1.5930346952088275,21.75653721536229,0.5053903023488712,0.7444147318499118,-0.22061842989267255,1.4565607401348148,-0.8240363564043187,-2.5294772883948715,-2.9713056692933573,0.7794809304439447,4.698882022148347,14.945684615244206,0.961402480042627,0.24260802248024757
180,0.02972350008610929,1.4089862340592372,-2.2847393682253627,0.7314521409278234,13.11239447021837,0.38983718302912984,0.5428516594316377,-1.1875946171353031,0.6362163395991636,-1.6748495105607883,-2.646803581708376,-1.244508252610129,0.64782850807308,4.267591526431474,10.889529621786378,0.7856996408719186,0.5109469198749207
181,0.013835215727067376,0.735227836062258,-2.222862784136827,0.07954906299459487,20.02451398466558,0.20565371957946726,0.8469429185141846,-3.1799550854355183,0.7189992466740108,-1.8788864106666803,-1.9832195617789454,-3.0414586300385396,0.6430358614962643,7.9154784699898375,5.317337068467536,0.1305488135216715,0.08047450945176762
182,0.016628410293850385,1.1200365572297026,-1.592640136927956,0.47711278748153013,29.515816886556458,0.526285681069851,0.7873346920657813,-2.1896096733289188,0.8680770351443574,-1.8908147949006548,-1.7696252816928684,-1.3232433843726787,0.8864087788915741,6.051816794124514,12.948048435122256,0.5920527587557626,0.37614335854052683
183,0.0230055888387322,1.125897163154123,-1.4054731619467944,1.0371378263064306,19.276087880916037,0.15885508968083084,0.7165504274855642,-1.2947535139143374,0.5576117466519611,-0.5528814844558367,-0.969910720238695,-1.5247375233281675,0.5627511670693854,5.613069680792401,12.860414402354207,0.5131143183505832,0.2475737035763802
184,0.010627824201276326,0.40070539232988284,-1.5873773496765633,0.6038501908245503,26.5516567430229,0.1903362109347578,0.6783717274938104,-3.2820133086139256,0.6613390539250834,-1.765917381386742,-0.7969033363053968,-3.7681417090211626,0.7522747713627699,5.866997281812551,4.041323116493015,0.5049379517836855,0.14890025956162992
185,0.007035354422591223,0.9204927523086173,-2.0825482216390827,0.12968759072767466,20.655635292808803,0.11651980758104738,0.5605376668111709,-0.9491276666999915,0.3286456800407109,-1.5675613619356012,-2.7060050965602813,-2.250611903503969,0.7828502044142205,7.159335647872606,13.307689877161966,0.6577395344660307,0.49602312011249633
186,0.01228445850806782,1.262628752667375,-1.414673051937796,1.1458898048896369,23.70489187479476,0.5792349036697193,0.8288249112021819,-0.15948614854672316,1.251909516745547,-1.512230970395811,-1.5385520765924818,-2.2398757012012114,0.8454008259747263,2.3661190623083423,3.022944507052119,0.8625029020477213,0.18615368182980618
187,0.02149985086314356,0.5835031208475897,-2.196085586560752,1.241199365867911,12.802559218649302,0.5005457292337808,0.7911097308252828,-3.012360725329585,0.9590686460816091,-1.4145049823865337,-2.6177906972985316,-0.6918912462447051,0.694474396217279,4.726551619839002,9.281484052527109,0.7506589324463723,0.4876056930873024
188,0.010323765949145268,1.025530906755134,-1.46684064161462,1.0304328535881262,22.457094677310756,0.38139313248982387,0.8360931483485374,-2.1149082548598184,1.3121675882361488,-2.1402221035138607,-2.573868192292583,-2.674944422014604,0.7151049550345823,4.226898181875436,8.212014183840601,0.16792585495063841,0.23811608661457775
189,0.01780802827078409,1.2200541582085613,-1.8486386183657675,0.707350014117868,23.479388095582365,0.16289297095232458,0.791899184770365,-3.6778675712740516,1.1157385657567278,-0.890189159988336,-1.7534559804731868,-3.841547845462731,0.8812535321576298,2.115276984845373,11.661122528251076,0.46219358141497446,0.4308986979801281
190,0.022664049482368876,1.1629710547728542,-2.1325403670435823,0.8269135858606983,21.444450850300502,0.5143131688389133,0.7067862602623488,-2.2833317387023815,1.0632711735900964,-1.485368512787847,-1.5517475760849833,-1.6409648253653928,0.8119329317291324,4.982301060322715,2.5581196956344066,0.9301596309939207,0.05839835518682539
191,0.01561072918778706,1.1826859636868565,-1.1201571319960286,2.2769292251653432,12.225822755242968,0.4812459328389015,0.8595656666284119,-0.7335162648498748,0.43146683344320913,-1.7712375647723593,-2.893869330231619,-3.367374475554868,0.7307479864143857,5.625941241905122,3.610839935320816,0.801391816359061,0.32846332482446894
192,0.027410445047106175,0.8348286948298715,-2.180503742810617,0.9607922181603603,10.56580059200385,0.4294396828587158,0.7174721230161829,-1.0189182755408677,0.8826112383076132,-1.6843002836573628,-2.4345614435379668,-2.7375920248985257,0.72329365700447,6.554224601777822,4.505772398455537,0.2648466665214421,0.4651904873297246
193,0.008367780944100456,0.9000900749855794,-2.1407555064142367,0.45380526914930475,25.780972025459466,0.28627578687850147,0.7187887098088114,-1.1700611776621943,0.7715551395580126,-1.2828233804630989,-2.355255532467756,-1.7210234827872992,0.6707871578087721,3.9141220486664947,2.227366878696199,0.05617502582141161,0.44724004656571786
194,0.015386750513002544,0.604820087975388,-2.0352171410098427,1.1859506431781803,19.823692669438664,0.35931688629874003,0.844705899170437,-1.0086279190837586,0.34885622769580527,-2.1044667998359317,-2.1835204454929493,-0.7211908644123368,0.8059205342013431,3.6334152909549147,14.291331878936177,0.3983047193906782,0.5891002383399853
195,0.016872250269440402,1.175902358995983,-1.7738847258605075,2.076426770643883,21.566876269597458,0.4226203802316002,0.8133005317770368,-1.8395594373122486,1.2193641193506743,-0.8733127371484268,-2.433482962377534,-2.1098153647218245,0.8405526129392507,2.964564819973361,8.820887174512407,0.026065867166297992,0.3222521403627685
196,0.018103169626181952,0.366549663467,-1.382934359933571,0.09709394007016735,16.06022935214954,0.21886655207478173,0.6497323852245306,-0.40320116965874186,0.4107928500730851,-0.9580115273615957,-2.4532479321972387,-3.111836056416546,0.7527865798897089,7.3445386487544955,11.793345714843278,0.047624370721280354,0.7582293806619728
197,0.022647711234658384,1.4929830195275404,-1.1433736004660247,2.2927389014644057,27.181410789929437,0.12184696709850787,0.8257567922887921,-1.8920679795885573,1.4739659126557887,-0.9070661521769252,-1.6283903919030538,-2.233463322266142,0.8175581752845272,3.8931361320427786,3.778580393489569,0.26092548328440707,0.4721410542795186
198,0.018940802911307886,0.852110772170849,-1.691399101424167,1.5774948118418601,20.869519654385726,0.4610265490496799,0.7810438491639711,-2.4005763460452565,1.0987915520541254,-0.9182119802068192,-0.7105263199509979,-2.6395392520749894,0.5969267675512928,4.803373894125006,12.179519702725711,0.07051239615137657,0.6918181574019655
199,0.010997925509722955,1.2470005688287757,-1.1783902868253673,1.9955254974233556,13.41672086325296,0.20050814649720658,0.6669413158410477,-2.5432472301169016,1.0450751514458199,-1.8165302701478452,-2.7207304507220527,-2.4812099295379073,0.5522673195210335,7.439041862250192,6.483251870594313,0.7996023326570175,0.04708900057627039
200,0.010029169197615113,0.7912982218485454,-2.060842598852481,0.36237122970272145,27.158646224126265,0.18754849494482467,0.8510274529257085,-2.2975756629438715,0.9097547013396874,-2.1596483807594025,-1.58081143597718,-1.6994082662228593,0.6630655643767419,3.15335222686428,14.776979300586811,0.6688915482427696,0.7157947787362058
201,0.009038540189565472,0.5257009342893102,-1.4456359606712659,1.2482137726649292,16.67146393571493,0.5529075952652254,0.5673080919087472,-1.674647217721974,0.8640166179848845,-1.2803738540592728,-2.373945898275563,-0.9906689877545904,0.8987297308839861,7.003170537948467,10.67871560421844,1.0514220783996044,0.6331490991744361
202,0.009980159062310269,0.905113306547702,-1.2171749879889553,0.16844960061710046,26.49199898974579,0.31208734233535396,0.5698588111121256,-0.9351246183054371,1.3635011791263307,-0.8116325612102768,-1.6490459358572427,-3.2194427697689094,0.8773360620396311,5.561250583265849,12.351990968791663,0.8097526565840498,0.7954385060903022
203,0.01313335789426558,1.4812106534644345,-1.283138559409377,1.7350261244047755,15.973681544472882,0.3086397879178824,0.6779571227712721,-3.4418721087235262,0.5963709699659441,-2.087324440510191,-1.8486040216971187,-1.3562373568693062,0.6814855414304121,6.618000097072371,12.760107034527357,0.751856039195074,0.6264779807751236
204,0.020341849613192204,1.3303577989415578,-1.685408244648162,0.3049077588228711,20.56709207431247,0.4246159695986307,0.7021916850575156,-3.858301777261976,1.188539899404576,-2.289469205675304,-1.7590574767246239,-2.919115432217302,0.8036104725671593,5.230147367704251,14.602390336897159,0.11274145787143199,0.6736657698694696
205,0.02331775628378286,1.3056801541643372,-1.824638857568919,1.700079562874049,29.211336232068142,0.2740774618868024,0.7394286630424323,-3.471403416736737,0.6625809274776482,-1.0226330299284192,-2.483718813976571,-3.6992729693974726,0.642025893690651,5.940882570978954,3.0872175836878997,0.9222823872142965,0.2040347244482533
206,0.02517724300954174,0.40511018725989156,-1.1723494997168464,0.8952016090002046,10.035574282707472,0.5034747414389877,0.9100303127454055,-2.529131222673324,0.6784366238059887,-0.6811185835943061,-2.177349503509043,-3.4249698379460822,0.8103473061064242,4.617005425036515,2.7776764245899623,0.8182138960859092,0.8944226130016116
207,0.017511578863371673,0.458493255435546,-1.8149907873986033,0.3273841251708779,11.771031192482491,0.11912467537265452,0.8653123892987031,-1.52085991393658,0.31031616428369385,-2.265110513470532,-0.829459972801478,-3.8543633757865297,0.6146437045049652,6.219835506679901,8.80874008581055,0.09367910742302585,0.740085041364435
208,0.006117856685155368,1.032615697580324,-1.7025768248066395,0.2932265893546147,26.665123744460505,0.3680000870590999,0.6430843898478301,-2.266161444493763,0.45134670044343783,-1.6006248970526997,-2.8652338630405922,-0.8501273317214819,0.7093250787055985,6.982268259955188,8.72326678474634,0.05879302435207752,0.4657172523867684
209,0.018496950503432,1.0579583905449017,-1.1230831040733715,0.9848048537383217,13.353516190643736,0.5377452409196678,0.7750601188172954,-2.9698412818981805,1.2801750762957989,-1.6290174444734946,-0.8689313457470376,-2.518102179373767,0.7281043830179849,7.161275302487995,13.702754464692006,0.9033772671928577,0.409110893689647
210,0.02616752938157033,0.7857098916338576,-1.9402855899253773,2.1483133381865533,26.710137892758393,0.3230725429322968,0.8803167027499947,-3.0360800318166095,0.4982384577447471,-1.9006114773494411,-2.5830777876327673,-3.1706473023179442,0.8517446532014856,5.201283560879396,4.7904647704477,0.7246493337076888,0.36070412535809293
211,0.019495095280945222,1.0835264331390033,-1.540282611309479,0.02174757670607632,23.843505775056215,0.458267295060666,0.7656019979664216,-0.07394891422547722,0.807751827809285,-0.8192403591647024,-2.791083913922748,-1.1826623274409358,0.7060055583707038,4.8464892046008945,9.140208277560475,0.12912758307241567,0.6387653080348579
212,0.019173866844515462,0.7180415462537721,-1.3773994527686022,2.1567861767147667,13.180370454836162,0.48074738958198737,0.7604545206619109,-2.6905032830946323,0.7353981464236381,-1.350194805882506,-2.8476287818964914,-2.537501814397725,0.7427259927136443,2.1293065371311695,7.365885001771759,0.9180207615376058,0.6543582521880142
213,0.005046826642861128,1.154245384681583,-1.3800070795598862,2.139891636989554,21.682695679889893,0.13961239857910596,0.8061531307378405,-1.6885137748346795,1.3586495385258446,-0.6397293541764995,-0.8945895320944324,-3.9105920400662293,0.6443075550156016,2.9146887835654427,8.876042859584391,0.9568963033640111,0.1653531927182855
214,0.015096179269381473,1.1546120913059097,-1.3568181908913417,1.075167537251728,27.838055976265352,0.5878085698187784,0.694446093839351,-0.5506707713849992,1.2999363297948021,-1.014228781200012,-2.3500321148817163,-2.819893298039012,0.7316262086448488,5.9289379570153535,2.614087409911383,0.04891902569838768,0.2723971551620097
215,0.014133353801339232,1.2176640967812775,-1.3379508804344544,1.8925749712181696,23.337253589616452,0.35460569133820474,0.854135886034554,-2.669548352231648,0.5435088738761437,-1.757127577004315,-1.5976920045752248,-1.7426409454851508,0.7227584723834026,5.847814443382738,10.968563472495216,0.7640869401260365,0.3849642715988926
216,0.01059402835811257,1.495237002882152,-1.4414663819392932,0.30359668140578633,28.266008057775103,0.21972064624739218,0.6314995608521974,-2.1566678980410705,0.9546146430436975,-1.9572003761719934,-2.208077649586536,-1.617435511404302,0.7023134597764101,7.6333876835553305,6.773511194292856,1.0218802254634263,0.10048111797335958
217,0.017677291727874724,0.5757609216969959,-1.4804861482144247,0.1140471073769969,23.98473335562167,0.3571003621628741,0.5307606484079563,-1.9381759665310658,1.4342512738589688,-1.655312472526176,-1.4849523460888203,-2.4911457596562165,0.576117532931133,6.765728909582619,5.414341341807146,0.914113954016208,0.6288730300047304
218,0.01888940049417785,0.40662372130490443,-1.6990633549502383,0.9332316380815273,25.165609090245308,0.5816567148631283,0.8261175450417859,-2.759300841326595,0.7813908167046961,-2.184510893978509,-2.926345495605362,-1.8287575217765903,0.6240332227418709,6.638563974176833,5.711261827662664,0.9973645688756011,0.2597492033245928
219,0.024742074928766383,0.8413909261623633,-1.5235801156887177,2.013338245195028,19.847741780257792,0.28577413858716727,0.6561674422648581,-2.0077361371878233,1.3463465539976103,-2.01184346007362,-2.5034686633253473,-0.7074707080897866,0.842494024532742,2.5602117497708465,3.625592372512715,0.48147756438532985,0.7319031618794628
220,0.020082827586633684,1.3688630977939613,-1.5551122537086255,1.6565702324270608,12.986926680327018,0.4956204113625924,0.9280702946925576,-3.366561430277793,0.5329317226883645,-1.8949323041437418,-1.9511752828335442,-3.6905665468963065,0.6445859136791582,4.992108658734729,14.795772878431904,0.029410960750119654,0.04082771381348023
221,0.015126982396008692,0.730934613371728,-1.2582696543407217,0.7339890905492757,13.311784880555855,0.3926332298237054,0.888922833192499,-3.5935320407956226,0.8791197800269241,-1.907909703313992,-2.982752723322384,-2.340663056006292,0.7036095422446673,4.5370863276720055,7.6266234676747855,0.6284402185239941,0.4168277824085638
222,0.016786787736222074,1.2300767500247933,-2.239195887388759,2.0672327986536883,17.11275181903917,0.5196411830045817,0.9056149045488148,-2.0956713177473745,0.9712890678546502,-2.118951712619806,-1.7118052812491291,-1.1739348077296001,0.7062168283973969,5.028076121270071,10.361201350311575,0.59438535297438,0.4917914080737921
223,0.005352097321788548,0.8812027917563505,-2.2187780716233245,1.361074354986757,19.747001446201722,0.17235412121276272,0.5236602800126616,-3.9116761214857143,1.368235779938369,-1.1367965614054496,-2.0170647215810678,-3.8312835914117067,0.7636529018179706,2.9527317629187166,9.580272083690614,0.61123080851949,0.3278465893865873
224,0.017367295814364442,1.0124695002830024,-1.3871938499431293,0.5427727452900033,27.296078399205527,0.3756591605860381,0.9341541675004705,-2.4114561397205465,0.8555719550853846,-2.146185378836605,-2.2352442175576193,-1.1062353462615242,0.7695791530660927,2.1710872158549592,4.447490044052266,0.4689767012728514,0.5977128308000615
225,0.014321736325408702,1.4071719156836886,-2.18997872593006,0.5566877355290288,11.930520465171657,0.403906138988149,0.7977754965467915,-2.656587522503924,0.4419381860889979,-0.9135276715845992,-2.4478862931699705,-3.2343820625854685,0.6105322769230794,2.0388125728731095,14.302753006265867,0.5790058036242726,0.25188090862049345
226,0.02598165841454571,0.7013037925231502,-2.0296902341014404,1.563563453242589,19.073718848007005,0.2839024656080199,0.9392598978992217,-2.222288114897032,1.4680461711645374,-1.6703124176309314,-1.8045972563974404,-2.346714103925856,0.838441381446556,6.454533905054973,13.123506791106697,0.448491509479074,0.3590186700211238
227,0.006737109846360767,1.1035913091087008,-1.9720556536870477,1.1490106820497623,26.124716189192096,0.12617159752386567,0.5102883092777979,-0.11262611670216449,0.8043945344942245,-1.730333226512121,-1.8144170676041742,-1.1397220449816223,0.7991101024815188,4.129025781505427,12.975396946084736,0.9137193603358946,0.5609009447164608
228,0.009827685623599865,1.2682784152770934,-1.8174621786196565,1.5348187457025992,15.559879675628302,0.5980948953890444,0.6652493765692491,-1.0905522374621288,1.052465990829626,-0.9891602935681698,-2.697506730543877,-1.9919338388066608,0.5779163477124541,4.864995441467574,12.924516452560901,0.8873896521786879,0.8444461097357695
229,0.020534230580274992,0.4493563497559625,-1.1858217983503865,0.5087434153485688,16.99576305893109,0.5820905524515375,0.6442105592958244,-3.3239362202724467,1.2972528930104112,-0.7468301885321311,-0.7224756222424396,-1.8557384447407115,0.8329737229985452,6.651297783534878,7.450832387577036,0.5720466767639376,0.014030402862678738
230,0.026950387155491046,1.252598953316524,-2.300570882101592,0.947037168933881,21.670547099352476,0.44454746209077733,0.9127352140231562,-0.5037729609922263,0.32316599669309237,-1.2948227251087847,-1.5674215255927388,-3.6062555160316494,0.8136489639598405,4.118023401570795,6.876292062610458,0.6915456665752062,0.191674937194166
231,0.005489362778034797,1.21341352716684,-2.0437948165426363,0.6717400920906997,22.72130812664976,0.21028899436686013,0.5656499515705514,-1.818818808998707,1.4989586809051225,-0.58203075105051,-1.499382898270949,-3.4171270523738366,0.7110934861115932,2.8870228623791587,11.674754515100743,0.8240023165622168,0.8205998610828381
232,0.013161533418730529,0.4426587665329988,-1.40025512469151,1.5479005288280414,24.595542745289983,0.3260217717869769,0.7146898211872009,-2.596770621759208,0.4636604023392087,-2.005881199682908,-1.6343143598894097,-1.458923676251747,0.6728072447360561,2.763834243279314,3.967130660580258,0.702550232701602,0.3390335281305788
233,0.029563489093377127,0.3586607910045388,-1.6907619168776358,2.2542430245725416,10.900520319539707,0.31965101021580644,0.6624081542535677,-2.0297962063134762,0.9629640608442689,-1.423445273849787,-2.692784302986664,-3.863141524434457,0.7858994239431784,2.6763994836055343,7.676730103941843,0.9855663918248206,0.7521158573726787
234,0.02749128065485857,0.8575722032340634,-2.182883956112531,1.4686401340916384,19.03582958771992,0.5891988106907985,0.8435083516227769,-3.6556154705876005,1.038498877541484,-0.6068636237133751,-1.4279781416914963,-2.844363292388623,0.8274048376235369,6.930830983718504,8.96212052629614,0.2275949770387378,0.7179575510797158
235,0.028019247641825056,1.303010704943747,-1.2577554430229971,1.642482035698649,22.855295791166277,0.3984434270249533,0.5755531010494846,-3.51287230036806,1.2090705057908828,-1.8349432819384524,-1.2888223732858264,-0.7309380257377618,0.7514831158664765,7.452682637622736,3.393820251091608,0.2536460677324847,0.22034198173328054
236,0.017011967253575025,1.1007074691869276,-1.9901798872722472,0.04325838799082969,11.893195292238039,0.5701600314158767,0.6190566007132138,-2.1446577706934695,1.1260129507796672,-2.232998714863781,-1.3452688808255426,-2.324275775718087,0.7252523864540019,4.962112622839341,9.096361000275312,0.06330506514686768,0.28225994389815934
237,0.008258733598655772,1.3822881365386779,-1.460832491415632,0.3213867134419809,12.507840215289441,0.4460108525507783,0.8398424211010822,-2.582059879549833,0.470991833270779,-1.4249220702690888,-0.8376748451933236,-3.7940904766599,0.7681233482284139,5.816684235215464,4.107213889429223,0.8323262756424002,0.6317135817289535
238,0.02459548946721549,0.32014865206444715,-1.2416164702631916,1.7041869625299295,29.661863526900774,0.5497999489948393,0.6973807877628041,-1.884540852965901,1.1863348640628248,-0.8570220056477891,-2.0369331858555024,-2.9262253463646544,0.8020191134480852,5.770895192545412,3.5667024999769072,0.6141282401915371,0.6275300563393631
239,0.018404239898029924,1.3777562700446289,-1.7375620777478815,1.5459590308782463,26.0155134293569,0.30133550163512973,0.6466578924296815,-0.3925272574252512,1.2226362017764292,-1.077548866323961,-0.8101366580201756,-2.26765529241159,0.8062389553658409,4.296250739670228,9.39417946294613,0.10822288721110668,0.35514971507888365
240,0.018006015374550977,0.8626240423077767,-1.6726411420777751,0.3559935938181082,24.393066368319467,0.5900196853463202,0.8048759186410446,-1.011856268981671,1.365620828316749,-2.012604391124332,-0.7552151866016357,-1.5360013018141143,0.8082154783881457,3.8364242832693547,14.203210950503935,0.7456332683703348,0.7675030809661323
241,0.028750518573593842,0.7421678346530887,-1.48506438755077,0.5124409545435935,18.842936365477055,0.4123211495674216,0.8278897903847272,-3.7311262173069144,0.40267598697499496,-0.781279441571249,-2.4761279469958324,-2.3062933077974095,0.8012407664508706,4.105810661296985,4.438780918348002,0.6624257070013159,0.2842871811570224
242,0.0050532494146635736,0.4926074743883343,-1.896591467857527,1.7580661551551648,17.382307898283244,0.14862312097101746,0.5051673891724874,-3.7471652524899506,1.3830787392432273,-2.251350823693909,-1.3574429037709206,-2.7927718001955357,0.8508485917824904,7.9947188481138545,9.245027359911187,0.4949986041146343,0.8784621812323645
243,0.005689112241278527,0.3549227595079962,-1.1420669566552375,1.9552203441903877,17.24379909070635,0.4487787190820284,0.5935772993115421,-1.592343009374789,0.6705054633536531,-1.3733965883161523,-2.3606390457859208,-2.89414106879353,0.7003288693594137,7.872581694755387,4.9909474660459985,0.666682064399043,0.1522832253247363
244,0.021406402628284634,0.7385461361906762,-1.7439776782639154,1.22924243499828,11.451311684915972,0.18061012980937602,0.62370616999335,-1.850498933412437,1.3749638569527611,-1.9592616209017735,-2.0970621651142256,-3.245380696350032,0.8780169268175423,2.7431750317971604,7.767903729539389,0.9640252905093946,0.08148669880122167
245,0.007350966868506462,0.46289562469063505,-1.834282780883674,0.7383306986809041,12.190154781886735,0.3843540016473542,0.602131427658354,-1.0962624627055324,0.9019212652143707,-1.5016235670842186,-1.5078218838109672,-3.44841533851842,0.7703618616915021,7.207470643497414,5.433483127826735,0.7583620372895054,0.6931326487604629
246,0.008916815855079835,1.4556424864062194,-1.6541460442389972,0.630500088546575,23.72515905697238,0.3718201287511834,0.810791450935929,-1.1475594808394263,1.0591057671937432,-1.7107294795098307,-2.5876405773180347,-3.652422382578873,0.7975971085600244,5.1887864743539875,13.086453830804144,0.8677422115659955,0.614451707933381
247,0.010841393267157693,0.3274639190880002,-1.0518747785420142,0.6124970379535685,18.44022871999619,0.47681065995050764,0.6607719842386619,-2.1793548759213084,0.6342680541649854,-1.113770962866291,-1.1365927244576395,-0.7907300613671917,0.7016488253003041,2.5029596198510027,13.160433060340482,0.3911967005973003,0.2293345822085074
248,0.02090989864148481,0.7929736045037681,-1.2019663155688232,1.696756925881581,28.414089427412048,0.20853663754267807,0.6674263681385749,-1.8958708249247538,0.5854575176334957,-1.2569665234694891,-0.943096801620527,-1.7394548970933306,0.8968325388718765,4.323828318457558,2.8299552908756644,0.21567354071481812,0.6801203451022789
249,0.025833462033524775,1.1390313771524612,-1.2065058077348976,0.6364729769369939,24.00248166747066,0.31172731521303754,0.7578310475187334,-0.646575698276953,0.5016034107323047,-2.141821149941654,-2.9799630311947745,-0.5844119820771638,0.8837422401136983,2.199264888185351,2.8999019403655826,0.8706724195246185,0.2325260262063188
250,0.022710877319797148,0.8680331309342457,-1.3487146871439828,1.9237061367641486,20.816961418778238,0.5619833242310811,0.8487305840374426,-3.8531437168803637,1.1842661239044352,-1.4444353785092154,-0.9589112005930618,-3.005803544910964,0.68883932849643,3.0906400452943235,10.781380302901844,0.6063807551084481,0.9039356043779828
251,0.01578033536282172,1.1054005131740379,-2.26302403481939,1.1391177449522925,11.194589461981467,0.37232363595091333,0.854904697658245,-0.6346315535804901,0.3801041072105981,-2.0722523067915195,-1.220406269450517,-0.833080208434867,0.8715606783171719,7.606348513462363,5.146652802596407,1.0359618349436708,0.3014328609632191
252,0.008738675082510064,1.1476860749138724,-1.3745652041960748,1.9702132304457962,28.136409620916137,0.5232974662212676,0.7324621185975226,-2.3222334561918174,0.9247890474211062,-1.0653066613266342,-1.8077239891583141,-3.5196052256767594,0.5963618277729795,7.764386007617535,12.296014321868508,0.8730303972790728,0.3747199521610812
253,0.017427657692553795,1.2364080869411513,-2.2458544485046366,1.6050726273797584,21.428033423541255,0.13174285629257987,0.6081660207879945,-0.2523609456980713,1.19345289681023,-0.6289997514540508,-2.6306830934159153,-3.0733535640401906,0.5696612620727055,6.560303327428209,14.332268352712111,0.6594964434951491,0.4707063494887708
254,0.013969614223552342,1.1329777418467666,-2.077292135686782,2.1862492658333124,26.086969291459422,0.2474166966903032,0.932240686252725,-3.4292060062791676,0.8531204800174375,-1.0598127176222607,-2.3082599924957874,-3.573861962194622,0.8093594290931849,4.4965349425305075,13.055363199792405,0.5437102120752072,0.9145756891098386
255,0.012371722067643177,1.4697269241055355,-1.407610518352247,1.509820199169419,14.999035552052945,0.238619677373733,0.5771130164405974,-1.0854810012556833,1.3483304350880538,-1.5406984051213182,-0.9096111659486583,-2.7766188297545664,0.7845678064682985,7.2854154253743015,7.947693229823051,0.49301918848697696,0.8635990691374358
256,0.011124864347846635,0.8367450443652438,-1.0886547930308548,1.5212350476335887,11.544246952627265,0.41048196087390854,0.8924380587539555,-2.04123417530677,0.8917319409530444,-1.5585618238275745,-1.555988716933764,-2.6598918785678665,0.7779950474848439,2.01123344780178,5.795271925071344,0.1602260136872847,0.3794951667976453
257,0.01795014693036443,1.0152697891665223,-1.869006196942376,0.06693168398668488,29.857754964393457,0.23042056060832286,0.7118305212029212,-1.1745889807530965,1.1786373800600238,-0.6447639252239932,-2.77226264557401,-0.7576826560317667,0.6596740060994117,4.411204823181793,13.203887831675607,0.8137693737335311,0.5590477439488953
258,0.007986140664469992,1.4748166440445059,-1.2192317927146268,0.6612909653777833,21.888337170638515,0.5296920585889074,0.5300269726813105,-2.4178585127157852,1.353625256110194,-0.8624564129739702,-2.920973861948815,-2.7246105454002807,0.7391755819129355,4.4778211961305345,6.111441573416775,0.7888848797674157,0.17370367952195503
259,0.01376975971885078,0.6423474757869968,-1.447363103618018,0.4340172813505722,14.846680369898415,0.13830396185206226,0.9305126439010033,-1.6660134653231875,0.5308137444558917,-1.5317523013667933,-1.890601624490661,-2.158347986356416,0.8669074622763178,4.344164779217426,2.6964256131979516,0.6399539830636801,0.8745516896960036
260,0.026756320831667006,0.9992262990576632,-1.770120675451246,1.936716993850701,25.314595334830415,0.42885164453064795,0.8304556310882154,-3.051247907970179,0.6019049873316362,-2.205695286422006,-1.545419207479737,-1.3916174015868483,0.8613352040349405,2.579020240765031,9.67569855654681,0.7710854022947391,0.3961416755896472
261,0.010766967833969594,1.0797655429293749,-1.6607122889809416,1.9272848693280336,29.161182867344067,0.31009073997622744,0.8878648166762286,-0.7466330114301494,1.2356127732950322,-1.7459778964952046,-1.7512735289048529,-3.669849440909323,0.6061446135840453,3.9773816583123454,3.7602022798335746,0.8827696393441112,0.5462057593037282
262,0.005248056757589245,1.0544788220784411,-1.1545001935284347,2.096634674132009,25.40967497654559,0.17843024679330918,0.8900133984898895,-3.0954287293890057,1.1698723208521584,-0.617423939196073,-2.57837594827005,-1.0466042431469895,0.6700384060545514,6.43875306407234,11.896227696674647,0.49904133505455833,0.5926456102515381
263,0.0076371184868225805,0.8851494524551784,-2.0510931931666385,0.4508709814602482,19.903763171606343,0.36530031654697526,0.6075768217226098,-2.693665317291703,1.165447552716999,-1.7648678270620244,-1.6535624400217785,-1.633582016246852,0.6485948329559927,5.020765628139607,2.494205984702051,0.06424741351719407,0.7121225898460419
264,0.024219572360578787,0.42664320126112676,-1.1663244445790635,0.44417794724176085,22.223294101362264,0.3205604256908093,0.9489104768555371,-0.9040203780514848,0.783534731708816,-0.8434596716778893,-1.8500713360391212,-1.6851494952837225,0.5807970489384796,6.4891438911232635,11.36260493067132,0.0332134569532666,0.3520306704723481
265,0.010271845512251805,1.2727152542352127,-2.013957440928528,0.9113386871679675,18.112141166741754,0.47066860355693796,0.7647134392189499,-0.4364948519658278,1.0290433989553227,-2.242867510650938,-1.6824092195066032,-2.436473420918407,0.7688606096263346,5.65668404315528,3.7327372031488997,0.4147810489311461,0.3888633886095953
266,0.011016741255141418,0.8098256420603174,-1.658468249736069,1.9937094321945472,18.66217244004841,0.5753361204335258,0.789403599332377,-1.5601719743351046,0.8888988510499858,-2.1697172580265836,-2.1387272428559063,-2.6091365565532034,0.8854199246819402,3.2902681632755755,10.377618112750692,0.8988713053690317,0.09668780925315366
267,0.008538859385334932,1.074568742134969,-1.2889579130927775,1.1111868828734228,25.399508032638785,0.1959730708069098,0.6394792785150583,-3.5798810862227772,0.8391014312988729,-1.9768164741011738,-0.7203857461207313,-2.257558446108287,0.6606786110900988,4.378221563318306,4.151725152826283,0.2892139063365456,0.4835433422882105
268,0.019776208905836302,1.3124831345479002,-2.188486922980431,1.3860356527056783,15.771714168199466,0.342323002121097,0.7087104766718013,-0.8989025394784957,0.8709625601625306,-1.6199552222050746,-0.803191162256371,-1.3314313563887152,0.8247406499350232,2.928211545560475,8.385079637378562,0.6937058765479196,0.2551841042419944
269,0.02976055937931334,0.7564249161915384,-1.1023355296910569,1.84973632381021,13.143586779397193,0.5101101008099294,0.5687667245265534,-0.4698341117161382,0.43371672351654034,-0.6771821848636863,-2.882921719696146,-1.1206898241419792,0.6622343792824906,6.451510266311617,4.37542309885562,1.0708311671405288,0.7443650769817671
270,0.012898321711469408,0.45222995088174545,-2.2354982552354694,1.0925727712963038,13.201290105400894,0.14926993144221662,0.8697301755653443,-2.121016763189906,0.419709661724485,-1.4418997774764248,-2.054455757593785,-1.3379311497534387,0.5555941031880369,4.891318474926575,8.932366861938117,0.5909843672179815,0.010586241195433067
271,0.013067719225733541,1.2752705363297516,-1.928446848888019,1.2977792844063916,21.07152861452711,0.4475936334752828,0.5480125077683003,-3.382936974833028,0.5082359790006289,-1.7848069969938858,-0.6981689874700558,-3.185550136955616,0.6555122332968043,2.663550480317798,14.380868638868602,0.9446340596572018,0.5302531315236743
272,0.029968839238559274,0.43897056459300304,-1.8075082051103952,0.20147717651555272,12.248738143258864,0.5093780006186927,0.6936069036649406,-2.51581513019034,0.35564245959981755,-1.0452597321826984,-0.8193014595809403,-0.8521946776469074,0.894998721467982,7.391804856733131,14.574447842474687,0.7448590322046549,0.5427105695170615
273,0.029246297044416142,1.0198003531981197,-1.4761750223861037,1.7454956547108014,22.802552367702198,0.14322234990605093,0.6589565713161722,-0.8396996856051939,0.51898723084853,-2.075967541467184,-1.153503802121632,-2.686303646322285,0.8845550737911996,2.231264239311148,8.448567008932654,0.2311403943632683,0.06826169662747376
274,0.01912092437738837,1.1938442651601124,-1.9674933251777713,2.042619420929383,21.035877079736654,0.5344219023474417,0.7416921699937535,-2.194493136321826,0.8469406179060126,-0.7505299875522968,-1.129061493269697,-3.8107955832899827,0.6367905532159126,4.520641188704631,11.40251555399714,0.8882631839237795,0.27471936657890234
275,0.016652689781915534,0.6252056036079232,-1.4704266859195207,0.37261851764482096,24.539531375541767,0.4528914549827433,0.8051611020422016,-0.005115982384915174,1.496506884200561,-1.9291044530262749,-1.1649532288008377,-2.603120673978478,0.6326061549697866,7.029230675431569,11.532649603518015,0.3088923886323957,0.26115331236927614
276,0.006994449646858954,0.947024966708454,-2.2215574234092577,1.8034993593949296,14.075661497722315,0.29760786119268234,0.5998744293739322,-0.13748620496459552,0.8879554632005822,-0.7836647836814172,-2.3812247857590485,-2.527649716368532,0.7608083469241114,7.382887037527629,5.514256892969834,0.8118605536975396,0.3513450949372256
277,0.0232889090776249,1.1510305099886944,-1.8047733827433619,1.159018213435919,13.446979223681328,0.5677040370919589,0.7726041283327355,-3.207734068628491,1.0155272385453713,-2.111169366836386,-2.3842283585311375,-3.1018388769943788,0.5503856057218984,2.028297258788023,8.538441044590428,0.6456314277136509,0.4250303814495507
278,0.006500169489241957,1.333394287420062,-2.2891126545031,1.9795420021292311,16.451546856836394,0.23903259401623844,0.7280710683646524,-1.5661370003207726,0.7041139020868403,-1.934231649756061,-2.9167947128505003,-3.2146554776827907,0.6227625617878095,5.667965031936367,8.419867861952829,1.0262340840726152,0.8353546292360473
279,0.008645459335653598,0.3017994934737646,-1.9109522752576091,0.5679763313805054,13.879198235488559,0.577211185639489,0.5382102121321807,-1.6126551107442628,0.7786421946599047,-1.0510985464741593,-2.758130478797961,-1.5205433641937018,0.5895714918702328,6.685528910806256,5.050508251352641,0.5225374857032796,0.14836264636655402
280,0.008053463980836777,1.2703770352442827,-1.9198868721796691,2.045253802986017,22.961158507536084,0.1699101261069143,0.614339752668052,-1.698870545945534,1.2055647393366773,-1.7417122348747471,-2.0297853874995413,-2.229164350806942,0.8576847151980579,3.2622366448937936,4.472052918109077,0.12656862477462277,0.10923603718853322
281,0.020685186154435327,0.4847159275455416,-2.2067279934925734,1.710332848832323,24.513013468147932,0.33557494683730216,0.5950516009525898,-2.1300222321902407,1.390559366349482,-0.7784580422327099,-1.0840253035990395,-2.956318120414471,0.7195179902034899,5.24822310024244,4.660063577493706,0.7369425572600092,0.019842055693694686
282,0.02364815957425973,1.113118437099957,-1.714743614893615,2.274452744981076,29.818072222748945,0.1346025275143619,0.7459098856672932,-1.9717182391491972,0.8715002410820221,-1.5093479956033309,-2.517890476278674,-3.195589461285807,0.8550203141574941,5.435516015994925,9.276611245105734,0.22365934820583086,0.7809594333705759
283,0.025634829886931203,0.8964609034972202,-2.1796363282595332,2.2287872715105403,18.615348897440033,0.5805760163532551,0.9029714428972914,-1.9896223406788458,1.031413595898835,-2.0266862864290713,-1.2446267277583822,-2.7511724243354685,0.6164089574782754,5.3098570834484,7.1967234623071805,0.576456845617434,0.03660522895481678
284,0.024882933545730165,1.4417163039710392,-1.8639911052917006,0.0010192155751210556,17.4312504140425,0.5588997892376758,0.8440060172283976,-1.1977077776654341,0.9494701108102117,-1.3421923464119816,-2.5407401724009344,-3.1073593306252607,0.6720669998937923,3.092285410781539,10.1317744387779,0.42387229515902525,0.5005674658822831
285,0.005297587742585164,0.4134776947969268,-1.6406748041107848,2.1147754270389476,17.835627692724664,0.5080556370084884,0.8660539718201223,-0.493029899972516,0.5994516313088796,-1.2091668702278764,-2.805887211595229,-2.091478495918179,0.8029327287292025,6.593937565687882,8.142829566298083,0.18526332846091034,0.8132145205190864
286,0.019939628435096415,0.8064356408009237,-1.7543453709105994,0.05674892944749307,23.166997415795215,0.4135016286529113,0.7834494533266612,-1.2106688459032942,0.46871360707722887,-1.1739204197829878,-2.6193092762831363,-2.378553993753081,0.6325198134129348,4.040453256847326,2.3000462441985396,0.8355171699183805,0.5783578512899821
287,0.029685576562548218,0.5785013478438263,-1.2781953026327901,0.2972767992113044,16.083185617349443,0.15463909319903982,0.543450117708395,-1.439115855093422,1.2528631408262274,-1.6651324691511027,-2.767209802850654,-2.4036617381390615,0.5652530479476181,7.661587467190779,13.868903551718232,0.8165071802301461,0.2362977898244475
288,0.02136651076367908,1.3897908056181947,-1.409928760457616,0.22696205419971477,23.5725492162632,0.2486982742239825,0.5166045004603084,-1.2860520689719688,0.6688055686991704,-1.5273549608804236,-2.3328091503046022,-1.9016365637858685,0.6981764286949773,5.361190777036226,5.605844385012876,1.0431998186364309,0.39399062552066155
289,0.006377707635524019,0.598790035380495,-1.5799971763294287,0.40599722883294925,22.03624792207266,0.5463435291663007,0.7468010145952985,-0.4411104524651095,0.7071182724831618,-0.6222446527671797,-2.414288745038288,-1.885821624799168,0.8532840001701916,4.071695241864386,10.094076361668783,0.3735897600733907,0.5745793892410135
290,0.012733905468808532,1.3771747494770699,-1.5956762645013391,1.823754322170752,13.531750418989516,0.2796909619252306,0.5326099155461684,-1.6914024597003254,0.6508613886266674,-1.8259081508996555,-1.9139982764089036,-3.5335579731232962,0.8999079700406701,2.6876698030641686,14.032817403008243,0.5371288969968194,0.7653310919340351
291,0.023705725577180786,1.0721808157501853,-1.981879737323773,1.4450313294620079,19.95814200768751,0.4320259425786225,0.9104089444068113,-1.6024251104912395,0.7464465508817777,-1.5727015400524058,-1.5823758148900542,-0.6449094160178883,0.7618240840898791,7.354361872358671,4.911967025877413,0.15608192596538245,0.8562109561504868
292,0.024959959630336058,1.3667748886646862,-2.0957024588812856,2.0038994495903206,14.561478648138525,0.5990096509310635,0.5966193847534378,-1.241014663353568,0.7025304273241548,-1.2864767038059821,-2.746115258103729,-2.2770324700588036,0.7668638740802463,5.126644844732777,13.232868420342056,0.6956095301164192,0.5118446045313456
293,0.029834162284294148,0.7330171891566611,-1.7207460990940828,1.5696912437126795,25.80979473816408,0.5747950835268935,0.5497136997159393,-3.588249782523582,1.106582596169342,-1.2474554952998722,-1.2257739503050604,-3.383753853187891,0.6521226909072625,7.924345500001479,10.933710785188298,0.49831470055039895,0.8386055768581531
294,0.018829221641525583,1.4641116987419942,-1.1295530808811827,1.1232367263930112,13.890563489945254,0.396669191767824,0.807936018129749,-3.7916882539925645,1.1591087913522264,-0.9725853117035932,-2.873385493389999,-1.7921334097276347,0.6290284536270689,4.813038871890372,7.8004041453323145,0.42054465004097125,0.5686040370820273
295,0.018213672650833852,1.3868662845755202,-1.4536655327972179,0.7432669827693408,18.43589767180154,0.4233890236094593,0.7526313121275987,-2.599012927267484,0.7225972065608525,-1.5845289322183675,-1.6181095123354194,-3.16153210825226,0.6755575673166552,3.5752526953147563,7.664260214457602,0.8206924577189008,0.7037023477825405
296,0.029012604785621468,1.0674809522874344,-1.527274104563428,1.8958344280577748,18.751673641374687,0.2733060249126841,0.8721444536999055,-1.4243023952095837,1.1561292998789308,-0.5782510249958459,-0.8779791079245194,-2.176653399689765,0.8921707798815415,5.8130865833378795,11.241490051218966,0.13688484493571962,0.06746455543497498
297,0.010936521676236646,0.6953259779522079,-2.1302232777853973,1.8395873883804115,14.951148930720006,0.15738835016709676,0.9391798913897281,-3.4021650782464463,0.8929886750468456,-0.9016485877305942,-2.0052390454872056,-0.7270086339842146,0.7962429353261682,4.773276687029034,11.172298131558115,0.13249796113288592,0.7997108670273085
298,0.0156738495751142,1.2533674362971627,-1.6132273219173516,1.6636639429072484,25.724530209563582,0.46437378214443004,0.7047762032613611,-3.3727391457837355,0.749530876246678,-0.976403439142342,-2.6131542751763015,-3.485928980785858,0.5750735799374735,5.396250724817234,14.193826322867245,0.2708124937768895,0.4549703811960135
299,0.01119278512738721,0.7820985727852179,-1.3700182065733042,1.5055161101607206,12.367752341464847,0.4308297071538014,0.8191282859855684,-0.21472126901476862,0.9428346589322198,-1.985697358690911,-2.5025257291353857,-2.0727287322880876,0.5818216900794776,4.794793371677546,12.682559621545252,1.067424023020163,0.34313813675917265
300,0.020023389813901265,1.4000831932043483,-1.0558883051102501,0.2473108669593064,10.551436426823969,0.4191552924318065,0.6539256344983396,-0.7395296858327849,1.3528511190777215,-1.8563350976501036,-2.4615641285561294,-0.7657829285789077,0.5886859650922791,4.459384140033148,12.131144082048941,1.0469071978202713,0.38687027187235384
301,0.013239364390030883,1.0761674405398074,-2.285141503861074,0.3971915716027774,24.276937537268626,0.226300824311605,0.5784188996835862,-1.7717354553527307,1.0037611272933107,-2.2729649094024307,-1.885430353834868,-1.238563982029969,0.8493559191307061,5.342532685339834,3.9159413531101457,0.9389672503027566,0.15533368923367166
302,0.02703110207734679,1.3736556862109088,-1.1685319440321065,0.18249868148729537,29.945952066003382,0.30201862198839424,0.6301212326794872,-3.4587479304059494,0.6575477865420888,-2.0941483381239716,-1.667403435534961,-1.454917834219895,0.8607182246256129,5.332831515650769,12.061239845131439,0.5661559361551317,0.16459419249655116
303,0.006892174825198657,0.5936160040495067,-2.0090825245629067,2.2658454477492085,21.31838722625586,0.40882551187559957,0.5366355912535951,-2.475179717977955,0.31970548223607487,-0.5138179559231819,-1.6715951558345508,-1.0792271654634225,0.6437613869004888,4.461506044620779,8.61679906475751,0.6419921872317039,0.21510627898793544
304,0.015272615486299285,0.6165195939463228,-1.2873335472276597,0.9639744764407077,20.882555904308568,0.2988122014562975,0.934931888627977,-3.1586801686937003,0.9868001113800791,-1.8869844768032484,-1.0394631744956853,-3.1182393518806113,0.5586067896874269,2.1460617155700996,11.150408009281708,0.4167186725429487,0.06071086906533436
305,0.011787815068414363,1.196791429026916,-1.3550629057013819,1.2743110824800334,21.155245106336974,0.24197221705485167,0.8861421551307015,-1.316139000464505,1.0142037184504662,-0.9315950910428958,-2.3009612302403437,-2.7287221642420363,0.7744789361541238,4.830710919016414,7.566293750467883,1.0773212111228039,0.665620079252872
306,0.01775234198100556,1.3192172183699795,-1.4330988368664141,1.8648364334274994,16.76807010361166,0.4075955703612971,0.7788754759943334,-0.09603904449050793,1.149310706049144,-0.6679658917082845,-2.0097330162510487,-1.8370954612295138,0.5625099474623072,6.366756496849968,11.032402304572328,0.47542732499899953,0.30729271129118574
307,0.006809132000079666,0.6968882628372921,-1.6688203199831366,1.7828764760622522,17.850391320466905,0.15993472524317925,0.8336987123424848,-2.852671254858647,0.991743096363207,-1.6619765963945508,-1.3492478633905152,-3.2859758636010694,0.8753362160377327,3.662763149202393,8.314317065047796,0.37894463277293483,0.5673456601624941
308,0.02428267681260105,1.226922247713178,-1.1486314103088007,1.0726247052869455,28.28974147104361,0.36788058172038296,0.6347606343884177,-3.8318703134673466,0.9732442793357488,-1.9144350429478105,-1.7197664606546768,-1.749158996713085,0.7723853450525563,3.13462819493531,13.851442983755097,0.305932602169222,0.7978626876552877
309,0.00926183652845963,0.45790072549825145,-2.234156554116494,0.618931930883462,13.605680087891294,0.4362446745793559,0.5616642898996327,-3.1310522800268528,1.1739189841735738,-0.5623254649945351,-1.6600934611183553,-3.1284174079632567,0.7155418269701999,6.881682209526839,9.008902783898787,0.3564809287966973,0.6703041366016608
310,0.027991207592097535,0.8246551762573855,-2.08846277568168,1.16207188069032,27.53243653233976,0.3952056322206843,0.7228502784649149,-2.832875587147604,0.8350338963633865,-2.0975154284813895,-2.9050109727040105,-2.8912298252301003,0.6957413980201697,5.5432449038971265,14.516138022067484,0.27562104739223614,0.7754416360405458
311,0.028646064604067586,1.4990273923845676,-1.5671859291553167,0.8858251958667338,22.562607691442004,0.25464667372052285,0.6640301926951216,-3.074472278613141,1.1107015062941268,-1.4130204829177433,-2.4261183140689724,-2.1270917481787013,0.6741344108594208,6.843341368433627,13.770456147886163,0.22494109260659545,0.18409464927690197
312,0.0288072035118813,0.4450029115742093,-1.071140771763862,1.5527359799040814,20.09615667128697,0.19898082044338183,0.8567991694946859,-2.9289441601994257,0.9049078306961018,-1.0056582641496474,-1.3696650894820244,-3.1542552356297584,0.8185074409125883,3.705029152716487,8.084960971381896,0.10041001549248138,0.5087067479288229
313,0.00973699324345547,0.3600775350225499,-2.1741057758343136,1.6786713725381204,27.39581964948353,0.2774902637487511,0.6186240727002409,-3.185558311877936,0.372357062465754,-1.3951781985810867,-0.9540029239074186,-3.4807272298269623,0.8396036601611131,6.464963323451133,7.143975165253605,0.8080211046907319,0.07132002908985892
314,0.0224857990291014,0.35060146797954395,-1.9180078450453788,0.9139705887118718,19.643533687924553,0.4219247424805347,0.8223783986137445,-2.5522233340663565,0.5110253013213133,-1.3339008018498313,-2.8555230207181346,-0.897750446317068,0.7967376996698413,4.389156826581322,6.134489052407437,0.5410835727857668,0.6398500365510054
315,0.01186433707726818,1.4722607550106939,-2.14703028873033,1.0334856232534324,16.601718267373194,0.4888643457918793,0.7501760639549087,-2.7203136531804595,1.4392409412953744,-1.6781571800665254,-2.3260495629387226,-0.9290036993291344,0.697697700887617,6.90909902369013,10.034894327026336,0.2472103906356684,0.8773625896824893
316,0.02687556364413434,0.5435542423973551,-2.1099732818894745,0.43083505890480395,28.332565370763373,0.327918806305764,0.8726600949418858,-1.3805022138228171,1.3209376375889825,-2.15588986121041,-1.732082404200854,-3.5690601595998284,0.6797233271851513,6.314654316019835,12.159976000148497,0.43679363782132324,0.39773524785535563
317,0.02950892909495881,1.1848025922247662,-1.6067688586678024,1.4494251759930123,27.50574281027171,0.5607118045891675,0.8461259285546643,-0.7659733695236968,1.078738227465146,-1.84913064734755,-1.8299087963792935,-1.762059960212036,0.782385229884895,2.3250161155886664,11.86036416074448,0.31534038705995676,0.364675333175042
318,0.021067111455597875,1.2443858791968014,-1.3445001416924627,0.5003879409043719,21.50827800797439,0.36473415990287583,0.6015255721116586,-3.3468230710995996,1.0180270307870767,-0.7314490212863214,-0.9820979176734386,-2.4318641188542256,0.8583407725435063,2.2628148000231496,2.399519921685005,0.7123123571058051,0.157532834828734
319,0.022419908409681274,0.7270129304425602,-1.7607206835690858,0.33403387140694596,26.94781671466962,0.11334077221946179,0.7255280747645403,-2.0603923861371736,0.6981348505406831,-1.0861502602144841,-1.5200697852729534,-1.876329827240836,0.5841638133888171,7.331427901291604,12.511939160431027,0.6755370640724082,0.10530090245216801
320,0.02549040238387863,1.4265476930069443,-1.2804084858406295,0.45788087314325,15.43120047799188,0.14015230172719711,0.6551266602289123,-2.380775797163989,0.3862134404746035,-1.7021130965178974,-2.8120339930615668,-3.0866821329567555,0.7624540842594534,5.2710642671413765,5.7203959163459706,0.7348109361831267,0.45893901055036235
321,0.018771643234530837,1.3049874702550035,-1.4381559239590431,0.3486412392960953,25.654784639856103,0.533856136454759,0.5812123081603977,-2.701306994650256,0.5511894695241096,-1.4731232854984209,-1.160539014232094,-3.474109337527544,0.7272750453132742,5.319005190859349,11.72098369316116,0.8432526078093524,0.20100855891624111
322,0.014590914492383564,0.9669080765698088,-1.565351677808556,0.6918335809220885,10.514212516463699,0.3306401419284981,0.5876133986192357,-1.2702071917518003,1.1814678734309882,-1.3460582590597514,-1.2295265622114715,-1.1290268710557805,0.6138415355523075,3.4566133074994587,2.8606307639521606,0.8906690213904335,0.7071803888217202
323,0.024021291026994195,1.2400996009210907,-1.2464103670615723,0.19027709256761494,16.684964961075586,0.2467987309816314,0.8422455586246916,-1.445830868640639,0.3087658095897891,-0.8282813977864467,-1.6390994878529779,-2.9375886562546336,0.8823353624984177,2.3723598588672297,7.024202688760331,0.039352805369211125,0.5248853655861636
324,0.01925429441903185,0.9699025336112963,-2.153056425228263,0.10509893972077855,28.886187386434013,0.5622616450002179,0.7482636629323631,-3.0775181111453906,0.6923432603523374,-1.3914057089580967,-0.8473022206702594,-2.9937448230324977,0.7588945909592102,7.219444176541822,7.834532796699612,0.6997434134585716,0.6635354942342018
325,0.018562896076065188,0.4160158162799924,-1.0608799608952588,0.789507152607165,14.558030535864027,0.5449655261299173,0.7130292648235628,-2.393694647129919,1.3968712390005091,-1.5500025659133887,-1.5121701154930134,-3.2741747951973856,0.7076124669451662,4.64128363844492,2.2402180431694356,0.2986953256917366,0.1504480419277447
326,0.014992839787353437,0.5510147302957977,-1.319600324025744,1.9581823329573416,18.21839858139273,0.3919413529454784,0.8712345467238991,-1.1122459858837352,1.2604990853636497,-1.9407887110442963,-2.1433052574408493,-1.0150306651660737,0.587953489411884,3.339605297620584,7.69563512828484,1.0846848784139689,0.572168683785976
327,0.007170360643645995,1.3359923215236766,-1.9057861566636944,1.7725175618360547,27.118792860576548,0.5661024344587133,0.6523136952289568,-0.428654933057123,1.0568492876101092,-1.8305771013491616,-2.2677759448085455,-0.5626128671024793,0.8473228614254391,6.661612976458352,6.618814284599505,0.037260804782414475,0.6531943386323931
328,0.012228071238960556,0.6044231009756391,-1.4810331408031445,1.4289894236539078,11.265559512671633,0.3693694658854927,0.8504333872739818,-0.8865835221289324,0.7883622528861329,-2.058963042161734,-1.3892936763767536,-1.671880111785303,0.6591717075156088,2.13515606053262,4.644346776712534,0.47189784613720503,0.36800119545907156
329,0.019339484951882275,1.092173380881141,-1.1829782109024611,0.04959068367075972,11.33277746516144,0.4560774838067684,0.6093646122071292,-3.1469639154431386,1.4183371226181534,-0.6575569625441744,-2.5383051115513595,-2.1940759488796155,0.7802799664292889,2.4847377692891546,4.346993915827239,0.9080400198815933,0.5939022231529008
330,0.025270298670457613,0.47512599559083335,-1.4501140736744156,0.9761980835625936,27.346690241436807,0.26792531661049135,0.6763183247450851,-3.7856841512046002,0.9849713113905145,-1.370025304005236,-2.040176035939391,-0.6013672632556166,0.756796748091451,5.424557613833123,4.199144261245098,0.3221388966802089,0.11993243285723847
331,0.01449051481302932,0.5604824789227587,-1.615363241043413,1.2221865419536035,20.251806644438755,0.3413077059837979,0.7108915654936812,-3.05854191268195,1.067295891212386,-1.6438196415957562,-1.802838494802792,-3.72568756811623,0.7419730227854995,7.641001865533518,2.4913865701376547,0.3470328959382455,0.7722379156432132
332,0.007802865999512397,1.2790337924622939,-1.5634370125724528,0.3420168884039507,24.912364102813314,0.13568828087987622,0.824741027745169,-0.6676190208019359,1.216631245448705,-2.0241355081084853,-1.1339685740438494,-2.0886162988214805,0.5579683547572757,3.1953194768445794,12.293584440289711,0.015782104915464723,0.22778330167923022
333,0.018647462904664146,1.2414713766122596,-1.8092153588315325,1.4187026783348065,22.69450709290453,0.40586086090049334,0.666464211221349,-1.1894436526154264,1.3374397018343906,-1.162330678434864,-1.9768251793678995,-3.1983406677028587,0.8048557103235663,3.239143434983449,6.340453228130558,0.4326931317338102,0.12216034636350795
334,0.012666164766815473,1.4926317365046988,-1.1137219250869388,0.16173086525095062,19.411691472146032,0.5152887686159763,0.50749642891815,-1.7442627363786678,0.7622237720259925,-1.0902461932482885,-0.8256837162616675,-0.9828378238232474,0.7553520355996177,4.757238883354638,2.083405863664557,0.954604037130832,0.32427572567881763
335,0.009110262574184472,0.4780367753662933,-1.7868637158630596,0.36806531865602077,19.20657839233038,0.32800292069896275,0.7851683995509164,-3.394691682695944,0.4821237660392329,-0.5946040078921686,-1.1056884632918886,-3.5007360868448,0.8284825456429861,3.5920487141045894,12.090390398976659,0.9938692466994182,0.5544761340120092
336,0.022260377388985533,0.704140485045938,-1.544221762384923,0.5622286371011596,16.841394732846034,0.47513268954076127,0.9170021393998828,-3.1214086075888163,1.3094143492318473,-1.4883674507255176,-0.8500027061874333,-3.1389512927368184,0.8479226429730398,4.548852063642185,7.906774761059282,0.6065525500555062,0.1458206304739785
337,0.0091801362189325,0.9174794284533936,-2.143293324548751,0.21569321747008896,18.988871806429465,0.3737076741381691,0.9198900400115837,-1.4754943900606334,0.9238389004498346,-1.4086159052033256,-1.4403890974778595,-1.4103719636037284,0.6575814085285014,3.550906301195745,9.930678336168,0.3038265021323983,0.03701802487583386
338,0.027843612901466037,1.0872418539899165,-1.0959592497383803,0.7621376968331471,10.86612855915801,0.1206094716124363,0.9159238131005487,-1.5780074467143415,1.1383449949130178,-0.5494410843916087,-2.9547104980664476,-1.5944614020042382,0.7332119524750839,3.373496075755227,10.218549131580792,0.9063300050286213,0.7337465482413233
339,0.023384552115670188,1.1288437113067162,-1.4530004736663944,2.1118767566011583,29.62233646761581,0.3607037739487602,0.7598161391006095,-0.6334637499068325,1.4538419967981764,-2.239550106740549,-2.3127587161387595,-1.1592218778753938,0.6371750037732624,6.0808135904027125,6.657423933459379,0.22081491970357983,0.5640022272548234
340,0.018669542544135977,0.8167017493254425,-1.2341083813492404,0.008746657067889015,14.203439279559674,0.49482290731797507,0.9249174377688162,-3.2513023531648497,0.6987203337911427,-2.0448288297195414,-1.26505662139245,-1.4753624048090281,0.7336375696331018,7.971626975280994,7.50624911661803,0.8837391386331408,0.6063679234742542
341,0.027680088142613146,0.6001260277695327,-1.0781262418178532,1.3484251521498205,15.210774118452953,0.2570316282198041,0.6116819200619434,-1.0713606077171276,1.0024720113392023,-1.3979322030587111,-1.3185249921603237,-0.7696430769041323,0.6967418566643516,2.3571830271415166,7.2488003264860446,1.0073178299480388,0.8725453618115306
342,0.019228200807696105,0.3239514644284243,-2.017603456897678,2.2442362306205372,13.01819726970065,0.21753650898749963,0.7031855796017389,-0.6144701859413626,0.3009739147495236,-0.8070769802685551,-2.025539469320027,-1.2045766486526372,0.7434732957509554,7.177204562837876,6.275292956951835,0.7164229506901213,0.40023611274885107
343,0.017134096045221082,0.6237350107634263,-1.6955351035506276,0.5245657298922187,22.635479487450887,0.30529177841806976,0.5008700902778289,-3.2549548096317227,0.8574208568724038,-1.9681791727315059,-1.765094088580479,-2.6626557560633826,0.6762009420579009,7.8308177635295815,3.6967678322744764,0.005589015429616935,0.015606218399322358
344,0.026714272034330057,0.7230794227559016,-1.9079090384100548,1.860350784861948,13.048042231472849,0.43876184855134737,0.8834464421254018,-0.1041461142276714,1.4927136071409906,-1.0106416160905674,-2.653222291109825,-1.365692707097443,0.8569596979609999,3.5200341984511696,6.99241239162962,0.4381452934720187,0.846107523140332
345,0.017556773135592722,0.430596784909544,-2.2290122681890763,1.246244112139837,28.66640150725056,0.542205766027851,0.6770213362826019,-3.2660547499362442,1.1234320495317174,-1.205302883148959,-2.2839226321790282,-1.441340565749531,0.8111931146681717,3.8583584894720064,8.127700466184777,0.031328684643845195,0.6080076382692038
346,0.005847233711658277,0.7615781618637976,-1.7316762701452162,0.13488472020896514,12.403420332926615,0.17390412609819472,0.6872845249359043,-2.4641681935516404,0.6804703020876567,-1.5234116301758425,-1.6194278871982606,-1.0602074097044256,0.6400359997176389,7.565735871130202,14.643993608937507,0.09005919592679737,0.29035983073118227
347,0.012074662039585758,1.109190650181866,-2.103660108299859,1.0142778697226928,11.29267485905196,0.3992626765600016,0.5465745860410431,-0.2961298251545239,0.6190543689196897,-0.981846580498762,-2.8175468431489916,-1.4159740234432037,0.5537588034695052,2.477212173930289,11.55255194355821,0.23031123677231025,0.8148874234009537
348,0.014830755246387162,0.38141385153864804,-1.0547659598494206,1.0675537580863506,15.052935485011176,0.5565511907726686,0.7854485802271238,-1.626358604151045,1.1730991868804876,-2.0778923119132244,-1.0004226965930907,-1.7745684794304983,0.5512696393546431,4.360318133218172,2.6311371994568913,0.19136538925504207,0.6674108006784363
349,0.01955958498589417,1.0045223780069528,-1.791870589537264,0.41659811164417554,12.85012241710855,0.4203638122473681,0.7820164409521573,-2.7999645778310827,1.2851119955632122,-1.4485015229680074,-2.833646724591943,-1.4874079236335498,0.5683664869988253,5.959463901400756,5.177173120741382,0.781046284573451,0.1437091338031114
350,0.006207992616521685,0.6344992317344358,-2.002259191823905,1.0594312927666425,15.668831513610762,0.2044407800069,0.5745565369905695,-0.09123477241966649,0.6832395628604516,-1.8718603867567887,-1.3419586826316754,-1.5886311736845755,0.8872331612715454,3.9079795196237335,2.2074852618288285,0.9747790674183648,0.14254458018553304
351,0.017304000505605852,0.5132329565628835,-1.1606314253349757,1.1766565785132868,28.827846800996458,0.34676564510097346,0.8216389316529927,-1.4135353262395305,1.4493772525763913,-0.5331287085852865,-2.317858280601171,-2.0348308590700435,0.7917737422185259,7.297597449270018,10.33125801940689,0.7259956577360567,0.42669171042837495
352,0.029169022650750664,0.7074044454150399,-1.0658463100192153,0.4235365772782882,21.115446938645597,0.16710920954469027,0.6481048829904186,-3.8827922823835723,0.5756994220525812,-1.9694488941937074,-2.9445759471777606,-3.654117869408745,0.5734904385862575,5.2790777223931435,4.829602369209084,0.9026024901390174,0.38237431509844055
353,0.01725800761601258,0.950082790557099,-1.5084514375998275,1.933513837197167,18.170218726735044,0.22536302860509533,0.8312396204470545,-2.5021170198446914,0.7731400855975409,-2.2586733029817365,-2.3559602936992867,-1.9867132969678083,0.8431959124659809,3.9278595318730756,11.46992511801098,0.7299757601249126,0.8599684646463923
354,0.011526680596508722,1.300196056255819,-1.9513528891360967,0.24397135477992032,10.75120505419071,0.38899442373318094,0.5906559850887507,-2.8851125148215786,0.8037708894677864,-2.120514693936737,-1.4484530547601795,-3.4031810871547084,0.7898625074237854,7.230309426274229,8.05714623244764,0.33518979924358266,0.5706094509208389
355,0.02712975693062039,1.2347786153620466,-2.2589214991381943,1.944083482808485,11.592660957139596,0.3067408042968727,0.8556758958102173,-1.1188886325538703,1.1451545105574095,-1.1107086438228961,-1.4780317933481677,-3.3047665192595606,0.668039568384188,6.946237437636715,13.916592323332361,0.295861569587466,0.48491307428586267
356,0.01491654380864102,0.931881371405467,-2.092504109490563,1.3749114199371808,28.582443123833258,0.3174344117066273,0.6506588532386344,-2.1094220430822275,0.4267379360539437,-2.234818694444398,-0.8750912837217921,-0.6493708078916351,0.6493637104716213,6.305520538708258,3.4058735684608568,0.7834686248802621,0.2254969966688963
357,0.009201268844460677,0.9865623774181478,-1.6328315280229273,1.5812515780042287,18.883798950693958,0.5972902504791862,0.8200302346409664,-0.8476114471551219,0.6163784191173522,-1.3793279173902724,-1.8347872889733985,-1.1347226577721075,0.8732278876397446,5.4850455469822235,3.813956523082183,0.1479166596225103,0.8485465277229157
358,0.006617833408603705,0.3745850760606457,-1.959800482466734,0.7485362690335071,16.37037239214163,0.531792087190683,0.5516153811234901,-2.8192387788799804,1.405105781708727,-1.3452252267949423,-2.148168234325635,-2.8553316205717967,0.5991519301843042,3.3103942613271498,5.942040731045704,0.4479911249472588,0.06462702827583147
359,0.01370053893124151,0.5567165301116299,-1.1333444224902485,1.4862654679983736,11.858120387322181,0.3803253001179048,0.5223858703563734,-3.757733909788985,0.5002426908310976,-2.166165086045327,-1.7747746115905112,-3.684154100616628,0.8013161786377434,3.882752282689534,9.659396566619165,0.45815683539630336,0.7490642809434027
360,0.024545411794534774,1.4900720314811313,-2.126902130372826,1.9746608517607978,11.13813094544026,0.37021893427517516,0.6820119275163248,-3.3049195387321486,0.860053589000491,-1.0579324941621395,-2.6453169020505922,-2.773772345089995,0.8373352836929236,3.0629027746085407,12.206234233116167,0.33847590902403096,0.025804313392915116
361,0.015514113203399002,1.1725093348791231,-1.396006347685129,1.171589587096206,16.500695705077202,0.5577606442682805,0.6684560861978877,-0.3467759644165107,0.9161967991586548,-0.6187797392402996,-1.2130744951641363,-3.164613772579873,0.7358531507880864,4.283727122772538,5.477693383852743,0.1174905793195006,0.030217128376187095
362,0.006296286311864815,1.185737079753155,-1.7268051677358307,0.9377606417116567,17.75790366853337,0.18248345982752973,0.8849700242571387,-0.9208105978453816,0.6302563731662608,-2.1729251307004955,-1.4653759849171843,-2.047080677305271,0.8650930196175559,2.7883176949708064,4.218399600954346,0.7293489873624893,0.21859950756078528
363,0.025236542040412625,0.31136214018932795,-1.4740972250669353,0.80290982732087,10.766311789273587,0.22408675746739865,0.8325774647243778,-2.677787300524148,1.1598260977169625,-0.5559225290956011,-1.0375248619551911,-2.396691921245022,0.704142822544942,7.401226862259977,11.122150708581502,0.08550704671115887,0.007642802084973588
364,0.028092793771630806,0.4349083537801624,-1.1968169716944752,1.8745275525134286,12.781449245217646,0.13023349042941054,0.684267965449384,-2.4410946214188174,0.6450743534424785,-1.307861747775207,-1.6103039851261614,-3.3889138752303642,0.7877832581754718,7.603482539944088,13.354310897595205,0.5615747687112301,0.8809331846005185
365,0.01347122339555162,0.39315786688611826,-1.2479266485042553,1.5994709622617649,20.7731928343253,0.3242674381224274,0.5409220636095273,-2.890865646702557,0.9086279313332293,-1.0550362620136895,-1.70880326286841,-2.7685654833804545,0.8709302880367488,7.492147906394276,12.686607469080293,0.2417040084518192,0.45445432534846736
366,0.0204951517145722,0.3403190266746353,-1.1984756350729826,0.6583462335293507,28.772387887149463,0.45388180762433006,0.7955013327990572,-1.8145819826981215,1.4212474881225978,-0.9297465780033445,-1.9356238495777125,-2.873083252160318,0.8939335655632747,3.7885670012641293,3.551916337269562,0.11083533605947052,0.05391002671628324
367,0.029948338689543254,0.3416106677372101,-1.6807288832907723,0.08613354936740496,23.04100310967903,0.21113681923515548,0.8789199324969281,-0.3702590118129123,0.31719347393072733,-0.5270785036808383,-2.8797203583590383,-1.3704875874000662,0.6348922440617528,4.139016906014355,10.282473059924863,0.3486903671244922,0.42778873582112925
368,0.02946946917628048,0.8277174516966797,-1.7758181297605273,0.8539902908410583,27.40278389976258,0.222185331888826,0.7670035872258394,-3.027167185215868,1.3722979849395527,-2.2844546191076978,-1.213600663339428,-3.788123629877374,0.5947033690540178,2.902289431574972,9.438485993061835,0.933295148432696,0.8519918999368696
369,0.026349645159780825,1.117443614113766,-1.7309128659479243,2.1075208016869134,19.192308577182843,0.547865847290549,0.7305204053055808,-0.8760895594375766,0.46587324557267296,-0.7095431855287055,-1.0941347197057079,-3.4397669404927713,0.7363974351098971,5.4087036621105335,2.0402545634198432,0.8282235110976848,0.11678493317915781
370,0.023057593524179767,0.7158607707074646,-1.390592187828502,1.3096265577054076,27.844807545558638,0.10835325067911705,0.7628029789904769,-1.3299685750471597,0.6462166395686549,-0.6746528504285403,-1.9621919550314475,-0.9709304094559807,0.7138840889188662,4.557875348556937,8.524852535475475,0.9781881997775304,0.07635901983989293
371,0.016821813331050765,0.8116539088504748,-1.9771033124750947,1.3549386250543924,27.262282354028603,0.3940470047193434,0.6215300647747976,-1.8557926932507516,0.44944070891434995,-0.6956622534197856,-2.2734771245312313,-3.8009848083225646,0.6075426742814037,7.247429183674121,13.315219002856107,0.3615497161785717,0.4678498776632587
372,0.026258000367345793,0.31795451738779407,-2.0243570189357696,2.160433732988905,10.804448841049211,0.551132485411412,0.5532071620894045,-2.2904760133208617,0.9143270419488845,-1.7163577698566606,-2.636624106273267,-1.1645836257844526,0.6027203499819751,2.2723774423744567,6.983392180714516,0.7046206498781017,0.13824552161450646
373,0.012770014588784285,1.1919535260392755,-2.166363503839836,1.6714840817785,13.779599172978799,0.5847215373491703,0.7456130366710277,-0.9776248977275164,0.39530667817313836,-1.3560370117596976,-1.3957514483143307,-2.9017811236068596,0.5643951328989395,2.749907953390108,7.773359146799256,0.5148419065933381,0.44367613313087717
374,0.02832007569545243,0.9523125997531849,-1.9422131441797532,1.283255996714449,15.292040562457814,0.5406429800152339,0.829937946393579,-2.875935562936173,0.8426175267921823,-2.037086749894391,-1.991422339106732,-1.568660009243679,0.7599389119350445,4.2759080944602665,3.330012042585662,0.14185929275318376,0.5530911401787586
375,0.01905757381837562,0.8185043433398291,-1.361642111483118,2.2361564113125163,19.483818727762923,0.47721732165743647,0.9370950774760156,-0.05011137501573382,1.068363503859847,-1.4780540940771494,-1.195269054510527,-1.9773460017041966,0.6950980816534988,2.051576657109099,3.3674778253196727,0.5497777747133835,0.39483668443889564
376,0.014399361940524574,0.5312133489487134,-1.813882521649529,1.90813948553847,18.81666555081633,0.2827724547904209,0.5289774146756944,-3.8981704338219147,0.36666799065719236,-0.7565257578591746,-2.134516630523163,-3.4672379902228427,0.6877597828977172,3.4917637743077954,6.809745290683081,0.8238210861706358,0.7309377856384202
377,0.023947280898663974,0.4812358746305203,-1.7050563592800323,1.1660688856473165,10.617527563336113,0.3226529277189226,0.9155953007732551,-3.4086930757775695,0.6332592766071048,-0.6930396110974069,-1.2086738849898921,-3.4312482099070385,0.7606301082360774,7.41525685205349,13.971348453368595,0.36675338155002896,0.7373258231284968
378,0.02021366504930577,1.2064025703952794,-1.6254989545162195,0.4018873374936339,13.749949088833961,0.4148894673998986,0.6112563175318556,-2.4876288105149107,0.3633409718236966,-1.9380044938538847,-2.9369243970996908,-0.6207819005187343,0.8286427018726564,2.407747262863703,10.973246369929447,0.38321976073446445,0.02837265366159777
379,0.008834694381783761,1.4576893664637636,-1.8612491979407872,2.153779463305559,24.930960537201823,0.466572059560876,0.6749689591312674,-0.8189372902583067,1.2246354613873174,-0.8314102377499593,-2.19785984200136,-1.099177871574033,0.7755092018470009,7.7532206862634965,9.04191590417258,0.16928259144722796,0.4018787160160137
380,0.005992065612129709,1.2907564061456391,-1.4006734277761868,2.299464261591221,14.514602039018275,0.24046014578316066,0.5058105388289489,-0.8272629240158005,0.5123467183219511,-1.3174010069544253,-1.5746899554482603,-2.539177914947213,0.7482092844953581,6.625829923001384,8.219712431417618,0.023548243104821634,0.04495062515547391
381,0.02157474035579504,1.450066839424648,-1.4211223245647804,0.11902554700162499,23.838055922320578,0.18940002453786117,0.7244954100766405,-3.70312414273482,0.9205032237250941,-1.152333186418493,-1.7060606404792817,-1.0319276324675442,0.8228889245184643,5.718633932240816,12.571168555778335,0.5990504179832064,0.5416700174279574
382,0.01300784943908118,0.7751712785681403,-1.7779530202595977,0.10656409525992368,13.957848375564582,0.46399129528045524,0.9238700155075883,-3.533003307565208,1.0548890453939526,-2.0532787571197755,-1.0223333184771326,-2.760407992800845,0.7659621441722482,5.788368760393862,4.27426540644892,0.518647447158539,0.058738928497419046
383,0.016072089073958722,1.3642341057296428,-2.207516323820732,2.024282403414243,26.5800410293827,0.3398522119968486,0.8755649178153584,-3.6668623229548905,0.45452523704618,-0.8666718004056007,-2.8401946683375896,-1.9131197360873722,0.7072270354156467,5.3502627678769565,14.414472899219842,0.5106241860692806,0.26743747575003657
384,0.010067063834158323,1.085324639634687,-2.0165849709613624,2.2570630785969925,25.885119224831605,0.13276556060773964,0.8122195633635201,-2.3569098388977388,0.5301311313832366,-1.316724777209765,-1.4102926129006004,-3.0235648849575965,0.5693953470630129,4.011261538701959,14.709354740254508,1.0616568833311548,0.43045377803792706
385,0.0194409060208807,1.0527477691352967,-1.3173783255318074,1.7909779385868492,24.633960317360092,0.18410193850286108,0.8152506587062001,-3.504946843115289,0.8090983612886449,-1.5188926707318264,-2.6757926629289868,-0.6672649839187699,0.5792416164070062,6.711157633209412,5.360344801454545,0.32653520546475945,0.8828703996276417
386,0.012441279118243671,1.3841088123530143,-1.6784169673189746,0.14123594397600941,28.182223882449343,0.23797539152876432,0.5387066997607898,-0.3170137002253268,1.1404034154850575,-1.0169181748768896,-2.741505024587999,-3.351294105389493,0.7886438157185407,3.4067519767830983,13.130030201922462,1.095983900330549,0.5047045561384301
387,0.018984330744010777,1.46869088119339,-1.6663066134401405,1.6836798869368501,25.023672151167858,0.3488149391808911,0.5400417365302349,-0.19045491478260157,0.648863394372829,-0.7011642730312331,-1.859360588044421,-3.9051095881148488,0.88905301621471,4.669661733358181,8.029762159945577,0.01260445366134332,0.03429929449442878
388,0.01600815821407709,0.4086936522264686,-1.237124949741441,0.22205370457592935,29.703426840233615,0.31473635918806825,0.7902850931949656,-3.739193099947761,0.7640633205081419,-1.4295830537597225,-1.060981179316346,-1.343624784080673,0.7298561032455095,3.6984084006742237,7.215459891445619,0.23685443469021716,0.7404244146926734
389,0.009914335217031531,0.3355101591675119,-2.2418423013794264,0.9933204196923122,14.45115859466567,0.34364949534314937,0.6533991042328284,-3.062865280836343,1.2681999870617635,-1.8426516393370296,-2.7268971101338497,-1.9068218410280413,0.6833553677576145,3.776756844311537,8.3217133024059,0.5812091756694862,0.07382009623119262
390,0.006439965544061045,0.9744508535218641,-2.2987861847906648,1.8987851376930565,17.62704993617099,0.19372421143755492,0.7486140274509974,-2.0692949450889415,0.33560327918758415,-0.9223762899881955,-1.321450610073026,-1.6878523388432098,0.8562067512158563,6.760426663557178,12.49666400655667,0.557082546274481,0.20181221296290364
391,0.01671888241702403,0.6690650338855988,-1.3519087840124,2.0558360687299113,19.708355602963145,0.31646253666530844,0.6582701276439543,-0.16605695918112184,0.7407434991096318,-1.7362539960513068,-1.7473489976774748,-3.7495216533180544,0.6454284395662544,2.414096210252031,13.59809704899029,0.9111327100256015,0.051656310662614766
392,0.006483513187370651,1.1985317349153677,-1.3000993974906896,1.9400414014464766,24.84443921672611,0.4781479708448956,0.9227290948811715,-3.087433875554436,1.460779892581978,-0.5594527665535458,-0.7065585283452642,-0.9115755354933377,0.5782330879601084,5.883005800386895,8.688069124331268,0.5555649675598594,0.7901267905824362
393,0.024666588105512005,1.122974767537037,-1.876920912258552,0.1770752404827109,24.43096741116778,0.23656443883845607,0.9247977285125175,-0.3604899748354806,1.4250450688404033,-1.9646634723540968,-1.4025771488890533,-3.2927897426249646,0.6656795870154258,2.4564233996370364,11.014282135233902,0.21409662978510394,0.8254537377549099
394,0.022816556378541568,0.6276027159171895,-1.9297404420650879,1.4711498614551084,25.46346954669177,0.45518629128752275,0.5272519219446254,-1.911443667857354,0.48927745651239274,-2.0162204310696636,-1.8434151119070437,-1.9342677288489638,0.7186036082402427,2.5071373805470296,12.650673969377328,0.3545579541119827,0.810789376442666
395,0.008653792701161764,1.341535405276791,-1.5966515551488651,1.495624441800587,10.328440572858767,0.29498478238681997,0.5112371876347386,-1.630305127384306,0.9470623704447627,-1.9109185192291267,-1.303714027963783,-1.7123625205656676,0.8735108742427242,7.04558215682467,2.009063677590377,0.325041100679075,0.8696704567977495
396,0.022044449713325222,0.845086065704969,-2.0747565625019786,1.2609818272327584,23.157154134033867,0.3666818862553518,0.6260554680584942,-0.00907585733562044,1.3493308716362282,-1.5640671300000124,-2.376810675810748,-1.4957598610877345,0.8923993877355298,5.610999364004454,6.244938483218331,0.8957901112169352,0.7713316430391933
397,0.013385471554438949,0.915037766505667,-1.4129597635894373,1.4971442859909618,27.061987532582933,0.5914398651760396,0.5848503684795487,-3.4962750468112054,1.4266789460970715,-1.3595909030847069,-1.2025160584631058,-2.6444799806698382,0.7534663393034886,3.600453387366107,8.907611855345753,0.3896832065762314,0.18722684468621956
398,0.017462411932983826,1.325990199286437,-2.269028683544352,2.0903450654548745,10.24656994830431,0.2682591253453007,0.7204375724560322,-2.2608142606698265,0.3042505256921592,-2.213768996701109,-1.7815646391433249,-1.444134639952762,0.800518970442856,6.196223790170427,9.766210748663191,0.5957994242489731,0.5265535548261465
399,0.0260851194846564,0.8901853335899041,-1.3253954813224644,1.212282500641686,23.3998818038532,0.11713600094266374,0.6280222927435843,-1.735971926341219,1.4470447064246308,-1.4542414275734856,-2.210523253747656,-0.8174772472325,0.8768959188894889,2.6579118886861157,14.083138931639278,0.2789443721560033,0.0732637943979472
400,0.017861438051227255,1.1702014406769705,-2.227106401969552,1.8300261928103052,20.709026656922738,0.5017302198306987,0.7678127581209373,-1.1309501153943349,1.0810468565834916,-2.1988771044378073,-1.601755418639171,-1.1511382029052228,0.8323021897463112,3.2330315957360236,11.316556153065807,0.6163920327606978,0.4601512550853743
401,0.016263058050533907,0.41103171052843795,-1.5697606544487903,1.773422096235249,29.398645069672593,0.563928407389704,0.506944970066276,-0.4629851333037158,0.6947133674658647,-0.8031819088341721,-0.7128671424013304,-2.205202723658335,0.5906751465809765,5.1624345791863355,4.599352335897189,1.0255518962041374,0.6877237941653236
402,0.011957821361659213,1.1886378473359969,-2.0405567108159914,2.189429202565111,29.045987345736815,0.46035676006146675,0.8829689843478923,-1.2257668189411874,1.4579861805787275,-1.1002666957617235,-1.11252684249572,-2.9861336982276656,0.5858996074969095,3.345503234096395,6.566887607786135,0.5592824318804556,0.021089375068848414
403,0.02296620535180656,0.9291050447259428,-1.5811009503317623,0.6461405480731105,15.940074172731475,0.5739708804436032,0.6960998892457855,-3.564123092162051,1.0961801178930504,-1.3758156308076088,-2.047584284785457,-2.1350210947215498,0.6651831974447243,6.164470139056626,2.4368495542081328,0.38068837740247463,0.25778081810709075
404,0.028588753837733967,0.8688416734107065,-2.251745580045488,0.6769408755509506,20.231379865405238,0.3451113409281746,0.6418852516682402,-1.7473537885296198,0.8759206549235532,-2.194853698863287,-1.417343398533889,-2.3525257023968136,0.836610988697761,4.020576476420752,10.61090828201535,0.7966819835853709,0.20628593690272506
405,0.012018263617722241,0.9242731239573279,-2.1205903183229475,1.9639751857279688,27.73459305510895,0.2597763732542351,0.5155532501486891,-1.3536131904520143,0.7697049249261319,-1.1934610700295318,-1.662695176041164,-2.3292107308401113,0.6184810446088803,4.162031425401538,3.0131520845327593,0.5835551859477249,0.4062860885037622
406,0.011080146091053147,0.6717413246134356,-1.6866651230851613,0.07393926208131851,17.644930766526077,0.5864272702574141,0.6363784374019535,-1.050186242670243,0.5770069995042805,-1.9507479148606544,-2.603865295434411,-2.975841064467292,0.6986608196795063,3.6549188525665834,10.480000168817558,0.5392849498101511,0.8719280117043745
407,0.021323833839524776,0.31464644583873713,-1.7090993983460057,2.229292622523617,16.533714122804444,0.38657637457320404,0.920836129221381,-0.7712763881564535,0.9299759147236555,-1.7951519073333646,-1.3703364739910446,-2.1477694140125156,0.7130706064839403,3.728468247961617,2.932715572051551,0.6352259636689768,0.4359801687373838
408,0.006347477959809942,1.1764296213127377,-2.2168061016928258,1.4625465561106177,12.541208088213862,0.20742580171953146,0.565933211485034,-2.456034468380512,1.4406497595869205,-0.54615012932687,-1.4729750213860326,-1.191640131141471,0.6619673349188954,4.89891612325926,7.993047643670343,0.257628558584742,0.3714513139699682
409,0.009595310318203203,0.333307762545326,-1.4342658653209988,0.8234655011206431,27.663606031233236,0.21340914113358672,0.812444685705442,-0.019819922741401097,0.31329427633271023,-1.1843350460962072,-1.8711748316772667,-1.0070774315644635,0.7219710157243517,6.856052966637312,10.468749518127893,0.5735585110930034,0.16862342684879425
410,0.026503405906085357,0.38315305199550287,-2.1005174775323305,1.4411724084911954,12.889837272225702,0.10311380594573788,0.8500504415193801,-3.5752559144227414,1.24701627588434,-1.3383134489046467,-1.562496998683664,-3.5858915480315554,0.5936163950717862,3.441414216796337,3.992498171367556,0.6788540854416789,0.51886514041536
411,0.012818891888627653,0.8865273910207376,-1.3643206357946005,1.6093069250588232,22.432593417195722,0.12769749738881508,0.9431000372398142,-0.23371034123904888,0.917059989580304,-2.1544136090737216,-0.9849887038021232,-3.0163819886498406,0.6501728879700054,6.076495799312819,7.479618659642184,0.367736138462126,0.335133384809227
412,0.025667819359259336,1.0588973677091669,-2.0447542023804766,0.4605357962422603,16.178434948058925,0.4161420307912389,0.6202206116375283,-0.17832601489525013,1.2663644675441674,-0.977034121808861,-1.286473596681215,-2.01092731887808,0.7762312438081633,6.70333498006398,12.593712406079309,0.9481546436889109,0.535689969881205
413,0.006033107724711379,0.6867934599253236,-1.2702195517695507,0.6106416435895399,12.687837579884402,0.16475094110002325,0.8104278203355832,-1.9471189116039382,0.7150341783229658,-1.5792864232715682,-2.021775786958188,-2.3567379420175314,0.7248442146379571,5.916642667627009,11.843483413639852,0.7751163031372101,0.18324081740814285
414,0.012306414230673093,0.5701659926239252,-1.6043002680600962,1.2106266855326424,12.578001622194476,0.2626910104348063,0.5473676608399178,-0.9862310727026933,0.5217682396758546,-2.27454493456313,-2.07447441415813,-3.063790222482992,0.8963550423660291,2.983026126064644,3.2364568296531635,0.7621571660057574,0.5324387628379723
415,0.01164440166314773,0.9628917386134994,-1.6639624800697796,1.9176445089030496,15.688669240058037,0.4046373111588546,0.5041979036131031,-1.6500652033391399,0.836414031174052,-1.173747431470281,-2.71047618979694,-1.995339144784612,0.6128814120731708,6.382122644764116,9.632667775366276,0.5347463725469742,0.7597376469440404
416,0.014448304985564445,1.294679804861238,-2.27629708865639,0.795006856512464,13.241710233138075,0.17039581083509406,0.5954632552390058,-1.5806123289286673,0.6886780679798553,-1.1807119682623695,-0.9329867149990325,-1.9398439695922312,0.7809238906083303,5.299413080801112,4.1625739211578825,0.9888844043027084,0.10325452528013494
417,0.015047143846003832,1.4762594598589676,-1.8394221521959317,1.1998723559063047,28.70375634534378,0.2216303622109161,0.8681087273984995,-0.3044237541405903,0.4917000357748123,-2.041960311556746,-1.722697414521913,-2.510320745759558,0.7325242193917907,5.989797464401008,14.231249881513376,0.9242181469081333,0.8907288563559399
418,0.008110037420997323,1.2105792291618442,-1.4568199273354476,1.8871319947301632,14.642305701113546,0.5328226901950129,0.5915875166834459,-2.783583292290678,0.9825794680217879,-0.7888510180536781,-2.08321567638173,-1.9691596441917951,0.7496227592225176,2.84915758567696,7.310449302608986,0.8343203156642767,0.7218400461588
419,0.02963905071786691,0.5169935054162341,-1.3014088955270378,0.9061558640110701,20.063358652729505,0.5658514372785779,0.858550078411179,-1.7199292178345713,1.3309543211829882,-2.221780645748268,-1.7427158693651603,-1.3040054130843401,0.7711169438919334,6.285707175208573,14.096140769983254,0.29167154301896986,0.5575871315796401
420,0.024638172233392337,1.029164946725665,-1.1195272242250067,1.5387474634653209,23.658353257052184,0.18616302340761554,0.9192341713249819,-0.30557429198984876,1.0083810545439675,-1.6928432244080005,-1.333677032030328,-3.6047170551566285,0.7131200793536825,3.613450893141109,13.484630399354945,0.20562327430428057,0.2778635486878515
421,0.011721151454748797,1.141308881300823,-2.038552941409499,1.999556440795157,19.14546979093187,0.536761226744347,0.5181783851854118,-2.0243597084012297,0.7934746314972656,-0.7415008736002153,-2.508111262259549,-2.1371178524124845,0.7401064193253546,6.398569592725486,13.500233054120049,0.9422984044854527,0.9101084394656749
422,0.010229318201657471,0.939816757258837,-1.6817582500070563,0.6646099116919053,25.85062869395952,0.2663504819408261,0.9440176949720712,-3.3326837842892005,1.1669753057447807,-1.4019904907322092,-1.9280845426241293,-1.9548630045327133,0.8930177454119326,6.018780749439488,12.841969603417043,0.31195276316558707,0.6370508040234539
423,0.00544317500924272,1.041153906161131,-1.3897483678678908,0.02619271612243107,19.36383056010252,0.1374009090240018,0.9330699931418296,-2.342297203924975,1.4805290814871896,-1.0329420774956257,-0.7645046108373386,-2.8269361500411474,0.7979904794081275,2.4348477921168485,14.16480469635654,0.9187207962035363,0.8523494207985218
424,0.012604877575455923,1.4852628035445905,-2.000431631909308,1.340837799338702,10.404215459469613,0.5886619022260792,0.5035162225936753,-3.846351233248287,1.0109710103135634,-1.515798640799821,-0.7751452822495786,-0.8998976700423573,0.7713884332218315,5.706147189408126,5.554108865195048,0.14413407472955841,0.11774614820705169
425,0.005330955587880635,0.921819945943658,-1.1924428174222805,0.8628791882636299,27.583981243420535,0.45481178378913767,0.7997225278763029,-1.3420092242871302,0.3765751259329403,-0.7962069120311754,-0.9279464795457866,-2.9170105210943778,0.8193990377790463,2.2792649914865803,2.8003629926444757,1.0311443091293262,0.09042930137996116
426,0.005186576048189582,1.1064772107552814,-1.1463946076900615,1.2174612724718876,12.133746483186886,0.3854395595743938,0.8886202040651537,-2.4953281782413836,0.7898540507792507,-1.6076404958484354,-1.531672450345421,-1.5564602503420883,0.7369054716185274,6.961019227877692,14.977795463046899,0.6822679976480597,0.7508836849068132
427,0.010400185876377751,0.8560374086697642,-2.10952114023322,2.1426214207212726,19.7626524313198,0.5115014978784833,0.6489923843036068,-2.3779892460422847,0.7250217679329847,-1.2116371698803055,-1.0081161574708706,-2.8440067604542465,0.6932051288139593,7.5486499451338,7.968437808224597,0.05479811615719129,0.2253868292263047
428,0.024164049109907385,1.429690169743811,-1.891616975925475,1.3211659907652324,14.027185923365408,0.39352457347413394,0.7716017775560255,-1.228875865870494,0.516954541183126,-0.7982062694243586,-1.40123609402963,-3.708591026615998,0.8085504346737513,2.2992560439941174,14.855046236175406,0.6184418782542672,0.23301925332110243
429,0.02173591742482566,1.2825819079986898,-1.952114763834091,2.084018749735654,28.86940129458349,0.49082578560953505,0.7359205658303125,-0.06855308268159543,0.5609481532748983,-0.99577581248502,-2.1527960037224787,-1.1880752693959091,0.8682650205896604,5.17002382687276,6.719027805618323,0.9977387898496645,0.6974331803538608
430,0.02122183974648947,1.3972992642117747,-1.5432656522671948,1.4792369741566949,16.56035926367401,0.281661366927097,0.7588652803138081,-1.4968479287596357,1.1498347208212505,-1.157443134297777,-2.5693320850264936,-1.8229550529645837,0.5843586286070581,4.602716252857795,12.783068521691636,0.4916747789638295,0.4201430553088156
431,0.012586043111449459,0.9681454719396616,-1.3276567325206667,1.6309780538750989,23.773773052413055,0.41890086651760516,0.900920130283429,-3.8908979838127657,0.7172294365665723,-0.872510588826235,-1.6764079627249928,-3.0608257932385006,0.6017796336714653,5.9104689125848155,6.514284643510549,0.18897641425533948,0.032034773111213895
432,0.020992586161686262,0.607882777159134,-1.9965625259198578,1.4558437715850323,11.395857722492545,0.3902443598897837,0.8185284666549875,-1.4070682899966012,1.2817205535956093,-2.0199100706535202,-2.168013081645992,-2.718612281325737,0.8486611867331886,7.807047763474319,2.063373981261905,0.8765648201585134,0.33588646588931853
433,0.015813552061948385,0.7590079405305747,-1.6280158172461494,1.8354700903069934,24.65496452328871,0.4960356518453478,0.6259687116740067,-2.9011618801291643,0.7967050868278027,-1.2436469462657307,-2.258426012387934,-2.6736072342239625,0.6202916887495179,2.8363236479557354,8.344263380782797,0.969534425659346,0.0639511699020341
434,0.025099328295394283,1.0800350745052552,-1.5205168062781433,1.1095710702209156,23.26557691375054,0.2879701160759147,0.8161642321487569,-3.3528103794750876,0.4757993425732405,-0.7538043044220377,-2.120760724375353,-2.0997047584424973,0.6751344455021825,2.5335659271944624,11.18255185561818,0.12427395423280363,0.6424682939924914
435,0.02913367206654243,1.3511723864147147,-1.5559873992242892,2.1654078344171883,18.925941809224938,0.35219283946516244,0.7039534212595453,-0.9559441136295335,0.49663165618315397,-0.5224735943145811,-2.388196132313639,-2.503062268567943,0.8345301855859515,7.325923813013663,13.39849985006681,0.44343477422025324,0.4192635031539976
436,0.025724933752457792,0.9847465963613948,-2.0976283613763886,1.322284482938979,11.065230658552482,0.3503112171061534,0.7389732270992276,-2.985016321753431,0.8408711861633107,-1.6392123026197178,-2.4690217713927267,-2.282261331353164,0.7488317387723447,7.962848363390464,7.114465742094144,0.31417492131233377,0.4137587035885678
437,0.021941272889323297,0.6172988663287132,-1.2437096698904198,1.6391368368513977,13.969636562697561,0.576671791963875,0.8749560191854986,-2.0790296393829255,1.4504770249380157,-0.8165806538410767,-0.743519329539363,-0.5319691777245246,0.7477962428430371,4.331554421099835,2.5778647972030773,1.0599880694867794,0.8239962306846697
438,0.009873541121135728,1.1144169455505457,-1.8368708644286307,0.5380142390214159,26.79945273064372,0.3384480577944485,0.6290869381620489,-3.6466283615818655,0.9525530309418657,-1.3113145826649741,-1.9242020520838774,-2.9065265829905056,0.7417758324073793,7.310156930521747,11.461520396903211,0.4838300741659982,0.25406919333126715
439,0.0055017775003130985,0.662382704351212,-1.675038938466311,1.8422044159765854,14.722685628785097,0.4019636322973077,0.8772603044565732,-1.0001197980103242,0.5789357903714518,-1.8276963719321975,-1.922651237622133,-0.5702227050140851,0.7559319809189804,2.0604290752007572,13.226932587452183,0.3408086164096845,0.5291728683151561
440,0.02445146112853504,0.7132700835158857,-1.8578633142396739,1.4102305666296755,21.61054681964076,0.2761661382175631,0.7703431628434803,-2.946590591369267,0.9785295404615157,-1.2172761573158395,-2.9634164958815394,-2.5118864825436944,0.793611969953498,2.1564099423667606,10.6896620028856,0.23912785401539052,0.3463981570254605
441,0.010510674160693201,0.534263889151729,-1.1122914242275805,0.6496130395136498,23.287498480491355,0.47234113119314014,0.77697377443039,-3.5242045523581904,1.2723745241967412,-1.7886225275762375,-2.497957276209693,-2.36148402195218,0.7956567504563583,6.420082933558633,8.240917461514613,1.0438916226426922,0.3648823586883437
442,0.010484088187183709,1.3139180697327373,-1.790867101528508,0.5060094718151914,28.095877341456298,0.43436385434855473,0.5889470052774773,-2.990769611954419,1.3252278016195291,-0.7160983225833286,-1.9075820241091324,-3.3447446561256253,0.8895919499449465,5.690901771817925,3.6853180282566056,0.610316615028629,0.45719318494761346
443,0.02536543277919655,1.308957927868335,-2.214467683786728,2.2158752711519933,25.258689671648895,0.5382726689499027,0.762522722566197,-1.3939461047306878,0.827646552666498,-0.6119705558327837,-1.8383710985556927,-1.8001680010098888,0.6863977299274592,4.68028553152802,9.835060896021625,0.09687138789765148,0.5812614062846471
444,0.009614312150905214,0.5958977021728533,-1.8205237475548843,0.4930132252193686,22.765644433255623,0.41151755469479867,0.5560262004495026,-0.7517030443027877,1.142884343937006,-1.6964594830148445,-1.471234387313142,-3.67554843886803,0.6997863810485332,3.3267532014144683,5.867945431270147,0.17609890999416103,0.9123553905351257
445,0.028517336407063186,0.3057606464734315,-1.1031950571238676,0.2051163456280594,10.150447281856362,0.5351019891548974,0.7286918596073472,-3.4884827198638586,1.0771098946950093,-1.4958378319723722,-0.7481168673868424,-0.5180448279919543,0.6046662832660664,5.514217989160995,12.421999227389131,0.45471575880009774,0.107340303973518
446,0.01972592775206159,1.137294897986628,-1.5469054387156975,0.9201925058734265,28.9515207832774,0.16022997335759268,0.8089522240991156,-1.486845545541462,1.4184140967896817,-0.6091036268863945,-1.0452750699637845,-3.2988219126537306,0.5562899063837872,2.724484677317111,13.748729301162674,0.6487196681141999,0.8553647355815417
447,0.013600298180084073,0.8745932675663717,-2.193025592062114,0.4869340556850291,26.98149789164347,0.44251157289966003,0.9426615785533203,-1.2477824037342593,1.2757565830294615,-1.2287451074977946,-2.4611734226012523,-3.7570854971028145,0.8553676287946732,7.620263158987857,14.261662904224675,0.5461164447492332,0.5995554735239217
448,0.01067197010397278,0.42197436020586643,-1.3669676157367885,1.4332517285456448,21.3221482721614,0.11427163812464704,0.6408951790851964,-0.28435064949856637,0.8484535410544005,-2.212570210862905,-2.8618348819507404,-3.413010424470094,0.7109193264019831,7.977687601566341,10.248533735473176,1.0114154426052104,0.4791146489645065
449,0.023136183219954285,0.4903211661777201,-1.1063260456411912,0.7541128662673734,20.12755219243344,0.4972616328366626,0.5094803320750255,-1.2562758740604325,1.2181411787660674,-1.8734386132897394,-1.0773557581872524,-3.509995482173051,0.5670550901283703,3.1485757763610263,3.9497643172339982,0.6657584573469758,0.5971599015203585
450,0.014605404222608573,0.787688507897984,-1.2278709336195834,0.35052281734684043,10.230824370758667,0.5714927821594131,0.6399392149312934,-3.6248844546632615,0.8970380573896821,-2.179122370605609,-0.9283706662685964,-1.2175131631067044,0.8977951957755388,7.817580207072122,10.183750522912792,0.007965802752995804,0.3573224272875755
451,0.015197893220760064,0.4968831428966205,-1.4302076165384836,0.9967912589491045,16.40988534747561,0.290275302176664,0.5863288410252216,-0.42158465815896395,0.7679721320435144,-2.2864387843791185,-1.364916731330796,-0.8013789662449318,0.6220797638657941,6.941627610738354,9.899353039840822,0.5862129467372662,0.19902621250119115
452,0.01953750477952606,1.461947483347838,-1.180817103829972,0.19345097756586133,17.05768561640261,0.4256634447187879,0.8965291723322366,-3.007438491158294,0.33068328844768546,-1.223293495799134,-2.634274211722812,-3.048818897956742,0.7268991871515638,4.255002072674307,9.862068761599033,0.6550977423048617,0.5557920125734017
453,0.017603946241345703,1.4874033951695487,-1.8846304038244357,0.9417347005551613,15.841498794524039,0.4002979387712521,0.8073994216979963,-3.1419141840157483,0.46148012504331437,-1.0822283189598987,-2.593592431677729,-3.77282303902076,0.6786704486030635,6.597764585317399,14.732973427240298,0.3185762136082214,0.5483214542678764
454,0.007737540853210852,0.5760025567947756,-1.1599569332335096,1.0020588840921483,17.958916173670428,0.2927331206440815,0.8786317786136579,-1.785910002419794,0.8210745288543999,-1.0954669178890408,-2.5340493926512435,-2.552341910235362,0.6414303786675151,6.028321975184481,10.398801152544035,1.0729161922850468,0.33874357840175784
455,0.009668482356057074,0.5003650063262337,-1.507265630978114,0.37872854853987636,22.67982351550045,0.12241582288695667,0.6990002368094147,-2.0546243849611514,1.0411375355911272,-2.133607806493931,-2.0994431532725693,-1.5993960688153996,0.5823745803427052,5.474033069557541,9.357271886852754,0.5338263782519842,0.6627125548821567
456,0.006072853384528733,1.1241892300212069,-1.5225058182789155,0.41008022917836195,23.891881072892158,0.4935893307888831,0.7421306508500091,-2.843692441966615,0.41463659668326464,-1.4700315113732858,-2.827635033454542,-1.505354979375721,0.7834096096005247,4.628728842434745,12.911644482013758,0.5239683969121705,0.6462471117699884
457,0.02579156665250188,0.4964273071670231,-1.6457390452318612,0.6857875218426847,15.574773040888326,0.26496058385936044,0.5253488131130861,-2.7416135458588435,0.4200689795140705,-0.6608335798018257,-1.1398943460822228,-2.948907765640777,0.8069166102818739,2.825650949157763,14.964047778469386,1.0886306038264577,0.5211682527227119
458,0.01592753177126542,1.2569331212489034,-1.9336038079573423,1.0071535661050395,16.255087710092717,0.5182707321830616,0.6007152401990018,-0.8366555415068726,1.470788928362065,-1.6408155479260929,-2.4077097743221625,-3.398122272460097,0.869571373222925,3.6715215369261136,2.7197624971049046,0.07382690029384929,0.42155030838338803
459,0.029406433747039475,1.1576841658785904,-2.0633406853241056,0.8836626897397941,21.846540743428378,0.3155340410097149,0.6800160456825692,-0.5358953935998514,1.120211772187843,-1.3253305577760293,-2.607003726259866,-1.3189301836255445,0.7580620195075942,7.143240490084177,2.3552235037406914,1.0912206524654608,0.4382672307202335
460,0.012153522026183665,0.5387225074518296,-1.9348256168993743,2.0945599988282635,15.354359213857768,0.4590158693221772,0.6271828788747082,-2.662212183332966,1.3419527532803164,-1.6988395099033249,-2.223735857387398,-0.7782287399084806,0.6388639648299284,3.472219208696962,4.979476118583607,0.009643456321031458,0.5452095793289115
461,0.016955220472765695,0.9604482375324019,-1.9145261908704891,1.5297903635412493,22.058723707493648,0.29541938250007754,0.9034127008902715,-3.0326952879365945,1.3354552203711973,-1.951470878664166,-2.339064508985114,-3.8833467287598493,0.666461681775206,5.067301893053228,12.549998072541548,0.2627842584460693,0.31435554225299583
462,0.013908792422619599,0.4292787125736838,-1.9585859591207795,0.23549151511943314,28.48921581310925,0.5481060156464941,0.9448655239980581,-3.4435385701979913,0.5413016134193201,-2.113602057435646,-2.7016906617191254,-0.7364613676351639,0.6777709726145679,2.9436170946954596,10.808063346845143,0.2338036935231118,0.30464381590626755
463,0.02040960453009007,0.3681274755118707,-1.0575616809409423,1.6578789067241049,27.783400632413965,0.10458170424018265,0.8147535803720163,-2.979743008619463,0.47965298441622706,-2.0661687265001722,-1.3769322232026961,-1.404596426898598,0.7444504320908971,6.409489388033652,6.027529775702404,0.8610107005549374,0.6444850981882976
464,0.008764557069426563,1.4375158702755195,-1.743178109905306,2.1194507130298184,10.381702696913981,0.5281140641467494,0.9260743257851539,-2.7657733231992663,0.44414761845981887,-1.846275906775785,-1.064141998120712,-1.4357746166729024,0.6919252404370504,5.735532687077326,12.399757732780222,0.15541707502908578,0.07876642769818976
465,0.01426261729960666,1.1669702885265247,-1.9241909501726746,2.222180892742271,17.909469102599118,0.362447086726829,0.8013307525816471,-1.347772217761082,1.1312232643145708,-1.3612806970632474,-1.817319045000963,-0.9513239381080925,0.6903764534952967,2.095997955502748,3.277086671821756,0.3758979356151974,0.8055872204150116
466,0.018313648548307325,0.6198757789224839,-1.4192423253781423,1.7933039813452003,19.56021124408815,0.17499590909310897,0.8024578192858782,-3.171606421940229,1.3157103331748996,-1.4788842386239265,-1.1104655321437207,-2.4673912473994326,0.705224999214065,4.486180496200367,6.635472660249574,0.3849878943900276,0.4988224487545553
467,0.02316254086748967,0.7495418707588847,-1.2264766650441343,0.5481765694140586,16.216363586788784,0.16599989946489702,0.8706598617452053,-2.558540761760261,1.4943012471129753,-0.896322088187514,-2.0139292792643846,-3.551795093116784,0.587723327557184,7.529480017113212,9.560859379264496,1.0936621424542596,0.537377874348035
468,0.01792796103635027,0.5055484212359243,-1.8827179274073242,2.1823026147654714,18.717139424274873,0.11105380606586637,0.7096921470155984,-1.3079340777986879,0.3453917561407679,-0.5676311080399039,-1.4862117184595953,-1.1444779562105882,0.5866902360898534,5.110256527183938,4.758396907245882,0.7762581045394426,0.41069488399616316
469,0.023674939742390985,0.8498596565365473,-1.8890971386988966,1.4145568134793487,25.99996661707693,0.5852985084692361,0.6028073783347205,-0.7118221634189767,1.3194416548549475,-1.5341693617291248,-1.0519561781693536,-1.6279681377111856,0.8659072962729717,3.9438392853626123,10.63326284859629,0.2738082024494807,0.7687563965553588
470,0.01401776117470245,0.651378443217249,-2.2318147257860446,2.212434384292501,20.163083050198953,0.5644159803579011,0.5143431442498274,-3.6037529386727716,0.7576189299264373,-2.2608723946883416,-1.0283365546449614,-0.6360892110827354,0.5998509069052383,3.045677404571367,12.078721244412872,0.686547454684896,0.02284173402645336
471,0.024788783987175374,0.5189054911685564,-1.211673877015109,1.4739305390692838,25.480882946642627,0.22997236830131523,0.7930491818721749,-2.2398895985483818,0.5700205595499901,-1.3313728302417989,-2.934584984003106,-0.9984057043541221,0.8262182603940542,3.865484021299441,3.2070380652732897,0.9588485833266969,0.2791535122164847
472,0.017745482588679456,0.4873259975482197,-1.5841563323958763,1.7169621618547968,25.95262645786694,0.1333651994603829,0.6515214163165894,-0.04353726143066172,0.306553146038391,-1.7803870676387923,-2.546679573680535,-2.0022217723060916,0.8887388312752966,5.588837767283228,9.114495554058161,0.739388791490308,0.12588507606118188
473,0.016356099267436214,1.2918419714005633,-1.51443952751587,0.14865910262481033,24.442498684946266,0.2966047528987178,0.8635695488417854,-3.7977882541292365,0.6202144361920169,-1.4513183086094585,-0.9084544809922384,-2.178820349312443,0.6295313943166924,4.6099238985729505,14.553434056575403,0.27008890784413064,0.6221699977203478
474,0.019835622077675624,1.1427311071367696,-1.9639131139533101,0.9005876490832466,22.125824780138146,0.38773671442187185,0.6141196287493507,-1.391825601615186,1.3848698266218,-1.6878416667313358,-0.8608547629414929,-1.3959711470663705,0.5617887298407424,6.248775481289433,3.1491594382020245,0.9655258336180559,0.436264834126476
475,0.026693443595262413,1.3452444114783868,-1.7513282543122481,1.491001758495877,25.52059987972411,0.14539792518016642,0.6925332291660795,-3.4195615064292837,1.435538912692999,-1.7791701492710166,-1.0136211883552593,-2.1868627422077656,0.6113824136999797,3.217146567146112,6.89558662843913,0.9835053476533556,0.4859493888116027
476,0.02888735438291981,1.413937099109349,-1.707740305806201,0.6814894291902018,27.203615647279367,0.2720053746493679,0.8674370258625714,-2.4025010070754518,0.3678447779833044,-0.7400296197145744,-1.9378370764867194,-0.7118658212609619,0.6636436785925578,3.2581827540009733,13.68379991989268,0.18066288707051142,0.7137718947394965
477,0.016160752282553266,1.2224026609215477,-1.0645153872887252,1.7645674333209396,10.468420345799737,0.32179826839224,0.8979502779502693,-1.6575949213661993,0.5824568754304602,-1.2151151061187635,-2.1595393542359833,-1.8073302692923714,0.7164337734452226,4.0384585585349235,11.2186220629808,0.05138881383582217,0.2166704163384301
478,0.018193634373047336,0.8390345805329629,-1.61958305007838,1.597134390189106,26.403782851661312,0.1253736041271976,0.5026148160075261,-2.9048201626852013,0.9975253721114339,-1.4992290416591976,-2.688120267699815,-2.0596950465070343,0.7407756613391853,7.23358657985231,9.326468772606695,1.0018846710573512,0.7038739357293035
479,0.013696148612107262,1.2026188300350145,-1.3077164468382545,1.3631980277323277,26.326069291525066,0.42624266932135024,0.5639349384672963,-0.5658542031842506,0.3512180446362949,-1.2546557583985374,-1.7955576459978373,-0.8090475133776089,0.8541275405551216,7.719374643732625,9.926741928024947,0.017820189096541924,0.8901098957975065
480,0.014855159293638846,1.0947606224129875,-2.1176052633887874,0.017839915154278786,26.385634518824524,0.46753777017930787,0.8741980057249048,-3.7650223391924134,0.5616727759471223,-1.9893536864252868,-2.79879531145294,-0.8819679842370727,0.8251198415510598,6.237671695482728,8.064793222981272,0.0668233575540083,0.6016506201068854
481,0.028464415551260537,0.7474267687041857,-1.7967387291541854,0.1540975237896572,14.706372339707503,0.3786031626122085,0.5244718719900361,-1.3631981847745025,0.3968657459406135,-0.8942033551450392,-2.549247634674025,-0.6741107384352891,0.627218655293538,6.543066267204889,9.413337284548852,1.0389810703870768,0.8218543591858088
482,0.027721458073438468,0.7840217482176202,-1.0990937371992895,1.5260232253272634,17.284440917276346,0.3797987590598967,0.8355468066753546,-1.165644781667531,0.4604071010851129,-1.2629640046725248,-2.5637656618564995,-2.487315323733161,0.7007675817258913,3.484235973393589,3.2538256585487435,0.6041147761713286,0.44915193758725624
483,0.016526955996323374,0.8603100456379627,-2.281306742547047,1.27830111298017,10.312626062341355,0.10705470074628276,0.554407141367413,-1.2657855025055178,1.2934205611562388,-0.8376684760374014,-2.474465155542841,-3.8659443315850943,0.605372449585305,3.5314403753440837,5.105861842797662,0.5519669993034059,0.19582654445206915
484,0.007882762508530258,1.006979388917863,-1.9764264785324832,0.5161987528914577,26.450161674442228,0.17705517275588534,0.5938803172448882,-3.6321501583079816,0.3873689458234769,-1.4624332035827599,-1.0174554548609105,-0.934379602418983,0.8622094809944414,5.001708917520111,14.618395840925483,0.5637606488587075,0.1274383046761434
485,0.01130763026165394,0.47225782593294685,-2.0488742020886375,1.3965875533126988,29.103063656417525,0.31864158805402076,0.9358462474127653,-3.243274209185551,0.8158151720769835,-1.747519289442368,-0.7808441484913602,-1.1117121615690988,0.5719393851093761,4.243690566788963,12.880869202142396,0.44130414787678784,0.325194472495917
486,0.015246595631707997,1.0452755692309268,-2.1493419658973933,0.8478864038447629,24.062501644954363,0.5200217166147163,0.5202423916411698,-1.711046228897144,0.7865939178670598,-0.9867494393484795,-0.8547361416388068,-3.4578898251848753,0.7946768511771878,4.2003658228212855,12.236658266540566,0.21098618829338994,0.7230647751569738
487,0.011429713322908201,0.6390028464730653,-1.8298530535481594,0.7027414350897205,22.29013273402974,0.1295573232443457,0.6829584541715041,-0.2721606265741947,0.8850521513691008,-1.7235404238722953,-1.4469064000264547,-3.253249719140414,0.8783211906810373,7.86069159127737,2.525204379931711,0.6790900496033635,0.21330010215274037
488,0.02435042843452434,0.5371693786384218,-2.2713262426701073,0.31252534765318885,10.197452451492703,0.594397320070304,0.9291646602688113,-3.2879064423879205,0.8165773049762639,-0.7584823535637246,-1.4323730013916478,-0.5432653040585662,0.5516851171278544,2.5230860779001256,14.447423216448072,0.5299288692680018,0.47536660196977915
489,0.006651483629230145,0.9817877110690247,-2.123071746579027,0.22085286279982222,15.818442762241796,0.5222914838072646,0.7557119288705055,-0.08409500522013635,1.2579050176547952,-1.0390959649880713,-2.2631005507238857,-2.7114013899070954,0.6404493021015716,2.9989032475536783,5.899938785032898,0.6269989439973225,0.9020954718667578
490,0.008029631354285503,1.2085834320784035,-2.027589544722675,1.3276067300607692,24.761782592970423,0.5726855581732523,0.8211298494232933,-3.225073495334622,0.9366279376097149,-0.6415648384491035,-1.3814207677204895,-1.9219141960655066,0.7503369484824721,6.201358168953734,9.809711104275035,0.08699692894585002,0.538872275391681
491,0.026948644105339335,0.8476802442449238,-1.560416707416522,1.809307370165222,24.352229269631835,0.17515688759493428,0.9468316651053432,-0.2637981708150532,0.5151257515522674,-0.9922756862153441,-2.9738451211451884,-1.4635612455556557,0.7202727789489587,3.8104173789214695,13.801322966030426,0.8687908723753781,0.5158469843010359
492,0.011843481029171472,0.7410257888303933,-2.20256438436084,1.7529212310210638,29.762353369935415,0.43912895143894826,0.6170724929269561,-0.5232875036218929,1.3289279292802838,-2.0559791891463957,-2.9943589377326716,-0.6705677510369168,0.5853085864892991,4.721151750435029,8.553111799786867,0.1461839793080853,0.26222472501733923
493,0.020843232512242793,1.4343370227780177,-2.278867343098065,1.1947810041375657,20.392990939853473,0.40681386897702676,0.7685599816724111,-0.3370780305346144,1.231913979223361,-0.5360750643941394,-1.966353975772896,-0.9168758983995575,0.8213193422633946,4.838474626359659,7.350185205544545,1.0790227192936663,0.24544101522036185
494,0.00842382837597743,1.3618878871486502,-1.6299201514641166,1.0266740632743696,10.66710299677437,0.4717460099075702,0.7314986112416066,-3.3122039196875415,0.9660329973164394,-1.6063204784229796,-0.9028937597599658,-0.7539907088840843,0.735424504911045,5.974784479000674,5.201341116185471,0.8296241602830544,0.9009841998100885
495,0.019029293365153705,0.9130177709565119,-1.9566569206647773,0.09453445153349753,12.676715768007359,0.36399887438484424,0.5279731763074551,-2.537292437706273,0.6277267310873319,-1.231629875857377,-2.4060039516810776,-0.5861992772963776,0.6358606449406665,5.105186592648927,6.946138333771917,0.4607583573494879,0.34226189014352126
496,0.013873414986712542,0.8292283243604373,-1.239527901418136,0.26064373963945214,14.264621236922729,0.4745133853765916,0.857376885545317,-2.508507314751588,1.2879486702871958,-0.7931846548774018,-1.7272653937269855,-2.6877101828964856,0.799676644535737,7.193281592562153,6.211496095505887,0.9716917839203578,0.3780678889260618
497,0.023440002962555224,0.3842035290377499,-1.5173268304758665,0.20998076125275078,19.538613588720477,0.14797350952537544,0.6167402049235381,-2.6055020766838526,0.8002689185237737,-1.8205157757818295,-2.392907525292309,-3.527662992240071,0.6870693321471082,7.502594714683994,2.283471261384355,0.028014817869313587,0.6345731489154773
498,0.015486230640443709,0.6464305998124364,-1.6970847668689788,2.2036368727739335,12.284918333518716,0.284649293277785,0.9088250708415733,-1.9699221053479326,1.0365755328458555,-1.8139863465796369,-1.3121630844216572,-3.356573822945819,0.8240621970134867,3.539885942799065,11.571424923203598,0.3335322235039101,0.7088703473690119
499,0.023241041872203532,0.9529866725916933,-2.053780787201671,1.3067671771346705,12.954254528237046,0.1889342177970083,0.937484735269594,-3.128056551287893,0.39882551896760654,-1.9818765154606828,-1.1028135749069452,-2.0161918116816127,0.7452853461792638,2.393260055613042,5.579890948584362,0.3945496589006469,0.609252675981485
