draw_idx,hiv.beta_m2f,hiv.rel_init_prev,log_syph.beta_m2f,log_syph.rel_trans_primary,syph.time_to_undetectable,syph.p_symp_primary_f,syph.p_symp_primary_m,log_syph.rel_init_prev,syph_symp_test.rel_test,log_ng.beta_m2f,log_ct.beta_m2f,log_tv.beta_m2f,structuredsexual.prop_f0,structuredsexual.m2_conc,structuredsexual.dur_sw,log_hiv_syph.rel_sus_syph_hiv,log_hiv_syph.rel_trans_syph_hiv
0,0.01813567173357631,1.0013658106257957,-2.2534312469955373,1.6744129560342578,26.749795422895986,0.3021103301638011,0.9104917490129929,-3.163241283645517,0.9223097063437249,-2.5814801567836674,-1.178134848160049,-3.299263565255996,0.8132965427790205,3.2628258895511655,12.764467143015834,0.7223719068112979,0.4848908790136927
1,0.027903368078243403,0.45524418848081627,-2.092179683456945,1.512672023379198,24.237602401821427,0.26264884526696797,0.6876301659877679,-0.35873331855757806,1.230696149476577,-1.9984317905062703,-0.919154945394224,-2.9430435414856806,0.8012561136472591,7.629333138241465,2.4917305122688362,0.9769852220447969,0.580285201600963
2,0.007361927834587187,1.194047524371499,-1.2557429407101628,0.33609581435948804,11.390091758402912,0.4573987350181703,0.6497940511582153,-1.7995012155567167,0.5359698765308806,-2.985036288623732,-1.4649974660774225,-1.136692097187881,0.8695588336278361,6.453660099620066,4.811807011978635,0.4802930663318618,0.8793466865061663
3,0.0117140923283647,1.3471500737979598,-1.4730985217066834,1.850550827763899,13.873188895814723,0.2811246353476905,0.7076245302513827,-2.17715912963169,0.9622305095804522,-1.2618791142679116,-2.5994557079568894,-1.150579928336105,0.5700157708031676,3.1059390546165444,7.575516569275975,1.0109394016398188,0.49983550874264754
4,0.005389781792920851,1.0372526161190987,-1.4460668507733547,1.659988439947024,20.89533318895047,0.4099091421950589,0.8085126644063811,-1.6998325751774281,1.3029052129455352,-1.666477989081807,-1.391666775174309,-2.733892106107351,0.6789073490361149,6.759361891579703,10.733926044154437,0.3951605723712066,0.3382707024683642
5,0.007782359014180748,1.0949797634138683,-1.3503749094327882,0.538236419087699,14.77104677115054,0.10375569720872552,0.9454226823068876,-1.2174543661387496,1.4356402223455353,-3.3920775135724774,-1.0624755163567685,-3.0287099824608807,0.8881803928558875,2.285341257066155,13.246033031196989,0.9823347441111073,0.2866218128285357
6,0.019976959794928018,1.1092939479964559,-1.524766067862187,2.182571836767958,27.61100103563065,0.14176218592001033,0.5985592314480287,-2.9660399884472293,0.32502171329941726,-1.4658372545929055,-2.7207363821409336,-2.9533562892302974,0.6006451243806823,5.6586319707834685,3.4754098446033206,0.9182180113170355,0.258643807551609
7,0.01141258380838678,1.382308368771643,-1.7194162012160206,0.3647491413428361,23.069832386066075,0.28638745945136723,0.693077748098894,-0.6776262025206918,0.9477575164567673,-2.67559768728196,-1.1636048210606653,-3.5949652091809163,0.7725621429674936,2.5530739554462616,14.381089904734273,1.0669520442118308,0.1693824441124502
8,0.016438741349838526,0.3037223543092161,-2.1709018113550935,1.7239144959207695,21.14427300648657,0.5791554612629702,0.8715228060738446,-1.8219995310866341,1.1622345642948433,-1.4811417215436058,-0.8597888383896501,-1.6295102643562238,0.5970928969181123,2.7906583659004647,4.644051481661503,0.757015993656787,0.46491636982582224
9,0.013105165423305257,0.6697601848670416,-1.6309572368239529,1.7060277278776987,22.0675609822227,0.20310460756415116,0.5312210462433337,-2.2249889504576412,0.7995938151432596,-3.195507651212286,-2.866587059056468,-2.4542370682354084,0.7320908489705676,5.766267187720679,10.977570589013967,0.668201215144427,0.764321332873009
10,0.016919653163616245,1.4556065121864734,-2.077266659631236,0.7580361040181705,18.731254735110102,0.2692501500121717,0.7400141371068338,-2.5757370726135562,0.3324053725943661,-1.7790272446499795,-1.531504265632086,-3.3368395724029503,0.701439414898351,5.522012325312733,4.7963658894216525,0.9510837777307024,0.048903201800384224
11,0.02265161981246512,0.5951902898950997,-2.229382431032905,1.7458140047014914,28.57823415409412,0.15574635955975008,0.6023698747867674,-2.530742413552761,0.6732369617446909,-3.0727695780785313,-1.8421829013533815,-0.920547429983976,0.5550752186475538,2.3108086075141725,3.7321453030738425,0.9621226719474072,0.6672626505504979
12,0.02482001521230534,0.9217416989462817,-1.5598525961161345,0.9978323054743772,27.77054704453281,0.4914143735250117,0.5359049913352282,-0.9999923528600765,0.46004338924261967,-1.5904090116503005,-1.7311441381874997,-2.9695191758540336,0.5580548742473677,4.184536152794283,10.918748992251105,0.4838516788402037,0.4045956636536092
13,0.01387554103569576,1.3749464357457721,-1.3268872549043804,1.8129506228655778,17.70004644103187,0.10917059534281313,0.8029123911460906,-3.2063845565848723,0.8346041307554148,-1.8080172489565904,-1.8592128153272822,-3.468022416454705,0.6430946071452022,4.731197860697049,8.832415271617794,0.132088077741822,0.2880234641452682
14,0.020860167112335265,0.8660445494416444,-1.4644743647268392,0.5500140023022277,22.84753048897717,0.2638733743913617,0.5740423242068952,-2.5716329636764024,0.709519123381207,-1.5974525054692301,-2.6179826751462443,-2.5217000985162548,0.5951428354484813,6.613602282274718,6.539535984872552,0.49642723007464507,0.3884746669624085
15,0.00843696622023136,1.3506196962057118,-1.7236297114590395,2.2024680426109957,27.84769226377976,0.2082298978432766,0.5070154497048229,-1.690922582569549,0.7171559867173326,-1.6985603839701908,-0.8372817401928008,-2.691552588000177,0.6136581235856997,5.378113623590948,13.741148909827539,0.9961494749320107,0.440283860129901
16,0.01697495773191491,0.9921861312884805,-1.0650075309625908,1.7935848313798604,29.558598608324452,0.34726099394764665,0.8261503254177777,-1.357524407811578,1.14507068784118,-2.9031550815852123,-1.0902277273610932,-0.9847924833974777,0.6109633612072822,6.283009728796737,12.21174409897823,0.9053174961309034,0.22175567169571295
17,0.009971360198652201,0.5675971868215612,-2.0944794873973787,1.5681480449092111,11.448006566395538,0.4521656054375449,0.9002096918497144,-1.0584802149357575,1.4054202734541208,-2.4072553046922374,-1.1167468290157132,-2.1023090021696325,0.556597216328939,3.928675726184419,9.843785009923005,0.6335423770208537,0.5950081842580398
18,0.007762069565094055,1.273917630624068,-2.297289067426037,0.317427532560407,18.96982612205766,0.293369060238198,0.5228135830718158,-1.8332912485971882,0.8360642936649312,-1.2246269175697897,-0.9646537035754004,-2.6322045153697102,0.7154602835393233,5.570175245939411,5.273033673019048,0.26844369246430905,0.5680279499739594
19,0.00891310382913811,0.8363370467008315,-1.1134572704261825,0.27036961451730374,10.1372138777529,0.32649125114618194,0.7501052129343163,-3.65073161516211,1.4246573592602756,-2.561589182835867,-0.8866263463087414,-2.696216931794894,0.7344084886737517,7.81111600710605,7.7741314147374805,0.6390828066994889,0.2804958903760333
20,0.025644133992903755,0.5787838412081006,-1.7883407271990268,1.0074077747462633,13.19423802335705,0.41469323189732255,0.5449239622846975,-0.5180280812822429,0.8453821912126018,-2.778681074132474,-2.364912960179791,-3.5402889565761946,0.8172127891309366,5.761546154940344,14.403583655588365,0.5406547999143135,0.46166738774235705
21,0.02046977906895764,1.3217083028460803,-2.287132051695244,2.070323616119645,28.206667076096622,0.19760581479535522,0.6617226336930776,-3.8963358318595036,0.7909361301158562,-1.3602842647631541,-2.9645284925150204,-1.5551970417413639,0.606916339893849,3.6853168829409113,9.55683690809391,0.8062793132281721,0.5965779840312615
22,0.027542668599319527,0.9423763665354439,-2.0258222610802057,0.615970681613673,15.07895580116422,0.5758802667881062,0.9313396448527138,-0.3945314294560287,0.8835891170190981,-1.982183243712332,-2.574625309300178,-1.9188891652961906,0.8640246208693638,2.907576738119474,11.506368156164427,0.9024828235240282,0.5586918090885609
23,0.029071266920183178,0.918296507067806,-2.29984113523531,0.7943854702109424,25.957385599088198,0.22504003642975523,0.5891471606129935,-3.4601429078168726,1.2947737820714909,-2.056597817526585,-2.9367883488061053,-2.5772505461726656,0.563430323032317,4.769574775929796,8.995793496659793,0.9653126749561425,0.6655243966397119
24,0.005402658172749384,0.4381023767860841,-1.1513622115252142,0.26232262479112656,29.159203019251645,0.3574769430015745,0.7952878969791608,-3.625148504653606,0.8616650121563214,-2.544146924790444,-0.8210769781985472,-1.07243736717398,0.5589321234177164,7.557398295206996,3.3375081902511807,0.7693373793752042,0.23621580739239983
25,0.009052754018170173,0.3501711387571781,-1.2224974817833958,0.8586156593307763,12.906897305025481,0.28548098837543867,0.5429019188659957,-2.6824728514588028,0.46580741457946395,-3.789449266867619,-2.6524622479183253,-1.477448772359926,0.8296912966480268,4.690531446520749,7.2298138945228825,1.0223630547597355,0.42941418908678664
26,0.028130769592179965,1.401950348861915,-1.8695645474979874,2.0856819904299524,18.94500100952841,0.45535644449954726,0.8572325857420375,-0.1640293166124871,0.8873897945511693,-1.9089174440229142,-2.5697808949755574,-2.4876988888666567,0.5978638811879674,4.500123289199026,4.329431706253718,0.22598391354781056,0.5181202811031691
27,0.022004157858724598,1.0360189038855239,-2.1148654275445797,1.5068256890188416,17.825315814059902,0.44028088220451855,0.702981575209376,-3.664168893011476,0.9832356099384454,-1.9020434278754137,-1.7770168952656895,-2.39407396254641,0.7720978644667043,3.4423692950904283,12.599809233739547,0.9787780925424237,0.0225141054611451
28,0.02033191331513829,1.4895393878854286,-2.206460755144293,0.16876002266721107,16.18934038939545,0.5940972958569245,0.6953529548204368,-2.15742003821644,0.5608928521686156,-1.4284365839422142,-2.030066189612531,-3.648141753491502,0.7999858866453093,6.652862052191303,10.297116294682096,0.13082186228569473,0.7534359716896426
29,0.009196753370276976,0.3891763997918825,-1.7646406372749066,0.7414957857588308,27.48566410268851,0.19564441608455346,0.8488566607610829,-0.25750671506812983,1.339124226541335,-2.523620788157327,-1.261511438407835,-1.951406953649592,0.7461592106199219,5.590091922583996,3.8802344602457834,0.6490513553513086,0.28446974765295807
30,0.01715694237463755,0.3362402828176398,-1.9042227921080386,1.7491746030699298,18.325244222782338,0.4029846279888354,0.8744344300772502,-1.4078135988190073,0.818559600202442,-2.344379942667202,-1.8924807434411053,-3.847182255362947,0.8406284451961585,7.995014325127318,11.937862385925273,0.1555809820948039,0.5518827961978091
31,0.007269936075557109,1.1713677558691713,-1.381643392617904,0.9352577966485772,29.83083069756837,0.46535293868514915,0.6314185661820044,-2.336734347265594,0.4258987393384832,-3.0145888814072315,-0.9407072676889259,-2.1622033087026953,0.7425457749735367,6.2777195209046,6.94513925589175,0.4232971833795545,0.12112259507957016
32,0.005063873726829319,0.5358650953715417,-2.023292449956612,2.134478128165839,27.82432743398267,0.30480967285368793,0.7357495303819366,-3.340878742874554,0.3394768496235662,-1.2512595280115804,-2.192673905957681,-2.1601289216654704,0.5584956585263953,4.8739630520485395,10.856757678792818,0.5358537098948748,0.5321137905572689
33,0.01897586886596307,0.831255426666617,-1.6413999291334818,1.4064673951638378,26.937549151948122,0.542036808560012,0.9278986519813447,-1.8400728087653544,0.9498151062368687,-1.2081478142685875,-1.6330250475620018,-2.606071224578602,0.7368113678355821,3.716838538188774,14.76297439564367,0.3181994421400552,0.12992329108813422
34,0.024347426283762914,0.6838474949792838,-2.162575313615492,1.4841044948143556,16.699726758867996,0.5024583475773782,0.6430906564282817,-0.019987437757535975,0.7986854825890898,-2.655589145515314,-0.990107897680887,-1.3155257546185006,0.8720254785615376,5.208757912889509,12.378063779729358,0.390082717600537,0.08999233525524934
35,0.018040661142136254,1.100617030267604,-1.1180244861763293,0.6245427467783058,11.617905892879168,0.2786548733720959,0.8182648486910212,-3.390847028646315,1.151197972356118,-3.6685660323261025,-1.5169051381356324,-2.6431229706480144,0.6886007420092072,5.876369827230517,5.085623192956982,0.847758409865354,0.1861881396737659
36,0.02823564097111892,0.6687168676787973,-1.3479887038480372,0.4148389534609569,20.36320576850322,0.3348978837932871,0.7121784051877381,-2.6600050501321455,0.9130047437619262,-3.6224933691332026,-1.699425030981612,-1.4218895317231457,0.8660614639935879,6.830896235845097,12.855839305525175,0.09096488107492638,0.45413650930929383
37,0.007467039835527533,0.792602629399674,-1.1702020269666051,2.170221100806666,24.211582006258396,0.11640942659554505,0.9198363752646197,-2.9750771937372438,1.3654741867738336,-3.361906354248064,-0.8420107110253539,-2.153162826819484,0.586157066933835,3.0599447315928345,12.418261878407845,0.5561205113746491,0.1609962872651068
38,0.007689881600325932,1.0137175210259404,-1.356600190613137,1.738672505831172,20.123916682357194,0.5675335318727394,0.8679466182330604,-2.8266439019150718,1.099524729084037,-2.1406716286359666,-0.767099257394062,-2.1719940594426506,0.7735728652167473,5.64284649134118,9.605447920296175,0.6768658375266392,0.18821283860612967
39,0.007978250889842435,1.2293149509770847,-1.9814864151071943,0.655333077226226,10.070451340600965,0.26240798201700705,0.7441878578076264,-1.8959993698880773,0.3123892627646367,-3.1365851347333917,-0.8987487660432243,-3.2829414284605383,0.678653019790727,5.132733824925783,13.127114691513825,0.587588744474775,0.7914950738350658
40,0.01905444416277263,1.054165636267894,-1.53628573544894,0.4923754482534002,28.318875133268662,0.30299363596389267,0.532405491530242,-3.2458873771339016,0.9566674627312353,-2.126702530386773,-1.125687625313859,-2.726948510911389,0.8487881419600809,5.556071116592741,9.399443739870271,1.0859676904670332,0.20173897892626577
41,0.02236073743139635,0.3327019955454248,-1.7088168115587292,2.011859772447048,26.43439698325039,0.19359581032283632,0.872236773391688,-3.339802035162943,0.6753523268079269,-1.2327097286665798,-1.8705867083115943,-2.964463750301561,0.7547729373825518,6.359811578674378,2.1993397348042016,0.2524599865302063,0.6141287571984482
42,0.007959942925183547,1.4800786817715808,-1.9198426752887663,0.9695790609831317,29.404204987907764,0.21689016806358924,0.543390561469928,-2.5436990751176776,0.8027386873662441,-2.495125733088245,-0.9935954623209708,-1.4405471193964234,0.6565098304190462,3.2470567374847885,7.027908165560168,0.7080444334244199,0.20285263562837014
43,0.01700900920337458,0.5992050899280521,-2.2083947300618343,0.3533988656439931,10.173257491428627,0.5900594018135894,0.6840102584791148,-2.987095687596409,0.6055661211516519,-1.9973546710984207,-1.7290129179084543,-0.8548841467602366,0.8169771343799888,4.574269144756685,7.898730681757829,1.0804225545168398,0.4823780547932436
44,0.0244209820033024,0.6736129711068725,-1.7337206237157958,0.5711474049542552,19.437555755652344,0.11873273993712843,0.5713455402934928,-2.3515465172117596,0.7869521850554089,-3.3705704063440587,-2.945686464818905,-0.8538540730170205,0.7097576686568821,6.068318632166041,4.382087292318785,1.0332963145313496,0.2143252509603207
45,0.006995195384096285,0.7181243046134346,-1.724523554362023,0.5870340605571885,17.958533494545303,0.39106534183555963,0.831857862004165,-1.4871581787216788,0.820142459503689,-2.378384864697822,-1.8068480554996622,-2.3484154552736323,0.8040963970523188,2.2655718788396895,11.90124797498353,0.7964777109579569,0.3661322137464832
46,0.02830708676075599,1.183791255657276,-1.426822715625074,0.7523989676731383,19.25175386453317,0.5142547339336365,0.9037745433028412,-3.7541740536028985,1.2068012424395982,-2.1985455020985127,-2.4809119680849254,-3.667603580669574,0.8647763415555934,5.71339066640991,11.091772591230512,0.939047486250218,0.08265051043559701
47,0.019403931034832983,1.4431002658373002,-1.6174565118965984,1.1000226890735907,14.858898167718126,0.21713042812108163,0.5477847821128439,-0.9975025300435192,0.780993044173163,-2.8773131957360603,-1.1677269385986122,-2.4463739388015426,0.7568017348116509,5.544286289439682,13.919310911856185,0.5290802103228144,0.7341168405551051
48,0.009099843855213566,1.1953837053588836,-1.3316148293607797,2.037665557642804,16.67712649232817,0.16918072094227676,0.85765248481973,-3.7418066714651,1.0854672999189612,-2.904993873948146,-2.2091033034379155,-3.0940111455798123,0.7467014640416634,4.631720356788813,11.077124501072237,0.8896989223084115,0.2786012707670612
49,0.021622339697221934,0.7578569038327849,-2.234560709540879,0.05891438940925714,29.48261563352203,0.5292530309925098,0.9371057105473255,-0.8535902262616006,0.5149497171074521,-1.5531956730694962,-2.641330330487795,-1.6515084645329008,0.5680660679238452,7.704079088841428,7.937718327880178,0.5450586021229054,0.3516495182400317
50,0.02657820589427906,0.7270654607067878,-2.290759374952571,0.10307655634599824,27.518816771124566,0.4450249648280217,0.6162773139955623,-1.1090593662968815,1.05811572107719,-2.533793743924857,-2.2449552658599816,-1.8761529063150189,0.8421828760871534,6.755429253408238,10.032621664625182,1.061569147833814,0.04979911597656081
51,0.01741563649797118,0.5611801878922855,-2.1298569331564674,1.118837444610965,17.209850799866878,0.3864689721070115,0.6423580124463807,-0.4113721743404142,1.2143763586066516,-1.8536974888678195,-1.9077627590208643,-2.095955775221528,0.6031754181279246,3.329741833810795,8.899297107017327,1.0542080758355297,0.1551747239140046
52,0.02979888815932748,1.077035032003497,-1.871680806243583,0.8816323950593811,11.106261077344758,0.20605189678420294,0.5654766365572864,-3.5888154786923656,1.2413632195610553,-3.3692203587394394,-2.881781502521441,-1.2093005036987976,0.7453995851166966,2.460849479619918,10.160678299856007,0.8631049759319345,0.18252112056527525
53,0.023079534694318813,1.1103589306753465,-1.6823063057264267,1.0341882928955157,11.959240645480103,0.24785156947843265,0.6773322167235196,-2.615537592499578,1.0869757471179806,-1.2200307126736716,-1.7245213527944954,-0.6453251884737128,0.6093725391589683,3.1975370298670454,9.083338754638309,0.11730777060438952,0.35742045646771464
54,0.014202486869622801,1.0007039623580234,-1.958896215130708,2.198309964983651,17.91059563080636,0.5200056191626011,0.5958596549723765,-3.030199013985573,0.7931600860059559,-3.63119741520679,-2.5881495409273922,-0.8410557242429673,0.7938064401075636,7.768369930545057,11.78365069125996,0.19995728995329287,0.07930745659861223
55,0.014006768495533735,1.2800633328344777,-1.9007549287709051,1.4491852755313253,12.84292333777473,0.16468251798468353,0.6686380489082033,-0.38611386076716725,0.3108650821613737,-2.750485832148704,-2.252209155495838,-2.060685189624367,0.730305956016956,6.5994082006154935,8.702056033263306,0.29645458861448454,0.19214473215137393
56,0.015176795556953868,0.35877975853297345,-1.1072794366428151,1.0931134830734666,25.00127909068211,0.4687151455645856,0.6123607883848299,-1.1062130428400234,0.5477950981841817,-3.362515006362763,-1.6853651929338236,-1.854668483338409,0.8101870794659991,2.527518673525714,3.3911791580018686,0.5444656389888102,0.21250523419195919
57,0.021446997734279178,0.7766051233287972,-2.28961790430072,1.986347321307521,16.53749509820733,0.42646347950022967,0.7811204496647479,-0.5131114945171196,0.5325579126576399,-3.592497748749298,-1.2282719092798577,-3.1135584608255744,0.8286868019156645,7.323177378088891,6.85975849507849,0.1874213336208544,0.609702343281386
58,0.02999383506766081,1.2438357081652855,-1.6455031828764737,0.648243721156264,26.041525015357337,0.38126139480248855,0.542196589533843,-0.27372488205603096,0.9822404608938384,-2.3406747350412034,-1.8950233361145892,-3.168757005633294,0.881318445099564,4.757156779678904,9.568537727612222,0.19763486338935035,0.8416871839275721
59,0.009383940936049034,0.8350250891235513,-1.2003886175001492,1.352633032984703,17.59914965375079,0.5083114539462918,0.7712144670786125,-1.7391138712488767,0.3273002281154973,-1.578884270279877,-1.1869108335000895,-1.9065931430143603,0.8365181861225188,4.674189835251866,10.010698105199744,0.8857639190702906,0.537651222626872
60,0.02177290236631554,0.8523728719001236,-1.3907163418565704,1.997773876155376,22.52415454280081,0.16688839329188387,0.5877896706142045,-2.0755935881818712,0.5338308776912812,-3.263221853078024,-2.3720904483563503,-1.6046957161919235,0.6487521265751603,5.048511465014734,7.33584990858214,0.7978527036302093,0.18923661534001587
61,0.027216648896679983,0.8866528715250861,-1.490178281802823,1.7076826687085445,20.818256152716845,0.22345571695883376,0.5335436221390553,-1.1853888623551723,0.8666192804876369,-3.1975720204372236,-1.0812212974914877,-2.1033088001067313,0.6081858711940271,6.728222538517753,7.7437098806670175,0.5531127335490125,0.2671010106907765
62,0.0059474488260980694,1.4502037505524268,-1.5800787900127458,1.5786496882973633,18.610511098658087,0.4877733981035729,0.7614905504108362,-1.680424761557652,1.4080462452429288,-2.900518551892982,-1.5123125450753157,-1.3342563957218214,0.5986714058190505,3.8215288136949743,12.326691349963458,0.024355089905628537,0.11527912058517686
63,0.020631477353578585,1.0381248520371915,-1.5331791535656,0.5942540572157539,22.627561959582945,0.16556947098731128,0.6806226525161138,-0.9061983476101823,1.2655796412222509,-1.954651825819726,-2.6366612784795462,-2.7009975077408264,0.5888653643668603,2.3222589585244817,6.797763583906779,0.07061323587766238,0.00812936067996333
64,0.020798596532477415,0.8101985069964655,-1.701946646353144,2.1626138316015617,16.371044721030955,0.4047839879197932,0.6688530340987419,-3.3129553308463335,1.0055718576229735,-2.289110155393171,-2.847038887795769,-2.092532930479875,0.8464335899382451,3.7638303888342284,3.6130200269079724,0.9187078726730867,0.29013007530341656
65,0.026923106695579766,0.45204407661307866,-2.2385324502587762,1.5574882471464233,26.59061543540303,0.24662680013087013,0.747037033127661,-1.0303605179440463,0.45064939137052323,-1.5357137217425452,-2.8216398690714324,-3.73581863006346,0.6143202527895139,6.022217103290389,5.82544773108496,1.0680754600367177,0.5212399187340844
66,0.007883509595164047,1.315405393887298,-1.6657711105486719,1.8693386620102945,25.036170218743635,0.18766331910918807,0.5318945316458787,-3.2798935060840964,0.6511860428046443,-1.6003786837106158,-2.3350420062552133,-1.0923276574380525,0.6602238644389258,2.797017294872575,3.406630678441693,0.44600906212354613,0.14633585441120403
67,0.007148791275119805,1.0795358776764452,-1.3689517440599537,1.0275146409102738,15.733816122482764,0.48204768226859207,0.8078039990646604,-3.7696011089076245,0.6639440585241587,-2.110360419110771,-1.9402997466777734,-2.552089116270575,0.6587430983750623,4.788271682392465,7.765557892139028,0.16626797314628533,0.6581218108376926
68,0.02579772657855064,1.3234937682947112,-2.1101831015553127,0.7684798033997703,23.917949417854544,0.29280965961586614,0.9254057649998295,-2.8664796227937464,1.1364466111358882,-2.223059585334065,-2.1144898806244736,-2.3105844244845253,0.8808367946139908,7.693710045424277,12.884070222674902,0.4403159924269329,0.04160320282364603
69,0.0201098068399741,0.4330723108718291,-2.23337036771074,0.4717661209513442,27.965421278994896,0.5122462953266229,0.8787186150597237,-3.2524052368604397,0.8256619113159875,-2.396828143870313,-1.6991285965644622,-0.8298475182463934,0.6250941528930273,2.9424597704307036,8.762260854594295,0.1500398090846607,0.33596572687671566
70,0.023548850570886303,1.0641005124028353,-1.454745615366523,1.8486704567039889,14.659564487695771,0.21975023835826585,0.8953745042895724,-0.9851516112104441,0.38193135057035843,-1.8564848106518728,-2.904902247495734,-3.894515030612199,0.87640155795768,5.77435462362051,12.8023841424773,0.09437980218655904,0.8411323060137008
71,0.024312131579225335,0.6845742327333253,-1.3088121129611086,0.5208114500664113,14.59599116930447,0.35209235144557216,0.6218558575758029,-3.370105850014397,1.0732286074217086,-1.731374271281581,-2.019543269445113,-2.792247907434659,0.5917231828358798,3.0317682342370826,11.635666414104195,0.06841943840693489,0.3236650005749685
72,0.02012922391579993,1.108701086822738,-1.1600788737523635,1.970095042275603,26.276179506576614,0.434225121149467,0.7812916112892743,-0.01886892369042359,0.5908041803760025,-3.4656044522073417,-2.6261622080940876,-2.5083322281917857,0.8164857164699193,3.0352424323847713,14.880402701784622,0.2503607062279405,0.08921299860953455
73,0.023150220188995766,1.4232844710977492,-2.1076623833137726,1.2347577375934515,10.83981321046681,0.27504028661960545,0.661041307388087,-3.049743079711532,1.1008218105123586,-3.1376282060176264,-2.690833911087326,-0.9527992710239999,0.7062076001195884,4.447768437131032,4.526248685782645,0.971021493516287,0.6218885070727893
74,0.01751354021621867,1.06471159368554,-1.4522425397172642,0.7226011496101343,18.99491342865015,0.3181564710978577,0.5413911783868629,-3.4651473911316546,0.7179613008578365,-1.5623629464801314,-2.4844656507590503,-1.9820136659684373,0.7465438018444304,3.96589880118905,11.162309786430004,0.5062603477447623,0.38978009996904744
75,0.026098814148740632,0.8721098558137363,-1.865081838121424,1.1668623540917864,10.73967649002693,0.12157200238740232,0.759156988485847,-1.149867505159715,1.2904731283397826,-2.2904386240387575,-1.0677526645546058,-1.4584554386988153,0.6970847154895267,5.607309217807256,13.319441492828433,0.6206311030370433,0.8696746298306869
76,0.014969496828047987,0.3655330680730653,-2.236099630707155,2.1565574128391694,29.3708450961243,0.3625706767606247,0.6220666653478409,-1.9549539548482175,0.8536709402037799,-2.464052596696437,-1.4179364523423101,-1.4441029009801736,0.588395702767851,7.884657702216765,13.162432569882599,0.05202815777670981,0.4199702557126132
77,0.01640275140706734,0.7131218050618706,-1.7926548766075132,0.3962186674732071,21.84743510615192,0.17593439169361957,0.7300443274842301,-1.8902988822384965,0.4818733268415204,-3.7973631510209787,-2.95205924348479,-1.9653145376474748,0.7119918313656036,2.3954945320923033,7.945428359618802,0.05355059230639154,0.7230042049077199
78,0.022110881326656485,1.1003714882048192,-2.1530033559929813,0.24542893452236983,16.043794440813816,0.2194987154717892,0.6705562270736136,-1.9154692014279564,0.815376858789983,-3.75530338410173,-2.7174253435109845,-0.7937649664258251,0.8931249905611081,4.972343665833915,3.926739131089644,0.1345802166041244,0.12767057679980554
79,0.008132011211562696,0.5796678259740855,-2.2090191100785255,1.8776265992388854,20.2078953873733,0.23255742153614228,0.5158731291109618,-0.3737627054796606,0.44039997550685994,-1.7244867240050779,-1.8331686976160857,-2.0842873214565705,0.8068227608167042,7.148397587930638,14.500709654572427,0.2345792391114695,0.5451417952636269
80,0.006774384816137103,0.8073867313118146,-2.1939287316760283,2.0691053091268414,19.86764863051354,0.3436028924916672,0.8210983417721507,-2.33988317108207,0.42768445788448106,-1.2053990795863139,-1.439275924663454,-3.5970404455103986,0.8587412224822017,5.304597751142943,12.829323448201873,0.7646209992708336,0.05041560257386967
81,0.012705359789388743,1.16816889733929,-1.9319542760802477,1.2604453268071136,22.439253338117698,0.5129177182641157,0.717085002691426,-2.0331374885397606,0.9399891977846144,-2.9900041510491744,-1.5523738132995426,-2.8351044794606413,0.790800459317801,6.6676724418023126,4.929862765728036,0.7503442542976778,0.2552169779509159
82,0.01339229077473959,0.5255010097225143,-1.4126874892747034,0.3255139853914871,25.60303099340041,0.37963774272668993,0.9176725762388309,-3.6946251073272003,1.4135580404078798,-2.84346835336322,-1.3126203139640578,-1.366986603595636,0.7904969509061055,4.000778808092382,13.385486850594406,0.9997166616242824,0.41379090515857686
83,0.02155535005983248,1.45942053710751,-1.246364120982227,0.7293299979885411,29.568280490935614,0.20113414502594282,0.5146698299820373,-3.578424303929455,0.8550195255059267,-1.391952843898891,-1.389905910328063,-2.004556984754503,0.8701618737843206,5.699090074844856,7.872168676573924,0.8738054781713244,0.2698248801507893
84,0.018538386772384417,1.3655085847761685,-1.237885437528667,1.6266225229886875,29.924188562212123,0.5261758977796219,0.841599075082365,-0.29604725952709954,1.0929112739647013,-2.2719087699512333,-2.716546597353799,-2.410902039935762,0.7901639821462776,2.079585294852421,4.0643732719490515,0.7827686759963874,0.6609065437185192
85,0.005862674653112342,0.8756618058090193,-2.2700914972035577,0.7914643571901202,14.002411324380063,0.25344985002922327,0.5808312559408444,-0.8013132440483957,0.9082057427445791,-3.201208114166981,-2.7785788418276836,-2.947521497661991,0.7681989545451378,6.670359285414493,13.035956686337089,0.8341068844450946,0.6556104062218918
86,0.022497874971739214,0.32265044879704075,-1.6257969150582996,2.2771357098298926,13.081596244429253,0.22115803673364948,0.6976634857986928,-0.600822379456849,1.1344434881067578,-2.0096726718487656,-0.714634707940546,-3.342735940181525,0.7387550064320401,4.9347066752065665,7.036297297718825,0.8203372161029204,0.08216411342204083
87,0.0191193259499813,0.7645012854912546,-1.3297490946647894,0.49675999040326474,10.083642944264277,0.5956976627386082,0.5140560273342965,-2.8508620717370077,1.06736763841042,-1.7205747198409118,-1.8194660448494335,-1.1988096404366089,0.808188830784812,4.228475014132538,6.922642544949184,0.7075022440221634,0.029138388785837487
88,0.016344923969143197,0.41699785015954055,-1.1325789282192378,0.5150685113618911,13.018809411988208,0.3486942860234438,0.5840819358347126,-0.19516494713407884,0.7011180039152423,-1.271402570283327,-0.9184337676708543,-0.800381794528152,0.8448858012522489,4.536828715169374,9.385596690830504,0.021264226617121476,0.6988976024708755
89,0.02708238454352632,0.3419530640389393,-1.2210235686936932,1.254695335277634,25.26319000833425,0.31975673965613305,0.7133494186488133,-3.172864005950873,1.465081389555182,-3.227072431338859,-2.779509741527959,-2.229860676765506,0.658122884188766,2.3457657307981616,12.394404008013623,0.4598529357546499,0.7245228447961369
90,0.021018356248291188,0.9309550506300681,-1.4451946889335978,0.11634105255294995,14.300881148174351,0.3044348106195507,0.8808479470647825,-3.5131695949236827,1.3876410257162304,-2.8230525192218554,-2.949765557260442,-2.2972178772658722,0.7470946792712726,7.405656542760945,14.859982787160964,0.6620173426875215,0.27787382804189553
91,0.006117509918797756,0.906476689116841,-1.929122424332639,0.15597147623597038,18.06153129800439,0.23236427615647492,0.6176875865258259,-3.7023892538190095,1.07210382828164,-3.7380993067015007,-2.2994295279993344,-0.8992251268311011,0.8317436434698868,2.2438994369195697,2.1041662132268906,0.3304637649085023,0.5264259528637789
92,0.029596223812293355,0.8499782282027342,-1.5954287747634288,0.8962813017586814,22.959964841340057,0.47313835832957785,0.9218219110460719,-2.40839086340026,0.9593010469378338,-3.7683480235304394,-1.9601571137853693,-1.817754076524527,0.65055700592698,6.720986328717771,5.308865774224499,0.8009603416169474,0.0208962245980724
93,0.019467367748194457,0.6957372764544576,-1.4038658209206059,1.9566920781516874,29.430687695721755,0.1384381807967201,0.5403979586245704,-3.445100899472056,1.1429546212112576,-1.6772041978245311,-1.84174072273877,-3.4787344010598265,0.6582027703205388,2.510274353334692,6.526014332576987,0.04865763106262011,0.15738824586325723
94,0.010102763713393595,0.3130887809246725,-1.7276438366961129,1.6206162865096871,17.617264841689106,0.10419306020089524,0.7900185427931261,-0.641464190182734,0.9197651019296211,-3.539563923338848,-0.9328751142931311,-2.440422681503841,0.7949688616066335,5.6749330089045795,9.017247754058733,0.9836875702752892,0.2637650569138898
95,0.009703886611861732,0.9155174712021312,-1.3589397698659575,1.651852372556733,11.422108087059131,0.10571453720408472,0.616695445818357,-1.124059053468586,0.49500606996877383,-1.9806411914708646,-1.7378505564891433,-3.019548066832332,0.7491346674636098,4.456255819159365,6.376702991022596,0.7518942071902748,0.8349065874707475
96,0.02939636821459691,1.3681976439145702,-1.2947123252525274,0.1830117538127021,27.042585844168567,0.17090180814199854,0.6747978050214686,-0.6438021605573696,1.2783732436129065,-2.244144067548376,-1.5899680253047275,-2.731794035537284,0.7705497822503521,7.845310825783577,5.702976317616129,0.7207212635305098,0.8817871143156589
97,0.024217613608141723,0.40197871658594486,-2.28484388372204,1.0897580047836604,29.94024312932224,0.13463165356442083,0.6265234465477998,-1.9407269565101493,0.5350007595446531,-3.6771457080512167,-1.2659942553619363,-3.292086978608933,0.6994456961433598,2.8135579012461314,2.297196714265353,0.8559109794421141,0.8896520524210867
98,0.01997268086595754,0.7893700116716837,-1.691696491798821,0.02275195770635606,24.536882592815555,0.47194388020835043,0.8284864746620006,-0.496623996932851,1.0657448521790298,-3.3891309499400353,-2.7397838380786568,-2.816945034658373,0.6363715935523044,5.454520331535489,3.1116393742683215,0.8439253110764356,0.6390779339972515
99,0.027724489323994503,0.8868442408759429,-1.8012812792262176,0.14842642166666206,18.849850773565286,0.530759979648454,0.7103657001101216,-2.882954785890034,1.3040054390449336,-1.6917593127453325,-2.7483798330676144,-1.6880082112581505,0.8747413568208324,6.387312626963502,7.6776082633980405,0.9638105037343481,0.5713386606634143
100,0.012498963105270051,0.482987421236818,-1.48509703656007,0.08380780437558588,12.133030485697871,0.20910628072763582,0.8012650578783461,-0.8052173768286468,1.0534842886057438,-3.8546176608643807,-0.974215397497808,-2.794128857789576,0.6983382508480228,7.038735909573453,12.196580244576355,0.7793881131807104,0.15407677016945096
101,0.021934255157697743,0.6992128450679431,-1.5139457695963343,1.0312830493945593,10.979621604754255,0.4043731142594488,0.9109558629752414,-1.6547772218391663,1.3639822458054736,-2.174531642711762,-1.7672163144388333,-3.5567185251684443,0.5782572118256142,6.825939975090327,4.427730454930433,0.06581662231245006,0.3944092654637732
102,0.006019856706702857,0.3265662144380793,-1.1663011762351045,0.4227745774263569,22.65505044516891,0.5397881376678338,0.7473798797618826,-1.523808653033992,0.9798702722472843,-2.5077610270688058,-1.6497551718006533,-3.051888420615523,0.7834332459003315,3.3954491935887536,6.252222795353826,0.9349597320308037,0.5574884796681111
103,0.028983890291746327,0.36803679625208063,-1.948905737540877,0.39917586723047477,28.66350431333399,0.15674448638505084,0.5191846373879284,-2.5651635245222764,0.5424537780902204,-3.512250387264025,-1.0163890778707165,-1.724505508254976,0.6340064368897995,2.373347885930801,9.716185081349579,0.2478918654957222,0.4729829964241818
104,0.014837883202354789,0.7481285824426829,-1.5015128417138643,1.9916064861105232,10.143778305947274,0.22817659317224784,0.7190103093619225,-3.2469971511706652,1.239944442013324,-2.6249151512347915,-2.5833944041299968,-1.795302838031723,0.8295721757467642,2.011476985156071,9.724137160323234,0.016736822815077036,0.021610006819229068
105,0.011129760554117267,1.072937923147158,-1.229491553116018,0.19557226130261313,23.186457971183916,0.2238666537711863,0.5748768615622205,-1.4549124348147342,0.7259701026126525,-2.3617702188285277,-1.9846449663347137,-0.6553205938709112,0.7528878472977043,2.9992361972930235,2.442234158320169,0.46874917326447024,0.7825059058953469
106,0.027125800098875864,0.794507890528515,-2.1159565015631943,0.85301306109806,17.11081416774732,0.46117926904971673,0.6967454174829991,-0.6818180520405464,0.8223463066291783,-1.8932320315307969,-0.7130727015284957,-3.602529148039351,0.6023882084673939,2.733740961449877,13.549396479932273,0.6911883854644069,0.4269277062392247
107,0.025008194001887633,1.361364242049094,-1.1436741524723775,1.3641948728864894,17.479323341763944,0.5946298069180112,0.6612612792219067,-0.33882490436935964,0.8968540835631316,-3.0029731998311506,-1.4143027858755317,-1.6180192712121744,0.7511980404194536,3.8754234353887096,12.141430816036683,0.1709723940800469,0.08609747245508546
108,0.02090922777010885,0.6356752891534968,-1.5783200186709494,0.1401971764603255,25.966251882889573,0.1549352890716151,0.6407563156093848,-3.4821951280373833,1.210673157264474,-3.703728560689504,-1.7099426364814931,-1.1945786611303522,0.6191823040544241,7.895162448220762,2.8597706580568847,0.752610653008568,0.06701020581484153
109,0.012994695604426471,0.532793281699343,-1.523217995508992,1.9239958160946822,11.680081318721381,0.2684208772018487,0.7594555082055314,-1.316539024236083,0.8082457591324521,-2.740177634277406,-2.9725738809806375,-1.8693194281910208,0.6176385860705415,2.5295825603199966,5.188385248888283,0.3867303171893312,0.2739599434835925
110,0.010323200798450715,1.2981488510332257,-2.0754879530242865,1.5037129570361036,12.271237933828537,0.4019878398880704,0.5523011362324654,-2.9770673695358854,0.6113403103085011,-2.520577486100949,-0.9304305947440095,-3.1308004959934745,0.8687203041168108,5.4928815551189984,4.957285089342209,0.23235930986451303,0.8722296275277109
111,0.029898436390931114,1.2602027439599175,-2.046149450175438,0.0016054753464692475,17.25413646872399,0.3236693047612672,0.5582241883526308,-1.5439438600851725,1.1238487229238454,-2.606134494631698,-2.3626313156592724,-1.4001035030973141,0.7390165398292871,2.9158828395752288,9.507315258447253,0.4303570710094202,0.6294809914985798
112,0.015033465226124431,1.329388478302047,-1.557670124661875,1.974799016558626,21.911327673228918,0.32159072494451985,0.7974435312066233,-0.1648115136368764,1.1643563565463384,-1.7673868112609346,-1.14869616868934,-2.195011267868703,0.6169625239312,6.010641578780043,7.695492530794929,0.8173654207549175,0.711263034294324
113,0.014647472259628144,0.8606772268640364,-1.8226321656381266,2.0610804974601162,28.617167112974492,0.2566899543605725,0.6589234865848477,-2.7648066601838286,0.3300849623947983,-1.7745178000216222,-0.7722978819209008,-1.6436754287179602,0.5670911645505274,2.585101916866004,14.158626715800402,0.8335210814202556,0.7767334067323658
114,0.00894718866960525,1.3148217478501862,-2.065056823813208,1.6735358230217459,29.844723701608117,0.15168915895212745,0.7529658412282106,-0.6577531575934197,0.4349201141621635,-3.346107224894092,-1.9357132804837547,-1.5870179230948511,0.8939558185513446,4.161069467273662,2.424472597480792,1.0877938180675522,0.36222679348329706
115,0.026717194742144918,1.0520015759578756,-2.1813667922601385,1.0188932228607859,28.75036538027055,0.45189003981327236,0.770628788631833,-2.83850160628449,0.5540368183160358,-3.353437854627662,-1.6155368822066152,-1.5826608883552153,0.6882275594663471,3.782517439757313,6.678253839791249,0.3970891712008515,0.38600648484563677
116,0.011841371359705746,0.4408806499392244,-1.1443426060400046,1.528145312761422,25.683248328694756,0.535415734910615,0.6732158430217985,-3.4539159143195364,0.8328647606999042,-2.738985036283676,-1.1510178196040683,-3.0625879750309615,0.5819773461794332,5.521530026923052,2.962747403437702,0.1843750020527076,0.14557432838372264
117,0.01044616603267252,1.3734343838742094,-1.7800252714715379,0.47969304563648635,15.054619380274882,0.4168851774461162,0.5066465692545644,-0.663261832318593,0.9064419835584141,-1.3964437245815122,-2.0409730687272476,-1.0557331020116663,0.7202618760345563,6.213399412351354,12.305234400826631,0.4950343310630678,0.8229792880928322
118,0.016652978971062264,0.385194807597488,-2.1173713016557985,0.32421983527665016,22.233346089975612,0.4663855861356049,0.6260227777417784,-3.6547587666785213,1.1386988640790099,-2.66969125097493,-2.469845695475872,-2.0733546622415977,0.7130330230227028,3.840451309821769,13.426145013931697,0.845450264258861,0.23692309390582875
119,0.01809652289494163,1.3491826515654208,-1.1093654186306263,0.29827283834145213,17.55395151349295,0.3577810358973954,0.799587647124675,-0.07605675717537652,0.8891489182115468,-3.8283809242934748,-1.6044490452240567,-3.104697212022827,0.7352670955872264,3.0865499848088973,14.780558074500812,1.0891123894310404,0.22118947272029305
120,0.0056319115627046935,0.9618212741952767,-1.6538481237469551,0.5007263380400006,27.080612763924034,0.2554054245668276,0.636268950544365,-3.0796719474589143,0.7457452745767331,-3.7075125913478972,-0.7214817798761555,-3.497553489529241,0.5849744851521527,5.508797841552056,3.829891470111596,0.7249508104124969,0.7502022816645192
121,0.012627585471079377,0.610838954139296,-1.28963256058531,2.2879199858224823,14.839665543181784,0.3030504768771296,0.5179110956931764,-1.5936661608333793,0.6178572539837454,-1.5092722311683513,-1.7777593549943702,-0.9701362079041131,0.6317033461261512,3.9146238782009433,12.110446278390583,0.8294164047259802,0.23012967161122702
122,0.02808097529381926,0.33022198229986693,-1.3701572785827323,1.0611487254628311,12.986615150437519,0.4378240794206788,0.7928795731661327,-1.2964460770784703,0.9910955301995727,-3.0716389510263404,-0.9282417188983652,-2.8702820609437465,0.8374293884591165,3.2363124929716873,11.048474908707968,0.5261191375023927,0.12386206865311643
123,0.014685445596453666,0.40364255788569886,-1.5624479144569605,2.173454617560761,14.265277527615385,0.5089476740187965,0.6740292090707427,-2.494364474945275,0.33631991021408325,-3.0473718612365177,-2.75856840600484,-3.5235875893874864,0.8865706252296597,5.449696926315891,10.679571192285723,0.01195835314502665,0.8633797323176531
124,0.027728264169038362,1.433619297684095,-1.7382750805049527,0.394196609940778,23.764579434099637,0.105420373149466,0.8644416553089447,-0.48160731828553915,0.7074212186106441,-3.092626575511207,-1.664625072258258,-3.1492650579155033,0.5928660898057558,5.867382297994658,13.172782525014684,0.8379962549474629,0.11778768672803755
125,0.029130195239928075,1.1476206257214119,-1.3944218555646342,1.3404155778073097,11.993749945719838,0.3172983313051294,0.7807119923353512,-1.4807460175282787,0.7843457502164154,-2.4668912304051105,-2.7506951044466663,-3.734370775258526,0.6120099876215923,3.4317719890312874,12.24704116839484,0.05461774433715224,0.6685807012731719
126,0.008724455918452067,0.9529686368573915,-1.2687458253050137,0.4893854913727941,18.782051379670218,0.29179755504688615,0.5812648163558521,-0.8684750217377877,1.2707266095603629,-1.7666590358450418,-0.7854753149633122,-1.0102054633235644,0.750324208942937,7.831861396343261,10.325925523940512,0.2982196101851801,0.1327967828248015
127,0.026476723364446154,1.0783450796375331,-1.1867959729655628,1.6235780658041765,18.697076119026097,0.44231282576403985,0.5708965484778135,-1.3411490119896001,0.9439652285595077,-3.187034168039651,-1.0056558493251762,-0.8967963687988747,0.6285615322966522,5.534825969244441,3.528622082964051,0.41550222153811167,0.18022146362806957
128,0.0059775560693183585,1.017863740944267,-1.9619160856005775,1.4942193337643674,26.210012414431098,0.4212826642625358,0.7685580087303093,-0.6750390190809501,0.6472392724986775,-2.6938422640861166,-0.7493789111378746,-1.3280199556985859,0.8187340772254142,3.5689065256446497,9.934464903035968,0.31441971616337383,0.13335533085307635
129,0.017809845125866117,0.75968074616214,-1.3206257153630203,1.8303959572401887,27.41842765395318,0.1717165626725172,0.8472658322833944,-0.38876511946299086,1.4350630884487434,-2.5391322945643093,-1.1281299555945647,-1.3521179193771204,0.6106808972762785,7.517104609345777,13.093446032064321,0.8969492493481721,0.2402544233587928
130,0.019868015706432263,1.2931800154545328,-1.4200659601067598,1.163695177282345,15.741627710214381,0.5233199678971678,0.7959504342638759,-0.46897233394773385,1.1816348779556152,-2.5536636025751447,-1.3261779002806855,-1.6696791249516112,0.8967337355787635,2.0926452576242878,8.130990882587998,0.205153584713484,0.035749860201709685
131,0.02521772014496157,0.5138931722471489,-1.3033107871146266,1.070132667389227,24.750665652833867,0.20977401565504578,0.9012574907116007,-1.8510172853408209,0.7261011967062094,-3.4237082396779948,-1.1837178257047714,-2.4823130949747387,0.657076685089347,6.876407835514016,11.229937151575538,0.8526820294738209,0.4462114708978415
132,0.026838781222025432,1.3200812671333686,-1.1159961297013141,0.19644552313962366,17.23171391492146,0.40346821543289735,0.773408574466977,-3.0016117526592865,1.0377230466856595,-2.3198789588909463,-1.8639012828017787,-0.6805209143630986,0.630838151886497,7.139457915135057,6.705576268835843,0.3607971935396775,0.7032880828732133
133,0.008251286162120066,1.3959317915845053,-2.259553451848484,2.2672606646583486,25.457887186402303,0.5581234059276884,0.5869321697376657,-3.6787815399489365,0.5673251699729509,-2.6441393278343543,-0.9774518681230666,-2.3464844452950877,0.6572672168769318,5.177462372206739,8.196896803419559,0.11613049342139962,0.6813953848925848
134,0.01429245665521663,1.0081556202682673,-1.4296776291487379,1.2550200829121176,18.170558699717567,0.5368515624884153,0.707366136169522,-0.13006964805824817,0.9158050175538432,-1.2471109922139907,-2.548142730812347,-1.9888760018334375,0.7659675673611775,3.0550834232705775,14.049607402240815,0.6326110471058534,0.7542959034890357
135,0.021785243639625123,1.3540284922698438,-1.6476563799227963,1.7254386051975754,19.36960739553831,0.23071805692729697,0.6436452472309288,-2.846713113537028,1.4775555456842755,-2.8589849686203896,-1.7695507322585815,-0.7167279402801747,0.6608794844072082,5.441844686004743,8.58927795012054,0.8178259823519569,0.39392178410701484
136,0.021368558759507345,0.37737721275536074,-1.6928508207102768,2.1489554946395715,13.301244189208196,0.18177413652151597,0.6887382200470387,-2.0695792085779283,0.9553733312546857,-2.933613769789452,-1.5079733963619688,-2.340794027762275,0.5753639916396445,4.374690383446204,2.3871138867198654,0.8595981336975815,0.32156105659325224
137,0.029699973573066432,0.9204061600777298,-1.085307209002307,1.0407572520290918,16.148368916877857,0.4499415144132344,0.8245698747303467,-0.9394642850072703,0.7779922709467216,-2.206492808710221,-2.1484949714498263,-3.112738937010929,0.6559025481921468,7.672800110794828,4.4450309956814,0.9972308819287546,0.2207385736962527
138,0.0072939671390665275,1.2669322806797894,-1.3514883508381346,0.509456106647913,27.738975927660555,0.5749742858278495,0.8794462013212896,-2.833669295279795,0.5423007121104813,-2.986442182257538,-1.6954661395431077,-2.495232413378517,0.6900051733262161,6.883793775218377,7.249405280389779,1.0915079667952994,0.30376406349596785
139,0.022952315169317124,0.4440896968200246,-2.1587529642175705,0.008354105680906073,13.208178648935029,0.15724403816190746,0.7319870980760655,-2.193413869915571,1.2757335474219345,-1.316140660634053,-2.266291553779987,-3.601123127573452,0.8280632115490254,7.503406466284231,9.62140733031916,1.0592766889055927,0.7975478880671191
140,0.016242849486469868,1.0760162783261176,-1.657137145587726,0.47310093046451573,19.802933012394853,0.3322368430741207,0.7564930694750901,-2.7515003927412165,1.2002908001505612,-3.1300506074276617,-2.292159549077931,-3.676003638138237,0.6791516084528237,2.7156035715221423,10.870059723786735,0.7777918248394613,0.17906672908559718
141,0.02507152739258402,0.9396828452773933,-1.63906063490519,0.8126395892168762,15.131102802447764,0.27013794178029427,0.8777077977786081,-2.7682716742732554,0.543771129939155,-3.7110237506038,-2.2147779273784916,-1.416917602568335,0.6117037018288266,6.349835893122054,8.47769475830392,0.7484880861701739,0.10006502975386582
142,0.01963283262546708,0.3244428654084451,-2.125078517307661,0.8087915800689249,25.896880007332776,0.19276164950749242,0.6281980622963002,-1.2575952921280842,0.9767822606386534,-3.2098550936551877,-1.4708974849201792,-3.482707515718244,0.752221891363567,6.85342965210266,5.2512945909318525,0.13827504250489914,0.03284719105081803
143,0.029872911873249374,1.338148324861535,-1.9986508205825795,1.8090166487462838,11.716127555130287,0.3266491602840862,0.6183667863265809,-1.154576650933211,1.4281265456767502,-3.2164671985870745,-1.6452685713338975,-2.9624784205415424,0.6952982382837753,3.491957244336378,4.970603945440303,0.922656042165985,0.25281190339486526
144,0.009294047074298716,0.5582775217253995,-2.035572657569189,1.282715476515336,27.95889217073607,0.42206167548632256,0.7963027980534072,-3.069603861913184,1.048333816671226,-3.0899462279866183,-0.8123484794943057,-2.30829605423584,0.84827409722719,5.997302360376096,7.097857691640327,0.16869241040451258,0.5811997727844253
145,0.029766621882658797,0.7049579053807785,-1.9693553906156664,1.8650501051118649,16.359855454199444,0.2048727771808616,0.5165660649407053,-2.375377594923544,0.34820990289856957,-3.435490782176451,-2.2903916755693436,-3.473821607229954,0.8092335515203011,4.947009000651679,6.169130408049667,0.787344144437329,0.2798259257515148
146,0.019775046045855896,0.383651019371604,-1.5747627660523515,2.165450859093234,27.922455444373917,0.3728753209792681,0.8178915481075046,-2.7815928247193478,1.0186184100681377,-3.69398500212379,-1.7422981612449866,-0.8104744268290749,0.5973114886047532,7.946840495060341,3.6509279379578836,0.19473424052604343,0.6189946106797254
147,0.010559853878239997,0.8427832473361527,-1.5882090378347296,0.6718101098649807,24.151246866387645,0.21241995694723242,0.5360306607876326,-0.8612103040647692,1.1162469165893008,-2.8088966301618603,-1.7435934632230352,-3.678373341652016,0.7106550026509606,3.258518124980002,12.448961447913229,0.704156348284112,0.0722489089481071
148,0.018374994994482738,0.9016505232363821,-2.0704786507972206,1.388446932530485,28.140866854960617,0.1865510574779211,0.6600284554113602,-1.6562620380856368,1.4513748272380715,-2.155914189357902,-1.5679200155874093,-3.533675193363413,0.5789321012222435,3.406718366726569,3.693408707005463,0.8547600631288823,0.4356218700806568
149,0.007097919441840168,1.3591847512850657,-1.21904153538663,0.9965766382322877,28.33443134692009,0.1335936538342363,0.8732648378046219,-0.7348595288463948,0.3774299228227364,-1.985406024314868,-2.7289727577975302,-2.2564931064123517,0.8602689917383495,6.368664068057379,2.1532165680293054,0.8115203927118123,0.45926732915325197
150,0.013077846243429714,0.3725495431287311,-1.6599855421186533,0.3706858717155598,23.511015826295854,0.5044899753071888,0.7142037640021983,-2.63052406475908,1.2984670231000972,-2.1011220066116234,-1.2475507161078296,-3.010051735830597,0.8300394374303098,2.9770516724554827,10.50758471222046,1.0715301686103014,0.34936560466490135
151,0.008828720116676878,1.429585532095944,-1.8456783514675996,0.59943290968739,17.18363691756076,0.31110774516279727,0.9447973841338376,-0.3282969539945917,1.0201837705572712,-3.095425616128142,-0.8194068187641306,-3.6088073664025897,0.6758121250340784,6.418316681891865,2.2190075101277924,0.26616087528264615,0.5126545988308124
152,0.02244646113132032,1.228343477480598,-2.0502496001507335,1.0474205408421964,19.168711112177732,0.5177006858858882,0.7250285412178697,-1.5361318769469636,1.3698090796067564,-1.5682587877170242,-1.0029373878402945,-1.7137395351337648,0.8396718789628825,3.8907770954310843,10.341833337483049,0.45271651462394763,0.43052946460482483
153,0.01972228034408932,0.5739501944622201,-1.5285499711892496,1.1787737252289854,28.92772762587779,0.41068348121770815,0.8972733662591743,-1.2815634415547286,0.4874996011500984,-1.4153284292741088,-2.8709080787909107,-1.6763846698515201,0.8715045483579588,7.722037168819571,7.214235773231742,0.8747386598839815,0.8546268408925672
154,0.014157041608244957,1.2645791469051595,-1.9545117752374395,0.9856817407636924,13.503032165048305,0.4469269989370416,0.8711770895981856,-1.1003596827157849,1.0509471612243453,-1.830833183989077,-1.9280716899490205,-0.9813243211163893,0.7348406840665841,5.661925077123714,9.796963972830792,0.4265690706503234,0.5119193361943019
155,0.02006723928991395,0.41843643202331227,-1.1956260741385931,1.295176699931656,23.884069110745486,0.49519220206712533,0.8027668094321977,-3.2313204490138996,0.9948790881855296,-1.9209649190387241,-0.962073955014473,-2.9877500098008745,0.8218865463795921,4.814082617638336,2.0669174432345803,0.7881583302518304,0.16428972121997407
156,0.029302996406727427,1.1576588236942509,-1.983789893065711,0.8558976120542969,10.864380752057018,0.39536358812135597,0.9246250426332098,-3.6058677934478713,0.4129814187836014,-2.149299691327653,-2.279558933219027,-2.4365964541413505,0.7685795703202808,5.306317719762243,3.0773355748165887,0.04086980835271797,0.8453949933416502
157,0.023341309498587245,0.31857474145690423,-1.0821293993585384,2.2130061633927602,16.847471318610232,0.5736475274962128,0.6704048245200681,-1.6343333236175277,0.5387461255463659,-2.078792383753746,-1.2756278719659864,-1.7887642807844832,0.8946644261926096,2.950072113657336,9.75305219401424,0.26095787408851767,0.18060086439234324
158,0.01091489444489992,0.9723875149920993,-1.890749390923784,1.8752597189918696,21.834910639611934,0.4998504869853504,0.7066960496641479,-3.673138569984781,0.6828750018293079,-1.8067339774891624,-2.87819724595416,-2.8754965886390162,0.591536104055371,3.174613305313661,8.84561634984854,0.5208990438141052,0.4083627136105424
159,0.014079668559872405,1.0583784050905454,-2.2028766324421953,0.5614348865921699,15.675113946597216,0.19826314027422037,0.8997382675284777,-3.721458992366387,0.5812431857511478,-2.627291875583065,-0.7290598213453974,-2.6902501474251364,0.6815018306274777,2.292214331997367,4.99018744934267,1.076625415938234,0.07839494345214444
160,0.01953619144275837,0.38034840614495835,-1.989333387860186,1.43042330588012,19.85926847472855,0.4548834835207545,0.5904478480863652,-2.779993530550814,0.5180575162961815,-1.9891348827486468,-0.9248163568446737,-2.5273972599496526,0.8894716788505947,7.908452336696966,2.7840398737542555,0.4339721538867819,0.25367868802937704
161,0.02408276200203161,0.8041469100899044,-1.2642315753420115,1.0163306238320384,13.777841704533374,0.3831269522037686,0.6715014646702057,-0.7064256488641121,1.0648815226039143,-3.3260136620752303,-1.0597351678501494,-3.188708156876407,0.7564926421572354,5.091422886197741,8.45706456898009,0.7393848881405684,0.3249817084780967
162,0.029295456851354602,1.0160004251770953,-2.256010492913008,0.6595330733775266,25.71069619490609,0.1526219818965405,0.9483157777623337,-0.6161601955461098,1.033247759519347,-2.0966047493315614,-1.639644933712374,-1.2963381363188367,0.6776471412926287,5.641442368374989,4.182990684881486,0.06943205388756828,0.7550528599347021
163,0.022612457304708403,0.42380064581741594,-1.4248915136676572,1.4242374532200217,18.15122219973609,0.14923165524196236,0.5578893124528912,-2.1896422792222765,0.3652145114858936,-3.612154344139163,-2.5009869885084415,-1.110599660100413,0.8202253016427177,4.098345224931414,3.494765617483394,0.7906068255188736,0.31227028464719525
164,0.028297098082841532,0.526624695293211,-1.0551932354682751,0.47712451457965,17.334463128705636,0.525545716873559,0.6924192907375264,-2.2214922656756935,0.5599822771728484,-1.3761719596166455,-1.4286652854389106,-2.2818089575065548,0.7092720135026307,6.458052588549455,10.11579922768289,0.877543355257481,0.7523925074500155
165,0.02702399874735375,0.8006826171790695,-2.256290409235409,1.0887255195416055,22.86582630560021,0.5157608917741897,0.6440111642476849,-3.0329487140712335,0.962510979109604,-1.757155707562939,-1.5940397689947408,-3.5901380123988114,0.6312007120899321,3.3137323945546364,13.707029136829965,0.9152912407015613,0.19656412957715522
166,0.013972645987976113,1.2850400490238894,-1.545675820217295,1.6543504544348426,29.715994416639397,0.11962595677242598,0.8943280924546022,-1.8033483729863056,0.39095962563150893,-1.5303974939621674,-2.660885797305822,-2.712146967314978,0.5838917702352115,4.652159075542413,11.792232675540747,0.9746396564043432,0.11076073577913227
167,0.024140116999000136,1.2106261022297875,-1.5430565596258028,0.10957077102128991,20.043753370148806,0.5915313450214481,0.6249933833443515,-2.650586927192477,1.1416155890799122,-3.5890697965909526,-1.672925857570064,-0.6761479430358848,0.7747025447771575,6.082567916989432,11.10387957017565,0.8073938655706685,0.735500982239918
168,0.014853000748433216,1.2349357750754923,-1.4982020428843152,1.7196424773531553,28.941323941860958,0.2840281664021059,0.8126264638752261,-1.3977448437846869,0.7790332375331607,-3.006909449953745,-1.592338368736111,-0.6216759004914398,0.8534022727972059,3.398522894259421,3.8514636827235713,0.36017546584496585,0.09610232877860747
169,0.006077987983607752,0.5601570141229963,-1.310563572234988,0.03900127298900607,11.912126846662936,0.5973429304822266,0.7050414450953155,-2.9281611439898736,0.9537758509016738,-1.5211249457647824,-2.4359045079650645,-1.3193025502897706,0.7669499916987768,2.29437351142958,11.476722533806852,0.944953224991106,0.8928187091143084
170,0.014411611350674241,0.8826433580816624,-1.2955689390172525,2.1423156097027833,16.451792788345017,0.3315529447235305,0.611602422119043,-3.728632432721358,0.6867335758097645,-2.064376463593857,-0.8252638489876576,-1.7075266854583822,0.8754740142884783,7.744337504364584,13.328634867997716,0.4732390397849687,0.5480114054411217
171,0.023680141782369116,1.3885302498060645,-2.103259288131244,0.7392372957231825,22.683267691860742,0.34958955629425564,0.8274524979141074,-0.7815370312727072,1.4747151112339114,-2.661751828788307,-1.086748284022005,-2.433606117526856,0.6301242403206733,4.865800364606162,2.0937180527611594,1.0472215670098308,0.8486111667217147
172,0.01755264940262866,0.3765347243683485,-1.1361757564636625,0.8306096599215541,19.557925757753175,0.18017070025808618,0.6151253893783561,-3.8660912747239666,0.7108725150152766,-2.0737826355728526,-1.4913594833848374,-1.146843717207224,0.7402017015685622,5.726118548963112,8.913860311863536,0.34574564624804033,0.15578457446273253
173,0.014029301040822308,1.0878226439935186,-1.637091931616013,1.9471558945373986,23.421480466689776,0.3600860077380935,0.8265134664099207,-3.323108759128413,0.7295393969773623,-2.233183126639216,-2.401144397201094,-1.341713566754943,0.8438226444294097,6.033987805898802,10.997704848507661,0.682878841641058,0.7261481301893555
174,0.013942174496543076,1.1517202141977703,-1.7177731928306792,1.8239812540301799,11.072025157211707,0.4836996138960802,0.6743973068750257,-2.454272761218065,1.2041754157263023,-3.5730650010494145,-2.3087260324884498,-2.420043136240261,0.8446720342528327,2.625501996919245,2.046874262373303,0.4662975526376708,0.6066856893172624
175,0.02843954955621916,1.08192371608153,-1.9222086682360584,0.011598624518256167,13.079424135279272,0.2500063801810293,0.8117946197110548,-0.8603691987382547,1.0686995407758406,-1.2566938871639999,-1.1020322084190766,-0.7821747334919027,0.6526785876361146,7.028806401196848,10.246498122010765,1.0436784172569924,0.45563676068100933
176,0.005966129218606808,0.45650537640159405,-1.9451794928283133,1.0558623085101053,24.95415877527264,0.12065287537069663,0.8869085047436474,-1.4239103013759355,0.8953647007997032,-1.8703970147283715,-1.8135842682358916,-3.6162951017327956,0.6681848858944545,2.0156246027756977,12.18643918863951,0.04809867271134227,0.7903111253383052
177,0.02021048333225606,0.7120218157262392,-1.824120215921935,0.5937570140923119,24.29185480865531,0.46413185065043105,0.640947518625751,-0.4105253981748378,1.0423692884259037,-3.3582254820159103,-1.5826478622957736,-1.0442648211035919,0.689119132765865,5.221850261890916,6.511713047991959,1.090522013588891,0.8381020910216033
178,0.00636903008892583,0.7038789313648742,-1.6975016013926056,1.6286257753883973,23.521275611161684,0.5630361122693379,0.9496766577448517,-2.3039997425680703,1.4209822998074915,-2.7122920319009216,-2.924245012119544,-3.568205780557536,0.6182351447004193,4.101982725669089,13.856928547138693,0.21932891974307483,0.17829422067913928
179,0.024789667832480388,0.8970745637768334,-1.1415945445262101,1.1142740904375918,15.558268607681146,0.38169515117443553,0.6483073659249559,-0.45065521641858464,1.4974803700674075,-3.3796287826187017,-0.7086988780237427,-3.1559637573011305,0.6139904652219724,2.5634410110741737,2.2588423076221034,0.25768294542168724,0.033340100980204894
180,0.007861750043054646,0.6552931170296186,-2.2059688228150285,0.40256743195181643,11.236197235109184,0.569418591514565,0.7027758297158189,-2.36985575303203,1.4725081697995817,-1.4255645645897195,-0.9976205339798991,-1.4048525323456942,0.71791425403654,2.101795763215737,3.792764810893189,0.4378929242713518,0.46713661900039016
181,0.011117607863533689,0.5368139180311289,-1.7039916546165024,1.7552004257778615,13.552256992332792,0.48332685978973366,0.8557214592570923,-2.802704674400484,1.4706996233370053,-2.0888678302877524,-1.7480435177223854,-2.4291720241813994,0.6651179307481322,6.181739234994919,5.972668534233767,0.013639629193434586,0.19050893475324523
182,0.01931420514692519,0.5456182786148513,-1.9714151113624125,0.44578905211022923,16.01790844327823,0.3481428405349255,0.9492173460328905,-3.3050978347313618,1.4672385175721787,-3.573769419721872,-1.1945448696385021,-0.9170345040693348,0.6380543894457871,4.931908397062257,6.317024217561128,0.05762751273690143,0.6269749398379837
183,0.0131777944193661,1.2685485815770616,-1.8039186087306054,0.7304067417086676,23.058043940458017,0.20542754484041542,0.8593752137427821,-1.4454294500645108,0.8764058733259805,-2.2133603640962383,-1.0249460982108198,-2.667362303653224,0.6435255835346928,3.044534840396201,9.055207201177105,0.21041544305123094,0.37668309378545695
184,0.020538912100638164,0.34555269616494144,-2.0815323849012994,1.6696606406507384,10.99582837151145,0.5266681054673789,0.6787358637469052,-1.0268190424547439,1.0398695269625418,-1.716444288326386,-2.9209681713120443,-3.0442021699157102,0.635387385681385,2.763498640906275,7.986661558246507,0.06350766224092785,0.24488020590940782
185,0.013367677211295611,1.3554463761543087,-2.0159270787587174,1.9414506461539847,23.247817646404403,0.3547599037905237,0.5473688334055854,-1.343032940555044,0.8711228400203554,-1.4203127672114366,-1.6926683832811311,-2.180000148325586,0.7122751022071103,3.019667823936303,14.933844938580984,0.3530392375837138,0.02352033074708015
186,0.01101722925403391,1.0957143763336874,-2.114192718038976,1.7357503744068117,11.492445937397381,0.5216174518348596,0.623462455601091,-2.818159178073064,1.0303547583727735,-3.699298845210061,-1.5141968496641833,-3.045338576879719,0.7204504129873631,5.333059531154171,11.91047225352606,0.3960958577864811,0.01794100090122238
187,0.016174925431571778,0.9901515604237947,-1.9348918346850614,1.6153164431073832,29.801279609324652,0.39677286461689043,0.7540048654126414,-1.8152301800936157,0.9427343230408045,-1.5321249213388342,-1.7084283960681015,-3.784879184241125,0.5784871981086396,5.9912758099195,3.8857420262635545,0.4423448158319408,0.07703793334255496
188,0.011611882974572635,0.889565453377567,-1.1343078491756076,1.9382140142643836,24.80854733865538,0.49819656624491193,0.5285465741742688,-3.2129788034208175,1.1156837941180744,-2.814427904254714,-1.6657438777281808,-2.6472562112055655,0.7449024775172911,5.393449090937717,14.5310070919203,0.7233552794801591,0.6138550385193327
189,0.005354014135392046,0.9976270791042807,-1.0934456883795383,2.126665528664349,19.31969404779118,0.44194648547616233,0.6513495923851825,-1.862405923669595,0.898669282878364,-1.325465172006019,-2.185782149388077,-3.68971956945402,0.8335767660788149,7.259638492422686,6.4015612641255375,0.42445255351307454,0.2246122563088056
190,0.011082024741184438,1.4586855273864272,-1.0888232954044879,1.2631106922451523,29.52222542515025,0.3906565844194566,0.6506431301311744,-3.8605218581237524,1.2204355867950483,-3.5652608904460346,-2.4257105409570943,-2.5996316515503373,0.6431664658645662,3.1011505301613576,7.3750598478172025,0.7704940317466948,0.6651049455140764
191,0.01315536459389353,0.9201429818434281,-1.4094552370876534,2.158509808779034,21.812911377621482,0.5536229664194507,0.8989328333142059,-1.2939075847114077,1.2777334167216046,-1.4875724112566249,-2.129685678972913,-1.2248485995113771,0.6032739932071929,5.882970620952561,3.5854199676604077,0.10736642710514516,0.3841414380620317
192,0.023930222523553087,1.0222143474149357,-1.8732321051646932,0.2685582805247279,23.442900296001923,0.1512198414293579,0.5151360615080914,-3.674285749161804,0.8469056191538067,-1.9905648155264748,-1.5684594822349438,-3.6275140821312677,0.671996828502235,3.233112300888911,11.59888619922777,0.4433306109537961,0.0007736885007010685
193,0.027183890472050228,1.3944450374927897,-2.177823595806803,0.8716264606129852,14.030486012729734,0.39013789343925076,0.6395443549044056,-1.1640099936344632,1.1021775697790064,-2.884128595982947,-1.323876453423369,-1.7655532531741165,0.670943578904386,3.335061024333247,7.521683439348099,0.510378307636006,0.7871388233854643
194,0.010743375256501271,0.9384100439876939,-2.2666166285445826,1.1202673078847267,20.951846334719335,0.28315844314937,0.7376029495852184,-0.2539444871944778,0.4696281138479026,-3.3100614603491794,-1.4037950366315364,-2.8437925290778754,0.7990602671006716,3.5007076454774575,8.158665939468088,0.9363212053916408,0.3907606460167789
195,0.0209861251347202,0.5723511794979914,-1.1400038610160979,0.959925492160144,25.18343813479873,0.14081019011580012,0.8843502658885183,-0.8767474655964147,1.0212820596753371,-3.332917180215792,-2.7767774154766016,-2.1368114579878115,0.7306263064696253,7.924282409986681,13.691443587256204,0.6601155716086657,0.6256854712415809
196,0.027651584813090976,1.2752748317334999,-2.1672253353041087,1.466939387319416,20.19011467607477,0.16043327603739088,0.7503661926122653,-0.9214128178281502,0.44179642503654254,-1.4850402580325874,-1.2830718346613423,-0.9270195208591083,0.6664432899448545,2.4762693243772476,9.665672857421638,0.7763616030982953,0.128967320529342
197,0.025998855617329193,0.7224915097637701,-1.9459711551222105,0.6789446768544115,21.09070539496472,0.16542348354925393,0.553078396144396,-0.41791088406147914,0.5017829563278943,-3.7483837230538652,-1.5199720607385707,-1.7428749876172414,0.8507290876422636,2.988568066021389,6.8802901967447845,0.5083853689440333,0.5503582481725946
198,0.022220401455653942,1.2300553860854244,-1.0511560559951036,2.294638056739036,18.914759827192864,0.3385132745248399,0.8992719245819853,-0.7543175504038193,0.6969957760270628,-1.6851481746095667,-2.7073883662532854,-3.2723799313699056,0.7593133837756464,6.845686947062502,4.463759851362855,0.6570707534618384,0.7930589558555704
199,0.023473962754861476,1.4107002844143879,-2.185218543725562,0.5902051872517318,17.508360431626482,0.13625407324860328,0.8404206579205238,-2.429582424665182,0.7061375757229099,-3.0789287839880393,-0.9102443734650594,-1.1558980384857338,0.8076836597605168,5.283520931125096,13.471625935297157,0.11416197127480025,0.648454779426309
200,0.017589584598807557,1.0124491109242726,-2.13661437905743,1.4614229265560503,10.499323112063133,0.14977424747241233,0.6813637264628543,-0.5502483116414298,0.5028773506698437,-3.1459501338540448,-2.513925193879002,-3.074410228976813,0.570482782188371,6.40467611343214,10.949489650293408,0.7156642382892189,0.34323673765811635
201,0.025894270094782734,1.443650467144655,-1.388038495056453,0.4836491956598277,12.815731967857463,0.31695379763261267,0.8936540459543736,-1.635376301968329,0.42360830899244223,-2.8470728465600312,-2.2128091418509976,-2.6112022735294897,0.882914865441993,5.059585268974233,6.716357802109219,0.4575970773023794,0.4091199135065077
202,0.022565079531155132,0.847356653273851,-1.908958833742449,1.3966983033151565,19.385999494872895,0.549543671167677,0.6159294055560628,-2.4705180879319295,0.9301505895631652,-2.6742863850375365,-2.320086519612623,-3.3752658342254467,0.6867180310198155,7.644625291632925,7.552995484395831,0.03024953785619946,0.6762716355348943
203,0.020241678947132788,0.5570053267322173,-1.100083904623773,0.6971217653208284,15.386840772236441,0.5998198939589412,0.805428561385636,-3.379633808663297,0.6941854849829721,-3.0533825333528313,-1.680735747681472,-2.0899386000827813,0.789692770715206,7.657000048536186,3.6620535172636774,0.34626548780349803,0.05576129473092419
204,0.0136709248065961,0.7659788994707788,-1.108293250094879,1.4649273824180418,19.223546037156233,0.23330798479931533,0.5281958425287578,-3.7717137241876446,0.957869949702288,-3.330712792071803,-0.9866334789709037,-1.1231621835824317,0.5515052362835797,4.617073683852126,13.83919516844858,0.5760143414757318,0.5558263698526579
205,0.02630887814189143,0.4428400770821686,-1.7554322850316217,0.9513535255287625,12.165668116034071,0.13303873094340118,0.9270643315212161,-2.013455341753767,1.3260904637388242,-2.5168966789334286,-1.0012737985547768,-3.8668695402827282,0.8781129468453255,7.042441285489478,14.28260879184395,0.35677302618367773,0.3686579651995058
206,0.01323862150477087,0.33935509362994576,-1.0534587155569755,1.8222441050175477,14.557787141353735,0.12523737071949387,0.6181651563727028,-0.26308772194705643,1.3316183119029943,-3.339327677383588,-0.8918382600878991,-1.6821971507964157,0.6693236530532122,7.172502712518257,8.05683821229498,0.973793664418363,0.3390890001396555
207,0.018505789431685835,1.207246627717773,-1.8570931022685702,1.227486375548688,15.105515596241245,0.19906233768632725,0.7195561946493516,-0.5570047606860267,0.7347580821418469,-1.2975156811264794,-1.8089797939930026,-1.2710736014908028,0.8962718522524826,3.6299177533399503,13.854370042905273,0.47969279544674814,0.8474299919886523
208,0.007483928342577684,0.762307848790162,-1.080547414087752,1.4867178187998422,27.072561872230253,0.48400004352954995,0.644892194923915,-2.201063002728765,0.860473350221719,-2.715374286058086,-1.7630724261493105,-1.8913027456154636,0.6723625393527992,6.591134129977594,6.726633392373169,0.25351341906433317,0.3501438398732761
209,0.025723475251716,0.9873791952724509,-1.4572704529606535,0.02497765299136951,17.996758095321866,0.48637262045983387,0.7725300594086477,-3.597413063880289,0.3460875381478994,-1.4721709709020354,-2.887904623243043,-2.898751235906376,0.7556021915089924,7.298637651243998,5.394377232346004,0.943866938919742,0.0029714858325093525
210,0.025408764690785162,0.5008549458169288,-1.9272570813429293,0.42022250268296774,27.6550689463792,0.3870362714661484,0.8130083513749974,-2.280884501966793,0.30191922887237355,-2.56023780565973,-1.969684737487499,-1.4666047510591307,0.6417223266007429,7.9206417804396985,9.29723238522385,0.08877020697548506,0.8968914150046357
211,0.01859754764047261,0.7349632165695017,-1.767344007026832,0.8858561236907757,13.421752887528108,0.5316336475303329,0.5864509989832107,-3.233097252547534,1.4814759139046427,-2.1925865297795086,-2.665452169531959,-0.7277020672452883,0.7284527791853519,5.769244602300447,12.577104138780236,0.5171920544674691,0.5429575925947228
212,0.009861933422257732,0.7610207731268861,-1.0682902842881774,1.419175682120502,27.43018522741808,0.30637369479099374,0.7544272603309555,-1.177034652313906,1.460899073211819,-3.798908913177708,-0.7802763912407786,-1.3711098369070611,0.7436629963568221,2.6166532685655848,11.845942500885881,1.058852690381591,0.851297424726024
213,0.016073413321430564,0.4583226923407916,-1.7122615005219428,2.264987481758687,11.821347839944945,0.257306199289553,0.9361265653689201,-3.852602578591584,0.3049247692629223,-2.1462964743889215,-2.8247484083479373,-2.9147566899201762,0.5621537775078008,5.649344391782721,9.416021429792195,1.0101764993973705,0.39788060812385206
214,0.011273089634690736,1.4077060456529549,-1.810910197415263,0.6020561512296974,15.039027988132677,0.5789042849093893,0.7434730469196755,-3.4675461581218667,1.1923681648974012,-2.1612071475482706,-1.2867259682354384,-0.6075870752055716,0.5508631043224245,2.3864689785076765,8.547043704955692,0.12553184340665993,0.6236652469380554
215,0.017616676900669613,0.31483204839063883,-1.4118672589847603,1.1696382396295073,14.628626794808225,0.3623028456691023,0.8692179430172771,-0.07119074536253267,0.9209544369380718,-2.1972509062944683,-1.295087623612198,-3.8408887951919706,0.8733292361917013,5.153907221691369,8.889281736247607,1.039013618686548,0.07519692211955446
216,0.029497014179056282,0.897618501441076,-1.9672357230723172,0.7965221667412261,12.09300402888755,0.38936032312369606,0.8348497804260986,-0.30766541695119054,0.4533073215218487,-3.382920256587508,-2.539735164059424,-3.5640106431068306,0.7980067298882051,4.900693841777665,12.069755597146429,1.0745282168184533,0.5890195093286831
217,0.013038645863937364,0.9082804608484978,-1.8840190427932628,0.883651602073361,20.012366677810835,0.5770501810814371,0.9343303242039782,-3.2106771653758606,1.1635256369294844,-3.160200936968576,-0.9716179235816869,-3.0485305003673844,0.5735587664655665,5.94286445479131,12.313170670903572,0.8514587886399555,0.17516032375749355
218,0.029169700247088926,1.265311860652452,-2.0308905352160305,1.6685652375836557,16.262804545122655,0.23132835743156419,0.606808772520893,-2.3498321260094777,0.4194954083523481,-1.312432293048504,-1.8005359977106772,-3.860138701666055,0.7476666113709355,2.4292819870884164,2.945630913831332,0.4756114263757702,0.7923528008073105
219,0.02319603746438319,0.5766954630811816,-2.292669783795478,2.206315956047412,11.623870890128895,0.5223870692935837,0.6833837211324291,-2.3456919594557655,1.3403732769988053,-1.8400044377951175,-1.3473261468062954,-2.0240462766993454,0.7798970122663711,3.5221058748854235,7.050796186256358,0.15944147283122478,0.7984408063843327
220,0.017091413793316843,1.0168315488969806,-1.054420121341569,0.34934741687076876,18.51346334016351,0.5878102056812962,0.8040351473462788,-1.0377969192432523,1.3944658613441823,-3.4929314479177793,-2.2063539074064584,-2.451019415642351,0.7673929568395791,6.352054329367364,4.601886439215953,0.8727216778248535,0.45290308235134136
221,0.005688491198004347,0.359467306685864,-1.6401179211959025,1.9626860147195118,16.75589244027793,0.44281661491185265,0.7039114165962495,-3.584560533878474,0.8235598900134622,-2.3030721748414957,-1.1379640836709748,-3.7997801122863257,0.7262047711223337,5.482543163836003,14.420311733837394,0.6416065712850938,0.025155744829450852
222,0.02204339386811104,0.5814383750123966,-1.3050102414814737,0.1632392341750947,26.33637590951958,0.42832059150229085,0.7460074522744073,-1.3216772692536574,1.482844533927325,-1.547234766341317,-1.9185801948256855,-0.8661885974194306,0.8794084141986984,2.440038060635035,11.965600675155788,0.8926405369453055,0.3870044767455159
223,0.014976048660894272,1.0250013958781754,-2.2143293524743566,2.1472838817305857,22.753500723100863,0.3646770606063814,0.8583301400063308,-1.7172046574117403,0.7609178899691846,-2.0371870878377294,-2.2001546801993213,-1.5996534474696067,0.8465264509089854,4.912365881459358,6.050136041845307,0.5989448853341304,0.37375387229247514
224,0.005833647907182222,0.4366347501415012,-1.6644916040052544,1.0036084322171082,19.508039199602763,0.4348295802930191,0.5816270837502353,-0.6932530561491861,0.4625859775426923,-3.8263290011638875,-2.0490523126792697,-3.141751888833996,0.8788895765330464,2.07354360792748,10.659745022026133,0.8650918043319207,0.34100578906624185
225,0.01721086816270435,1.1775859578418444,-2.1648523165098537,1.2914813086818946,16.70526023258583,0.40245306949407456,0.8986377482733958,-1.2304931861162585,1.358569093044499,-3.2712337303178014,-1.98728463869688,-1.549490091917825,0.5767661384615398,5.907406286436554,2.756376503132933,0.8640771287855578,0.789334944187135
226,0.020040829207272855,1.2398518962615752,-1.246609644672143,0.8370437688531517,22.776859424003504,0.34545123280400997,0.8460799489496109,-1.6079709791378902,0.9752230855822686,-2.3645373725145324,-2.7524602842038046,-2.7450332505491772,0.856970690723278,7.833266952527486,11.04575339555335,0.284669430616283,0.8813880356261647
227,0.020743554923180384,0.8205956545543502,-1.8892733055784638,2.2047355868646656,26.142358094596048,0.2510857987619328,0.5195441546388989,-1.8871398248914542,0.6025972672471122,-2.7646494218770634,-2.1080411935828507,-2.168746800130358,0.8145550512407593,7.756512890752713,3.3796984730423683,0.5711153581894307,0.6057336821735555
228,0.024713842811799933,0.4229392076385467,-2.097606524861712,1.8864657280464057,12.45993983781415,0.35604744769452223,0.8949246882846245,-0.431827451573648,0.901832995414813,-3.4881639467496566,-1.0943522462804656,-1.829583286168892,0.8033581738562271,3.7504977207337875,2.665258226280451,0.5964019342142112,0.15924761482000221
229,0.020817115290137495,0.7406781748779812,-1.2343289174946013,0.01950802818889176,25.317881529465545,0.21554527622576874,0.8151052796479121,-2.373956297124146,0.6294264465052056,-3.47564326749992,-2.4715915826346313,-0.6254856636607578,0.6193868614992727,2.5736488917674394,8.04041619378852,0.010271653926273288,0.1123886355968672
230,0.02340019357774552,1.461499476658262,-1.5348870508286536,0.754433965812214,21.71527354967624,0.14477373104538868,0.5700176070115781,-0.06802139924099038,1.1863829983465461,-1.9155903277033646,-2.1065804325058175,-2.027929793463861,0.6716744819799203,7.127011700785397,8.416146031305228,0.7412732572081225,0.1224098998214335
231,0.026744681389017397,0.5983067635834199,-1.3401025807189213,1.9361666856762114,29.78065406332488,0.30964449718343,0.5611749757852758,-2.016511915035519,0.4866793404525612,-2.370790852409417,-2.1738748629366604,-1.5728386391787659,0.8345967430557966,3.007511431189579,3.0023772575503704,0.3548733192703667,0.49001722421447047
232,0.022505766709365264,0.7529293832664994,-2.0117737688101847,0.29040739488527106,15.637771372644991,0.1830108858934884,0.6941949105936005,-1.0128076314833496,0.8486302011696043,-3.2247285358412707,-1.1130738981788086,-1.967820693309232,0.5690536223680281,7.5479171216396574,14.735565330290129,0.8797076272001618,0.6432390724442275
233,0.011381744546688563,0.6269303955022694,-2.0279925791482247,1.2077119905410623,21.030260159769853,0.5623255051079032,0.5186540771267839,-2.2863055799208856,0.5942820304221343,-1.869263186558137,-2.6024868535059524,-2.9420493928292224,0.5835997119715892,4.024199741802767,5.68336505197092,0.051141055867830146,0.7489882565591205
234,0.015520640327429287,1.3359861016170318,-2.2389762356478022,1.1510879688777416,25.997914793859962,0.30809940534539926,0.8904541758113884,-2.0781772076412013,1.114449438770742,-2.530375560371324,-2.0437664958341784,-2.3238219605931163,0.5812524188117685,3.5774154918592527,4.57106026314807,0.5027062387078798,0.5862188770446484
235,0.008109623820912529,0.9107053524718733,-2.2223955958873858,1.5511604923284368,28.76764789558314,0.4657217135124766,0.8838265505247422,-2.503632544220806,1.0041352528954413,-3.2661586324831755,-2.577465905995783,-1.3385344722825914,0.6930915579332383,6.694341318811369,6.778910125545804,0.5827471336635079,0.9000136017421619
236,0.009480983626787513,0.39675373459346386,-1.5613421838458097,2.188361766502812,21.96659764611902,0.3970800157079384,0.6387283003566069,-3.806832966141009,1.4858064753898337,-3.190548472258075,-2.8566709349019925,-3.876616406683777,0.859876193227001,6.03105631141967,2.181180500137656,0.22940274453369364,0.9144793496508665
237,0.005529366799327886,1.211944068269339,-1.596078835387895,1.2313954249632217,21.95392010764472,0.37100542627538924,0.6555212105505411,-0.34040834945587717,0.7970959166353895,-3.0592132336894453,-1.2052047656384972,-1.5266377319871092,0.642261674114207,2.450342117607732,14.350606944714611,0.9863429156399491,0.9059480221914327
238,0.021172744733607748,1.0456743260322237,-1.3662055798361195,0.34091959062028665,14.71093176345039,0.27689997449741965,0.698140393881402,-3.6454783232337995,1.4835674320314123,-3.864924433308426,-2.983757503582538,-2.517806869755929,0.8667595567240427,7.863447596272706,4.5383512499884535,1.0343454551940572,0.7792407199617523
239,0.01620211994901496,1.4472781350223145,-1.1218425369597849,0.1996358272836057,18.64775671467845,0.4711677508175649,0.5787289462148408,-0.7948031485431319,0.44331810088821455,-1.2774886005778225,-1.5759673825819287,-1.994653592024654,0.8412194776829205,6.784125369835114,2.8500897314730653,0.5616703209702201,0.24996182535750006
240,0.02880300768727549,1.0829120211538883,-2.007657325031836,1.3016583222901486,22.49653318415973,0.2350098426731601,0.6884379593205223,-1.1201157463430542,1.1400104141583745,-3.665805305735015,-2.5938802790919553,-2.6457846138429004,0.7820077391940728,2.1502121416346776,8.426605475251968,1.0781257235100938,0.09420366921083313
241,0.02205025928679692,0.8666839173265444,-2.278422971600486,0.06971108473927902,19.021468182738527,0.4111605747837108,0.7269448951923636,-2.859216952032206,0.9489379934874975,-2.29388603354787,-1.181685172503931,-2.013972599717564,0.6819203832254352,5.290905330648492,12.956390459174,0.4256935103261154,0.44635211356073073
242,0.022826624707331787,0.42030373719416714,-1.5596474410042829,1.392509553315255,23.651153949141623,0.39631156048550875,0.6987836945862437,-1.5762688778324363,1.4895393696216137,-2.5842735877189904,-2.1673772482904794,-3.576876430001543,0.6706742958912452,3.869359424056927,12.668513679955593,0.7429734442466347,0.6179077833316425
243,0.02726955612063926,1.3426613797539981,-2.1620458267665157,0.36742512245177167,10.881899545353175,0.2913893595410142,0.664688649655771,-2.5370217421029198,1.3852527316768266,-1.498351430507677,-0.9811804461333442,-1.933764768232787,0.7298144346797069,6.976290847377694,13.817473733022998,1.0012973037097321,0.0046709355761840364
244,0.011928201314142316,0.7796730680953381,-2.22622898652523,0.46495318645452705,18.085655842457985,0.518805064904688,0.940753084996675,-0.7844166385108053,1.4578819284763807,-2.6180997236549497,-2.5463972193341085,-0.9053607089026352,0.8592584634087712,4.98758751589858,11.695951864769695,0.9280492344539499,0.48056290070020535
245,0.02680048343425323,1.2718478123453174,-1.7928260838698789,2.2826135616185046,12.975077390943367,0.33767700082367713,0.892165713829177,-2.414166204941992,0.4713606326071853,-1.3786080033666304,-1.3790973284377355,-2.785704260596136,0.6762809308457511,5.431735321748707,6.979741563913367,0.643946580213767,0.14681494483166563
246,0.026158407927539918,1.1118212432031096,-1.7653958639723086,1.2593099324008463,13.282579528486188,0.5804100643755917,0.5077957254679645,-3.327843936241128,1.0707528835968716,-3.1722907840293253,-0.8229761709261036,-3.765216707095199,0.8095985542800122,4.452393237176994,12.470226915402073,0.39981412483428636,0.6425882618326313
247,0.007595696633578847,0.515331959544,-1.112233836976619,1.0614964294788312,16.160114359998094,0.49890532997525383,0.5826359921193309,-1.461319623476328,0.40713402708249274,-2.0062464887873626,-2.8789750368327134,-0.8752568697562939,0.8655744126501521,5.6954798099255015,14.10621653017024,0.7295239225913516,0.4481971175064462
248,0.006254949320742406,0.617286802251884,-1.5718778368181012,2.278283805690093,28.627044713706024,0.437268318771339,0.7695631840692875,-0.5880292959629876,1.0559287588167479,-3.4711919228700725,-2.3746695139542107,-0.8190324960800668,0.8735662694359383,6.101914159228779,10.071977645437833,0.07158256483136144,0.6543478935839746
249,0.02666673101676239,1.2703156885762306,-2.24437577104616,2.0497804784000198,17.48124083373533,0.4943636576065188,0.5407155237593667,-3.738483932877248,0.9456017053661523,-2.1061271442310017,-2.444437570427788,-1.7176307022133588,0.6125711200568491,6.443632444092676,14.097950970182792,0.33755971607084745,0.527677551714655
250,0.018780438659898573,0.856416565467123,-1.6352299188577182,2.292747252132633,24.18848070938912,0.5799916621155405,0.6712152920187213,-2.165205261771299,0.30413306195221756,-1.8986655714382947,-2.1431078637690977,-1.2345301875625059,0.5858196642482151,4.075320022647162,13.943690151450921,0.8096506426302226,0.06254424114247548
251,0.01806516768141086,0.9163002565870191,-1.553696516242414,2.105383129503175,26.957294730990732,0.5311618179754567,0.5555023488291225,-3.403901928073052,0.36285205360529904,-2.275614378334347,-1.9814270913875813,-1.2467552736013334,0.675430339158586,2.2471742567311814,11.750326401298203,0.3883446674089985,0.47599964029693465
252,0.009694337541255031,1.1870430374569363,-1.4414492875820284,1.0219479767108028,14.148204810458068,0.4476487331106338,0.7737310592987614,-2.3347236297243525,1.207594523710553,-1.414471928571976,-1.8767387301535101,-1.488029830563741,0.6043309138864899,7.528193003808767,6.927007160934254,0.9759338323755783,0.4961499527221309
253,0.024588828846276896,1.0430040434705756,-1.9936008658063786,1.9492236900009139,20.57401671177063,0.4538714281462899,0.7061830103939972,-2.4499221380733545,0.9315264484051151,-2.0542386024713997,-0.7546966103482764,-3.288616441834439,0.8727306310363527,7.976151663714104,8.010134176356054,0.5626540269452138,0.6788378889714766
254,0.01638480711177617,1.0500888709233833,-2.157366777159534,0.9802979633599478,28.04348464572971,0.5092083483451516,0.5073203431263625,-0.881342102983389,0.8573602400087188,-2.0223395238534367,-2.092467955427336,-2.3212419782766034,0.8872297145465925,7.898267471265253,7.540681599896202,0.6113263032360495,0.22638258012263224
255,0.016685861033821588,0.42166346205276767,-1.2725630253228004,1.5999588287135245,18.93951777602647,0.3293098386868665,0.7347565082202987,-1.735907517283426,0.5961652175440268,-1.2591939331882709,-2.385557717234205,-2.286548531894426,0.7449839032341493,5.3147077126871505,13.397846614911526,0.10588722129397045,0.12575843012275006
256,0.012787432173923318,0.4855725221826218,-1.1844926518663401,0.8135769809556574,23.57212347631363,0.41924098043695424,0.8546190293769778,-0.6920071551974214,0.6318659704765223,-3.8805455872902606,-1.393970404627158,-3.4900292848977355,0.894297523742422,7.3816167239008905,5.041635962535672,0.5283468206202311,0.4792954546710557
257,0.020500073465182216,1.4616348945832611,-1.5120302053973322,0.915355932610062,17.44887748219673,0.4887102803041614,0.7053652606014607,-0.7868076636533834,0.8053186900300118,-2.0174066187163833,-2.5317019403359113,-2.304242054294997,0.7189370030497059,4.699602411590897,10.045943915837805,0.5497042843936197,0.6258817686228784
258,0.009893070332234997,1.2726083220222528,-1.7032813463035492,1.5924621136496289,17.80416858531926,0.12584602929445374,0.8597134863406553,-1.0446242901299105,0.319212628055097,-3.8013299370577274,-1.5514735759320413,-2.736712023149985,0.8503877909564678,2.2129105980652675,6.096720786708387,0.23624227031550002,0.32233855785263543
259,0.01778487985942539,1.2631737378934984,-1.7446867495825134,0.9814668915493092,26.023340184949205,0.30665198092603113,0.8439563219505016,-1.5723790806875129,0.49580687222794584,-3.822373041025348,-1.9964654409814813,-1.8719759913638239,0.596803731138159,2.254082389608713,7.418212806598976,0.5682633687708329,0.7359866234389765
260,0.0050031604158335035,1.0408131495288315,-1.9160876392470905,1.0144101987852314,20.09729766741521,0.501425822265324,0.5770278155441078,-3.458163318666594,1.391752493665818,-3.4515526070491576,-2.924509906927173,-3.6143590625178867,0.6202676020174702,4.707510120382516,14.443849278273404,0.5096858897668659,0.6113179578700675
261,0.010183483916984797,0.9286827714646873,-2.0881335433095995,0.17615833286005303,20.420591433672037,0.26054536998811373,0.5836824083381144,-2.235439456298872,1.4014063866475162,-2.432549657692423,-1.0333983771068875,-1.0937866995106456,0.8969223067920227,3.144690829156173,10.628101139916787,0.5721196820235607,0.9126738105000244
262,0.015149028378794623,0.6160394110392206,-2.0968549559988783,0.6868114774659392,12.424837488272793,0.4187151233966546,0.8912066992449448,-2.056277355400162,1.1729361604260793,-3.3751434585396534,-1.1291928439563075,-3.14594831109335,0.8263192030272757,7.30937653203617,14.774113848337324,0.6208516210971002,0.8094456149752959
263,0.027593559243411288,0.5709747262275893,-1.382587421054279,2.240197447099914,23.231881585803173,0.5076501582734877,0.703638410861305,-0.4431553443919496,0.4171237763584995,-2.612015761099059,-2.7621385244567533,-0.5586230153754359,0.6671974164779964,3.942382814069804,6.212102992351026,0.591317361690665,0.09216956414326431
264,0.02468478618028939,1.2249216006305632,-1.3448454855844951,1.154635936283469,23.35164705068113,0.4317802128454047,0.5354552384277685,-0.10384014154263754,0.48056736585440807,-3.713856824069364,-2.4067837091455977,-3.45501734501673,0.5751985244692398,7.730571945561631,5.212302465335661,0.2692875548702986,0.19434114987365717
265,0.010935922756125902,1.2915576271176064,-1.9390377474745972,0.13791260075080544,18.876070583370876,0.13433430177846895,0.9302567196094749,-2.710206080440643,0.7005216994776614,-1.6219210627167113,-1.171660104382316,-0.881841177932984,0.7507803048131674,4.860342021577639,13.66936860157445,0.7028646666548907,0.7377920983061717
266,0.005708370627570709,1.4669128210301587,-1.3441230833694104,0.7366626005889464,10.691086220024204,0.2216680602167629,0.5466017996661885,-2.1532060620728313,0.5800494255249928,-1.9295204511895263,-2.102107569420151,-0.9069511928804634,0.6596099623409701,4.547134081637788,3.3418090563753458,0.391209201385106,0.6778356374241213
267,0.014594429692667468,1.4360843710674844,-1.7068253322802405,1.2187379482189966,21.459754016319394,0.1864865354034549,0.5899896392575291,-0.6671899405535102,1.0843507156494363,-3.6008478244333992,-0.8817629304078856,-2.9385392383567437,0.6536393055450495,7.0471107816591525,4.921862576413142,0.79718265263713,0.7063310722043019
268,0.00823810445291815,0.83024156727395,-1.0604222397906204,0.9393944313032021,12.585857084099734,0.1701615010605485,0.5544052383359006,-2.299838151306761,0.7966812800812653,-3.6723836015184848,-2.0053806321829066,-2.247595468925594,0.8525703249675116,3.4781057727802374,12.35553981868928,0.5907448663582802,0.3337574667926821
269,0.00578027968965667,0.9962124580957692,-1.841517000845537,1.0952594587866644,12.411793389698596,0.12455505040496467,0.8484833622632767,-0.4891985512108987,1.38925836175827,-2.4562366420484008,-1.8479016625458908,-2.9721168639277913,0.7954671896412453,3.7397551331558083,13.899711549427808,0.4134696195281041,0.40058755117898237
270,0.028374160855734708,0.4985149754408727,-1.2918865586883705,1.1334455843616336,20.980645052700446,0.24263496572110832,0.5116150877826722,-1.9368015348108576,0.5290548308622425,-2.7145805891272183,-1.212620512567282,-2.9991087895736297,0.5793970515940184,5.041659237463287,4.751183430969059,0.6272730947867599,0.04744249426392767
271,0.01770885961286677,0.5308352681648758,-2.240792267790569,0.6235612061802612,13.495764307263554,0.17729681673764142,0.9078562538841501,-2.243063731181883,1.1361179895003144,-2.9439255815458734,-1.5268913025858508,-3.814079966961529,0.5656561166484022,2.481775240158899,4.667434319434301,0.5393323794373556,0.13959473549507784
272,0.025859419619279636,0.6538852822965016,-2.24170833135803,2.221419458905293,14.284369071629431,0.10318900030934634,0.5050034518324703,-1.7586465097899726,0.5990212297999088,-2.1413283035724477,-2.688093213092447,-2.7732465404286746,0.602099360733991,3.2679024283665656,11.147223921237345,0.7470563065381528,0.008379844710648237
273,0.012473148522208072,1.1759001765990598,-2.183779355286486,1.3171467503032515,10.781276183851098,0.45411117495302544,0.5493282856580861,-1.1435740988068042,1.437893615424265,-1.8830466362035647,-1.238779649080973,-1.7822292936538942,0.5723775368955998,7.4916321196555735,4.236283504466327,0.3111231845645577,0.11384814198678837
274,0.010960462188694186,1.4945221325800562,-1.3320181462803777,2.0989195339859053,17.897938539868328,0.25271095117372083,0.8696960849968767,-3.4992286934937944,0.4102703089530064,-2.8312151920066437,-1.9495702138551356,-0.5996610053450575,0.5531452766079563,2.1743205943523156,2.2422577769985694,0.14201321257815952,0.6843852502183218
275,0.012151344890957767,0.7878028018039616,-1.3377957092558121,0.41426518302882104,23.469765687770884,0.15944572749137165,0.5549305510211008,-3.0617599814372674,0.6930534421002805,-1.6556166588524674,-2.87473460826036,-2.5059072183559756,0.7414530774848933,3.9746153377157847,13.240324801759009,0.09731835530545613,0.1928844259520806
276,0.028547224823429477,1.179112483354227,-1.1496177421777651,1.0376022001841134,29.397830748861157,0.4413039305963412,0.5521872146869661,-0.952860301709058,1.2863777316002911,-2.2523598233378554,-0.7658199770064913,-2.8389022541521776,0.7688041734620557,3.0954435187638145,7.358128446484917,0.3103510077346443,0.17109109380924203
277,0.02299445453881245,0.6727152549943471,-2.1964942162771757,0.20649032165292405,13.883489611840663,0.1378520185459795,0.6471020641663677,-2.362799497367306,1.2529636192726856,-2.6137415599766345,-2.830438006715201,-1.8335418294334822,0.6660428028609493,3.3881486293940117,14.564220522295214,0.4063102477956018,0.8328440162035784
278,0.026175084744620977,1.236697143710031,-1.257308372865913,0.061829208588015015,24.4457734284182,0.5870162970081192,0.8840355341823262,-1.393344089007177,1.3540569510434202,-2.22005765150092,-0.8540033032986818,-3.2164171086259286,0.7701312808939048,2.219982515968183,8.524933930976415,0.3395363004267463,0.6824853361296546
279,0.023222729667826802,0.9716997467368822,-2.179428936298559,0.9563430128445142,27.179599117744278,0.32460559281974455,0.5780551060660903,-0.563782129035586,0.8729210973299524,-1.5580937773541592,-2.1032627849299765,-2.478199368094573,0.7059357459351164,5.1167644554031275,2.6412541256763205,1.0083250991459545,0.3060028783474382
280,0.02390173199041839,0.6147885176221415,-1.7617151143766496,0.2996151822928782,15.460579253768042,0.5819550630534571,0.7515698763340259,-2.6215816944317174,1.2951823696683387,-1.394850938312374,-0.7006243623404522,-1.492438093026304,0.663592357599029,5.799118322446897,14.169026459054537,0.9432727556104673,0.11142804397046423
281,0.017242593077217663,0.4487579637727708,-1.3226008946827559,1.536731611942399,11.196506734073967,0.5507874734186511,0.9462258004762949,-1.538365899751926,0.7360796831747409,-3.8895035325757186,-2.829665475473473,-2.301571834827811,0.823758995101745,2.77811155012122,12.937031788746854,0.08393069586496418,0.45523832353768673
282,0.017149079787129862,0.6753592185499785,-2.1289295989193855,0.5132258122891515,10.809036111374473,0.46030126375718095,0.7930549428336466,-0.6337770490860652,0.9373501205410109,-3.686287992471441,-1.7574894445569162,-2.213734464982087,0.647560157078747,6.567758007997463,7.211305622552867,0.1766477991343339,0.43812683474274405
283,0.0256674149434656,1.29663045174861,-1.126151668665912,0.4259206929500505,20.267674448720015,0.11028800817662754,0.5372357214486457,-3.733227274139125,0.9921067979494176,-3.205246199842121,-1.8807106509848057,-0.7602924943452183,0.6346544787391377,4.6689285417242,10.94236173115359,0.4892744716349811,0.24279384378657637
284,0.02679146677286508,0.7316581519855196,-1.8515269499712301,0.4587240412933757,15.95562520702125,0.3644498946188379,0.9091530086141988,-0.9000796602506842,1.3363350554051059,-2.4009236848217563,-2.7106715956526117,-3.9042300642995134,0.6967834999468961,5.16214270539077,10.836887219388949,0.29433206922962085,0.8064722071887537
285,0.007423793871292581,0.9855388473984634,-1.092190344668667,1.2692255420749263,11.577813846362332,0.19102781850424422,0.7640269859100611,-1.3770895985549925,0.5793258156544399,-3.296959365549897,-1.2176200395959629,-2.7500621444301627,0.8045663643646013,4.85496878284394,9.816414783149042,0.8221102239060801,0.5669581383375203
286,0.009469814217548209,0.4020178204004618,-1.589998192978944,2.1306346546273103,16.38349870789761,0.5852508143264556,0.8113747266633305,-1.403387116058989,0.8583568035386144,-1.9108825701279444,-2.349306341412748,-3.12488131530064,0.7029099067064675,6.3022266284236625,11.30202312209927,0.6177060214967862,0.10775336073390832
287,0.02036778828127411,1.3008506739219132,-2.2188351330388336,2.299252876462091,29.501592808674722,0.13281954659951992,0.8232250588541975,-0.7586781576009929,0.3996315704131137,-3.1730379675490967,-0.7446720719038482,-0.6987766648418656,0.851276523973809,2.76079373359539,6.2314517758591155,0.3719993845890254,0.35730077593137827
288,0.01063325538183954,0.6672954028090973,-1.5518355253814566,0.702942810906333,10.2462746081316,0.4128491371119912,0.5258522502301541,-1.3471901754630506,0.6392027843495851,-2.2510889228626088,-1.8100116424285058,-2.243596295182887,0.8256882143474886,2.000595388518113,13.760922192506438,0.5183040724522111,0.7751747645729227
289,0.02218885381776201,0.4373950176902475,-1.5491763255226871,0.6312794417133671,17.65812396103633,0.38767176458315034,0.5230505072976492,-3.8782967363078713,0.5551591362415809,-3.26775639327982,-2.223770224860384,-1.1473056635576473,0.7870420000850958,4.433847620932193,14.666038180834391,0.26479635253213113,0.22956337851243497
290,0.014266952734404266,0.4305873747385348,-2.0255492198259097,0.11978788909542426,26.765875209494755,0.2118454809626153,0.7129549577730842,-1.682874153011786,0.7274306943133337,-2.909992345987507,-2.595322965654084,-2.5867905638005615,0.8177039850203351,6.507834901532084,3.5704087015041215,0.8365470017398225,0.5366023889218757
291,0.027027862788590394,0.7832904078750926,-2.2249147710796033,1.4593428944890987,25.079071003843755,0.5130129712893113,0.5243044722034057,-0.4373944157408025,1.1880232754408888,-1.7952000557623462,-2.648257318729094,-3.3396397938016094,0.7812120420449395,4.557180936179336,11.983983512938707,0.3691732194797403,0.46750597954583206
292,0.009154979815168031,1.2593874443323432,-1.4537498096829218,1.888444985597868,22.46073932406926,0.2675048254655318,0.7949096923767189,-0.02979185785713412,1.2200652136620773,-3.8915760216880226,-2.465668789461908,-3.407437896856393,0.7357819370401232,2.639322422366388,5.315434210171029,0.3576922756562226,0.6086942340372226
293,0.017442081142147074,0.8789085945783306,-2.2183714858458,0.46248370883717327,14.124897369082039,0.5003975417634468,0.8533568498579696,-2.1814151687991776,0.637291298084671,-2.2318416373534067,-1.0308407033153182,-3.838355482681099,0.5923113454536313,3.45017275000074,11.289855392594148,0.49195066607085175,0.037209553237553865
294,0.020589610820762792,1.4856558493709973,-1.5444405602537485,1.6806747183916118,15.005281744972628,0.5908345958839121,0.7858180090648745,-1.2620964001169228,0.41515439567611334,-1.86434843295954,-1.0211106711939433,-2.1344255600471755,0.8429142268135346,2.104519435945186,4.549202072666157,0.023508235946906944,0.23115715609231274
295,0.019606836325416925,1.0450331422877601,-2.2802622257826446,2.1791627893849963,18.77794883590077,0.46969451180472965,0.7991156560637993,-2.027142742643377,1.3656986032804264,-2.9713076029894623,-0.8562922843584566,-0.723987322205601,0.8665287836583275,2.7516263476573783,13.529130107228802,0.6542381569437707,0.888797542769525
296,0.012356302392810735,1.1505404761437172,-1.9612818286130653,1.9150029530863866,26.575836820687343,0.18815301245634203,0.5024722268499527,-2.2300161237109126,1.0448646499394654,-3.5784329692078964,-1.3105525454448748,-1.8845298954121605,0.6780353899407707,3.8345432916689397,6.750745025609484,0.1783036513346708,0.09145859382555926
297,0.026118260838118322,1.3340629889761038,-1.206677232782455,1.4908347972527292,10.535574465360003,0.3786941750835484,0.5935899456948641,-3.168091166158778,0.7212943375234228,-1.3260008627862514,-2.8021243067028183,-2.639228373582423,0.689921467663084,2.3546383435145164,2.569149065779057,0.20796996580462912,0.421846411078634
298,0.0286369247875571,0.36388371814858145,-1.8175967549842174,1.1818249055887193,24.102265104781793,0.135186891072215,0.5308381016306806,-1.138686352131928,1.299965438123339,-2.5063336232784303,-0.706788254647571,-1.083455206608805,0.8470867899687368,3.506125362408617,7.641913161433623,0.08926453076438412,0.33744007842290535
299,0.029571392563693604,1.105049286392609,-1.7949604718233276,1.8165523680436095,10.563876170732424,0.4089148535769007,0.8094141429927844,-3.8433426046912635,0.9742173294661098,-1.9583564991223446,-1.4366554983380824,-0.9414538477158372,0.7587608450397388,5.965396685838773,10.266279810772627,0.6029245856961725,0.37040415719627795
300,0.025936694906950632,1.118841596602174,-1.335979645684417,0.28023121980324833,22.295718213411984,0.29507764621590327,0.7277128172491698,-1.4103629623602791,1.1876255595388605,-2.0041246427914468,-2.1368838321555907,-3.553130432256916,0.7373429825461395,2.275692070016574,10.614572041024472,0.08620590802022798,0.36386521206476974
301,0.016569682195015444,1.4728837202699037,-1.2766197680093212,1.6492243943876377,29.198468768634314,0.3606504121558025,0.7214594498417931,-3.6868761995629176,1.0598805636466553,-2.0508730706262424,-2.46360716462437,-2.544682717294098,0.6016779595653531,3.2932663426699174,5.349970676555072,0.07398320123085877,0.24718063001355453
302,0.015215551038673395,0.8728278431054544,-1.892153889574997,1.0237963034062363,19.77297603300169,0.25200931099419716,0.5664106163397435,-1.068242077285618,0.8303738932710445,-2.3517382216126492,-1.3575743602079948,-2.3773626554744265,0.8121091123128065,4.266415757825385,14.20661992256572,0.7631715382255299,0.8730559978556713
303,0.019221087412599328,0.3868080020247533,-1.2125032935014644,1.8098827412148537,25.55919361312793,0.5239127559377997,0.6533177956267975,-0.5764579710716209,0.6326527411180374,-3.1154094889381136,-1.5576925383552773,-2.5942598095139866,0.6829806934502444,2.7207530223103897,6.114399532378755,0.21223347703770912,0.29997419318754026
304,0.010836307743149642,1.4170597969731613,-1.7974648460478433,1.6563056356473171,28.801277952154287,0.5029061007281488,0.5487159443139885,-0.8947360583969246,1.4486000556900398,-3.2838215431167557,-2.6300853587612543,-3.698795837264135,0.5693533948437135,2.10903085778505,8.174204004640854,0.3654608935510141,0.5104917780347245
305,0.02904390753420718,0.388395714513458,-2.174586578652435,1.9173928529447062,29.23762255316849,0.15348610852742584,0.9225710775653508,-3.7994239735910535,1.111901859225233,-1.21052074922502,-2.975313835102322,-2.4666720420378905,0.890439468077062,4.573355459508207,12.336146875233943,1.0121625019773572,0.687414552861734
306,0.01775117099050278,1.1636086091849898,-1.6035089785777072,0.2738788801174525,14.204035051805828,0.19329778518064855,0.7978377379971666,-3.873978021553981,0.32625535302457204,-3.107328126912617,-2.9908806846172573,-2.8609544438021812,0.5688549737311537,6.823378248424984,6.503201152286164,0.2739678680255474,0.21137267175366464
307,0.013004566000039831,1.126044131418646,-2.2876185818959747,1.1608406939114295,13.045195660233453,0.17446736262158963,0.8279493561712423,-0.045391506513187796,1.0310715481816035,-1.7597589329961116,-0.9912639157663077,-2.758903681244055,0.7399681080188664,3.8993815746011964,7.822158532523897,0.5838741280183187,0.04635353052584089
308,0.022916338406300526,0.413061123856589,-2.260538039198945,2.1112805562514,13.404870735521804,0.5574402908601914,0.8774303171942088,-2.7257239188573,0.36902213966787434,-3.445384431041229,-1.0567887895626982,-1.4258964824441454,0.8659426725262782,3.5273140974676553,6.040721491877549,0.7780766933367654,0.10846718182353665
309,0.021730918264229813,0.7389503627491257,-1.5192185683950399,1.6772015106801943,11.862840043945647,0.18412233728967797,0.5060821449498163,-1.060875172313196,1.4029594920867867,-2.3883962529668357,-1.6785838711118521,-2.1223280828325555,0.7559709134851,5.35884110476342,13.798451391949394,0.06068894951086091,0.5907971824937196
310,0.008470603796048767,1.2559275881286927,-2.1341385488815896,2.1076498570002125,29.28621826616988,0.15360281611034216,0.6879251392324575,-1.4125257705683736,0.3455169481816932,-3.25064733420949,-2.0753892877912636,-3.639710232045474,0.7317206990100849,5.751622451948563,12.626069011033744,0.21800922076889007,0.5508205682938725
311,0.010148032302033793,1.0339136961922837,-1.6342223986357927,1.9580135891234494,14.161303845721001,0.27932333686026145,0.7404150963475609,-2.104479475093652,0.9189507531470633,-3.716399603618755,-2.5059952205350116,-2.1828628209145338,0.5872172054297105,5.417670684216814,2.022228073943082,1.0451923793825229,0.33119920565760547
312,0.01020360175594065,0.5621014557871047,-1.0830311815641864,1.142479019738094,19.728078335643485,0.24049041022169093,0.8552495847473429,-3.2718267086075166,0.34925391534805095,-1.401892487926768,-1.531067100200693,-1.5468398496382534,0.5596537204562942,4.490514576358244,3.417480485690948,0.5555666605335712,0.7015032511189991
313,0.022643496621727734,1.437638767511275,-2.0717279596042957,1.9192480948832678,10.757909824741766,0.16724513187437554,0.8662120363501205,-0.5521810364950812,0.9961785312328768,-3.6541713607126374,-1.189686082019735,-2.931105706753569,0.7574518300805566,6.038481661725566,11.617987582626803,0.004115679270173941,0.6596540029512291
314,0.028492899514550696,0.8461007339897719,-2.1190658097991797,0.7816497924680963,15.901766843962276,0.5754623712402673,0.5981891993068723,-0.0907686963884502,1.4051126506606566,-3.4860020304877457,-2.987797444646902,-0.9253658648495691,0.8434688498349207,7.796578413290661,5.861244526203718,0.06400267612327873,0.38223278804294525
315,0.01510716853863409,0.5297303775053469,-1.5934151547405224,1.6173784860778704,12.300859133686597,0.11243217289593967,0.5931380319774544,-0.2843505000974895,0.5684204706476873,-2.6006498936111035,-2.177348048717607,-0.8899745306306706,0.6976988504438084,6.182549511845065,5.003447163513168,0.9343810643548993,0.6402652558535589
316,0.025262781822067173,0.49497712119867754,-1.9920567198290522,1.4818393305991273,16.206282685381687,0.297459403152882,0.6750800474709429,-1.4687436849916096,0.9388688187944914,-2.1465473624214333,-2.9303432717539577,-3.121523659051475,0.6257116635925757,4.877327158009917,9.094988000074249,0.05580220018778138,0.7633027147621574
317,0.017954464547479405,0.38240129611238316,-1.9170940867760629,1.417790700987714,23.172871405135854,0.4038559022945837,0.741462964277332,-2.3155260494433527,0.6425691137325731,-3.509772282191453,-0.8585755971956615,-3.1397480497880226,0.7386426149424475,6.794508057794333,12.221182080372238,0.8684723442982454,0.725698070588895
318,0.012008555727798936,0.5921929395984007,-2.1091725741601977,0.0038173655018230407,11.814139003987195,0.24586707995143792,0.5602127860558292,-2.6044730108416987,1.2050135153935384,-1.2542508199562938,-2.6474544322100115,-3.529069287215712,0.7615703862717531,2.8874074000115746,3.902759960842502,0.5857661468845373,0.23911729549234415
319,0.022334954204840635,1.1183064652212802,-2.2684250893271902,2.2001995728172155,19.21390835733481,0.40767038610973094,0.5677640373822701,-3.3852340423363305,0.7762674252703416,-2.602809085728027,-2.2763217101574247,-0.6425837496741442,0.7931819066944086,3.153713950645802,7.853969580215513,0.6860286275439949,0.7829341645297856
320,0.007445201191939315,0.6028738465034722,-1.9643780790696983,0.6733393595194759,29.63560023899594,0.5725761508635986,0.6720633301144562,-1.2138600366145633,0.7451067202373017,-2.0202741845487227,-1.0917486651214652,-1.8055562731246972,0.7983270421297266,3.131532133570688,3.249197958172985,0.8980352035182603,0.6472980790097959
321,0.028685821617265416,0.6428937351275017,-1.5947626554075636,0.9111478494061425,28.18739231992805,0.1794280682273795,0.7107061540801988,-0.07924602056098085,1.4983947347620548,-1.343530209346726,-2.757398246326286,-1.5333058341223769,0.8087375226566371,6.887502595429675,5.5734918465805805,0.005252246499462602,0.2773483907098325
322,0.024620457246191784,0.3322540382849044,-1.1835633672725756,0.22618236562535388,13.57710625823185,0.557820070964249,0.8939066993096179,-2.900164916018797,1.4367339367154943,-3.4383203155831965,-0.9659420415716968,-3.040908137636273,0.8573707677761537,6.682306653749729,9.19031538197608,0.607929129418097,0.4992804207788507
323,0.027060645513497093,0.6824498004605453,-1.8308720636101004,0.7744011487170511,23.28248248053779,0.44489936549081566,0.7719227793123458,-1.5209681274276612,0.7051829047948945,-3.8757018791508657,-1.7878213093148538,-1.9929017331616223,0.7431176812492089,3.878179929433615,5.461101344380165,0.7854091678862781,0.9111765209599836
324,0.023102147209515922,1.088551266805648,-1.0840481688748835,0.3196493406476986,24.003093693217004,0.17513082250010897,0.9359818314661815,-2.9627354295485406,1.2497716301761685,-2.9147308514596313,-1.3642916546075663,-0.7557343905722327,0.8581472954796051,7.225722088270911,6.438266398349806,0.9936585078887981,0.7697547169529471
325,0.01890644803803259,0.7072079081399961,-1.180627339546505,1.0118463812259868,20.359015267932016,0.5734827630649586,0.5849146324117813,-0.8212931150438574,0.5520356195002547,-2.788149261415076,-2.438158001963026,-2.174799592159647,0.6795562334725831,3.0746418192224594,9.51710902158472,0.8711359365008163,0.5022155020172286
326,0.008296419893676719,0.8779073651478988,-1.2373272689390165,1.7159183962367657,10.629199290696365,0.2714706764727392,0.7675172733619495,-2.8759526351607585,1.374249542681825,-3.8417187652166684,-1.2708607730487784,-0.6710958151611539,0.801726744705942,4.9918026488102925,4.61381756414242,0.19078650683318932,0.5737996317014727
327,0.009135180321822998,1.4815961607618382,-1.7722034381775975,1.9961047957411575,19.159396430288275,0.39905121722935666,0.7701068476144783,-1.9317055659115172,1.3828246438050547,-2.312333507575005,-1.8304544968193401,-3.696431612998377,0.6472114307127196,2.350806488229176,8.326407142299754,0.3800738453630153,0.08469641610141962
328,0.01181403561948028,0.7678115504878196,-1.520991278223966,1.0783031565200132,22.912779756335816,0.37918473294274635,0.8160666936369909,-3.146499657815315,0.8789811264430665,-3.2729664117153003,-2.376719782404896,-1.2648139342404168,0.7918358537578044,3.49557803026631,9.263173388356268,0.3644865608427714,0.699872279774685
329,0.008819742475941137,1.0620866904405704,-1.997092534552813,2.0671883193210987,22.98638873258072,0.4005387419033841,0.6973323061035646,-1.6047781417649944,1.0823685613090768,-2.806992721170547,-1.4084934876861883,-2.991827924283962,0.7519399832146444,7.102368884644577,13.352496957913619,0.08159044408230744,0.8769631448527906
330,0.007185149335228807,0.9959629977954165,-2.1544629623402023,1.4022253236999334,13.613345120718403,0.11096265830524568,0.9301591623725425,-1.368630992874929,0.44928565569525725,-3.689324428015424,-2.018293189566983,-3.195425611680636,0.6943483740457255,6.076278806916561,3.6715721306225486,0.9542675207584798,0.2175682223109739
331,0.029095257406514658,0.4602412394613793,-2.057942441529863,1.8383711255426283,28.545903322219377,0.16815385299189894,0.5127457827468406,-0.719482194217349,0.506047945606193,-1.51043743106819,-0.9555645308711247,-1.9992146875829349,0.5535865113927498,2.876500932766759,11.683693285068827,0.6876669990657982,0.10939915679561178
332,0.0136764329997562,0.813516896231147,-1.6724363553362127,0.5233039634300644,23.21618205140666,0.3143441404399381,0.8297705138725846,-1.1279501805028813,0.6719156227243526,-1.992820147492889,-1.9934702859161049,-1.2793137770037628,0.8224341773786379,4.1156597384222895,13.074792220144856,0.6967209574526372,0.06624453278215904
333,0.009448731452332073,1.4967356883061298,-1.586114112727026,1.3701932608566947,27.587253546452267,0.5564304304502466,0.6565821056106744,-3.6813079775905204,0.6339198509171953,-2.2866673798566444,-2.0464849736990827,-0.7389904045492379,0.7232778551617831,7.605571717491725,4.768226614065279,0.40970232867249246,0.3671212776277218
334,0.022083082383407737,0.7739158682523494,-1.4626119672154,0.5390798661312904,27.005845736073017,0.5191443843079881,0.570348214459075,-2.0652983848449185,1.4935118860129963,-2.1726163329310744,-1.2636815837765023,-0.9985203300376186,0.7142760177998089,7.1826194416773195,3.9397029318322785,0.807984317454517,0.5598080404727922
335,0.013580131287092234,1.1690183876831466,-2.2000670125219783,0.07581115995729021,27.463289196165192,0.10750146034948138,0.6065841997754582,-2.1863487170264904,1.2514618830196165,-3.585374749252694,-2.7921427683670226,-2.556774831134665,0.7637912728214931,4.764024357052294,11.92019519948833,0.6727125895366066,0.7069784202549834
336,0.007730188694492766,1.132070242522969,-2.1213399767117522,0.35019187134040114,26.880697366423018,0.5615663447703806,0.7746510696999414,-2.327460812858325,0.9895071746159236,-3.2561014021149455,-2.94061010097408,-0.5256310584564616,0.6979113214865199,7.498426031821092,9.451387380529642,0.17693586183092044,0.4934877611672265
337,0.006940068109466251,0.35673971422669676,-1.860890710876237,1.6620915465060255,16.25443590321473,0.1903538370690846,0.9349450200057918,-3.088873021292633,1.2635194502249172,-3.753691835767909,-1.009203511694051,-1.4741795983158452,0.6937407042642507,7.989453150597873,14.948339168083999,0.9132515671131993,0.16145036661028514
338,0.015821806450733018,0.7848209269949582,-2.172816573457462,0.8623091328523292,25.473064279579006,0.43580473580621815,0.8371119065502743,-1.2506224379976922,1.1823724974565089,-1.5770767211689782,-2.797922333649678,-1.389362053669668,0.773905976237542,5.578748037877613,4.783274565790396,0.6256471318352038,0.018682796008482768
339,0.023617276057835097,0.3208218556533581,-1.1774982839413095,0.8763367410470436,10.471168233807903,0.1908518869743801,0.6371080695503049,-1.6742038578369822,0.4797209983990882,-2.2801783635928397,-0.8075722502651508,-0.5731315524327063,0.8644875018866311,4.892406795201357,10.68571196672969,0.32353824385340324,0.8711760542224934
340,0.008359771272067988,1.3311508746627214,-1.1269320973020147,1.7635483395813956,26.501719639779836,0.35991145365898747,0.6823087188844081,-1.2657450600830358,1.0453601668955714,-2.303635475585331,-1.3866594624361437,-2.816135810858425,0.5805687848165509,3.413813487640497,4.597124558309015,0.28696523661436696,0.2894396007590147
341,0.028715044071306574,0.6792630138847664,-1.6903556674059494,0.3334299823117915,19.525387059226475,0.12351581410990206,0.5850909600309717,-0.84081809828196,0.7316360056696011,-3.6508364499197397,-2.6061327259909963,-2.823803069362165,0.7731709283321758,4.014591513570759,9.69440016324302,0.7585369659450207,0.012946362779905641
342,0.019689100403848053,0.32997573221421217,-1.5124158202337568,2.185912428273518,26.409098634850324,0.5517682544937498,0.9147927898008694,-0.2289946328621184,1.0240869573747617,-3.6457418240627106,-2.238930830463712,-1.9290783114328929,0.7639866478754778,2.0686022814189378,2.3306464784759173,0.21099742866353396,0.4310233208067126
343,0.019917048022610538,0.7114675053817132,-1.6019342372593048,0.11261483390149639,19.997739743725443,0.1621458892090349,0.9436850451389145,-1.6626856118647146,0.5979104284362019,-3.3208075817775686,-1.2083973687332656,-1.8792436647376318,0.8679004710289504,3.7694088817647904,4.720383916137238,0.616918777080282,0.42838055512989837
344,0.011857136017165029,0.5631397113779508,-1.324775736329436,0.9140572967800157,15.224021115736424,0.12638092427567368,0.8510232210627009,-0.7679732671071862,0.5207568035704953,-3.3040015770173117,-1.7192364376947662,-2.3735644604931463,0.5998798489805,4.146017099225585,5.354206195814809,0.2729046488807467,0.5925675469668845
345,0.006878386567796362,0.632898392454772,-1.284885276259688,2.21190577023581,28.693200753625277,0.2076028830139255,0.947160668141301,-1.8090684102123888,1.2289160247658586,-1.4606893806075942,-1.0970954405604991,-3.414741617409526,0.6476965573340858,4.777179244736003,9.34085023309239,0.32547300772632953,0.038279506891096896
346,0.012398616855829138,0.9483890809318989,-1.5460918054153727,0.24243882717203005,18.201710166463307,0.22445206304909737,0.8496922624679522,-1.0443069925152688,1.0698351510438282,-3.7727412276425945,-2.682901450534155,-2.268438575139908,0.6037679998588195,2.5388679355651007,3.4599968044687532,0.728366441514963,0.5309383134846105
347,0.01618733101979288,0.998595325090933,-1.6443903166980185,0.3045114466778704,19.586337429525983,0.33813133828000075,0.9156872930205215,-2.4991907388395775,0.6731271844598448,-3.517841657135253,-2.842167175747658,-1.7558788135318792,0.5893294017347527,4.356606086965145,12.171275971779107,0.2678627265110224,0.14813343458009093
348,0.02601537762319358,0.734306925769324,-2.102109409773167,1.6067815323784007,20.866467742505588,0.37527559538633426,0.9019242901135619,-2.1471791469265202,0.8637495934402439,-3.0543788640164333,-0.8490875236695121,-2.200469437295175,0.7924848196773215,7.434159066609086,3.5505685997284457,0.5153525888987389,0.7625294628563227
349,0.029954792492947087,0.7710611890034763,-1.16152442253943,1.4355769103879141,21.645061208554274,0.16618190612368408,0.7985082204760787,-2.6361815586308355,1.349355997781606,-3.2151426872513245,-1.25452564702426,-2.131715501793268,0.8556332434994127,6.6617319507003785,7.163586560370691,0.09279921205766775,0.7398305104378147
350,0.027478996308260843,1.414049615867218,-1.4283251466186528,1.9872520102485525,14.89441575680538,0.32422039000345,0.7627282684952847,-1.5517462432996694,0.4208197814302258,-3.5919422555617078,-1.761287916632887,-3.0054168931810223,0.7658665806357727,7.525989759811867,9.786742630914414,0.5478132095859285,0.09326326765774623
351,0.015552000252802928,0.9034164782814416,-1.1979312345854838,0.8047712879980837,17.93392340049823,0.42438282255048676,0.7058194658264964,-3.2378465476317757,0.5758886262881957,-1.6595312843678047,-2.3275256087794323,-1.9462653229871238,0.702386871109263,5.938798724635009,12.041629009703446,0.4970285280855377,0.015427057129369946
352,0.014484511325375333,1.06770222270752,-1.4436852115555197,1.3054962078113161,17.157723469322796,0.26655460477234516,0.5272524414952093,-1.749707013925807,1.2874497110262906,-1.856711946153918,-1.107362770133693,-1.8205795481993818,0.6348952192931288,3.9095388611965713,11.136801184604543,1.0841019233423401,0.07665081606495089
353,0.021404003808006288,0.7294413952785495,-1.9593870729422374,0.6950518776252861,22.885109363367523,0.5271815143025477,0.6413198102235271,-0.22219645949474343,0.7465700427987705,-3.794889494032623,-1.2206125048544023,-0.5413204049811711,0.6160979562329905,6.725929765936538,7.08596255900549,1.092269215160745,0.21007445667339902
354,0.02301334029825436,1.2164980281279094,-1.6584356408478036,0.2509304425976267,25.755602527095355,0.2654972118665905,0.8072279925443753,-0.8088085305314299,1.057085444733893,-1.821928975065001,-2.8990526814973343,-0.7733866666419194,0.8071312537118926,6.265154713137115,9.435573116223818,0.7894094550079415,0.4584836737846348
355,0.029264878465310194,0.7985893076810233,-1.7508345603925792,1.3312450159113138,15.856330478569799,0.2743704021484364,0.5468879479051088,-1.3614090323897052,0.39737725527870466,-1.8035365922749138,-2.76647660483971,-2.4043708892354503,0.552669784192094,2.7811187188183575,6.15129616166618,0.5401353718482482,0.2717778405629043
356,0.01883327190432051,1.4979406857027335,-1.8192101847567033,0.4525920304831977,14.231221561916628,0.34071720585331366,0.6324794266193172,-2.9520421791737643,0.6165689680269719,-3.441064441679604,-2.216327159983165,-3.2738465421052396,0.7785318552358107,2.5027602693541287,12.42693678423043,0.9564210288155395,0.6744347169733053
357,0.005425634422230339,0.7416811887090738,-1.1408847513015437,0.7975335442810965,28.521899475346977,0.5031451252395931,0.6843151173204832,-1.2688026927500409,1.3629892095586762,-3.807384432098986,-1.6554067005756599,-3.8124266392500834,0.8481139438198723,5.632522773491111,7.6649782615410915,0.04319718572854808,0.8585950707698073
358,0.029908916704301854,0.6276925380303229,-1.6501318078281686,1.345959043760241,27.545186196070816,0.5278960435953415,0.599607690561745,-2.203760059541904,1.4585528908543635,-3.68412336490202,-2.6985924340544853,-1.846336096488677,0.6330259650921521,5.7031971306635745,8.313020365522853,1.0062075120053235,0.42448594738005413
359,0.027950269465620754,1.3439582650558148,-2.1113323298496924,0.1444606098207348,15.889060193661091,0.2876626500589524,0.5593429351781867,-2.0822921511767563,0.7733213454155488,-3.031720571801938,-1.3398798103529543,-1.6145198339952835,0.7250080893188717,6.199376141344767,4.867698283309583,0.9288944455797377,0.4698263765866135
360,0.026447705897267387,1.4698360157405657,-1.6234394905536222,0.0962299948917031,15.70906547272013,0.5531094671375876,0.8340059637581623,-1.996717793843751,1.1200267945002456,-2.646478243341371,-0.8449065780134006,-3.203448582610922,0.6964676418464618,4.66145138730427,6.193117116558083,0.46146882329773264,0.10178235768825061
361,0.028507056601699502,0.9558546674395616,-1.0775937317464408,0.5420456767812162,26.6903478525386,0.4248803221341403,0.8627780430989438,-3.0369888221816583,1.0640983995793272,-3.55219129400661,-2.981688304789795,-1.1030610637339064,0.7965765753940433,4.401863561386269,10.77184669192637,0.9793823875636263,0.10123989298426413
362,0.022273143155932408,1.2000685398765776,-2.1550045828364195,0.4412492997398998,20.838951834266688,0.37574172991376487,0.8927350121285693,-1.6613963615891323,1.2343281865831306,-1.3118011310348598,-0.9019625305780234,-2.0374201666462914,0.699496509808778,2.898158847485403,6.281199800477173,0.12737423932893294,0.37777293821952007
363,0.013493271020206313,1.2788810700946638,-1.5789087058121347,2.1145782228480052,22.82315589463679,0.1640433787336993,0.5501887323621889,-0.1496386566119181,0.3567130488584813,-2.792473161584482,-1.8899863876399186,-2.559147921545707,0.761821411272471,5.234613431129988,6.431075354290751,0.16469948739773962,0.87338130559106
364,0.008696396885815402,1.299854176890081,-2.143068604451806,1.0477878607204287,25.370724622608822,0.3476167452147053,0.7982339827246919,-0.915409516286013,0.4317371767212393,-3.011371992974414,-2.4849223516866057,-1.7730074856517453,0.820791629087736,7.651741269972044,3.8161554487976024,1.0179562300519167,0.17290969859300595
365,0.012685611697775809,1.268178933443059,-1.3994269802005403,2.1029986437655124,17.36659641716265,0.16763371906121372,0.5632110318047636,-3.6987580744778907,0.5071139656666146,-2.135176135071757,-0.8970339894389641,-2.5750248335303154,0.7230651440183744,2.520073953197138,14.142303734540146,0.9393181592836514,0.08153693630624302
366,0.0097475758572861,0.5001595133373177,-1.7079364231046714,1.0821184421737284,12.546193943574732,0.27494090381216507,0.9132506663995286,-3.7474196932898947,0.923023744061299,-3.5326309082355936,-0.7364366567273235,-3.65784652456388,0.5984167827816375,5.084283500632065,11.485958168634781,0.29052069780471074,0.5978041393157402
367,0.019824169344771624,0.42760533386860505,-1.7862038613091686,1.3348170118533624,10.400501554839513,0.5660684096175778,0.755159966248464,-3.154354967026419,0.5773967369653636,-2.9575313166792676,-2.4242498402188426,-2.8725367183671326,0.5773961220308764,6.789508453007178,14.253236529962432,1.0576294636514065,0.3714963737929193
368,0.01048473458814024,1.3846587258483398,-1.417831179003584,1.2858593851073081,22.70139194988129,0.344592665944413,0.9215017936129197,-0.8876599117394304,0.6093489924697764,-3.8252045270806,-1.973419118146049,-0.7447801081952128,0.8936516845270089,6.057144715787485,13.623242996530918,0.9170786125702731,0.6642315402557151
369,0.018424822579890414,1.181521807056883,-1.919033467928346,0.05213588539104663,27.79615428859142,0.5414329236452745,0.7547602026527904,-1.61556370435266,0.5833366227863365,-1.9228333728182094,-1.2298183737099573,-2.2065777040824077,0.7047987175549486,3.302351831055267,13.369127281709922,0.45915485938423495,0.01990825585086438
370,0.017653796762089884,1.0203303853537322,-1.0949308593140532,0.04923339939526971,18.042403772779316,0.4361766253395586,0.6129514894952384,-2.6562039972865064,0.5727083197843275,-3.551085566092355,-1.405957460957494,-2.723776090120022,0.8377420444594332,4.106937674278468,13.777426267737738,0.6516887186116453,0.014355950891218433
371,0.014335906665525384,0.6758269544252374,-1.6788274303282749,1.8172489335592492,25.131141177014307,0.18052350235967168,0.7340150323873988,-3.5176555762188086,0.733520354457175,-3.7808982495223233,-1.923105905307451,-0.9314741586459023,0.7327713371407019,6.00371459183706,2.7696095014280537,0.8871825597028804,0.4639139125320422
372,0.022729000183672896,1.156177258693897,-2.2987694565624075,0.14997248892485796,28.502224420524605,0.23806624270570603,0.7840035810447022,-0.8909565113076012,0.8171635209744421,-3.42026857748924,-2.010273407365713,-2.354638656996543,0.8367601749909875,4.206188721187228,10.419696090357258,0.9609415328611837,0.38066160964446594
373,0.014810007294392143,1.3195767630196378,-1.1646147233218969,0.4581180856382265,16.469799586489398,0.4443607686745852,0.7425065183355138,-3.4189176799294394,1.3976533390865693,-1.818323046197762,-1.1089216970409717,-1.597465057473236,0.7181975664494697,2.260953976695054,2.7936795733996282,0.17502503164656083,0.7505378188568261
374,0.028885037847726214,1.4661562998765925,-1.906923888005696,0.5633401051954269,16.986020281228907,0.309321490007617,0.6060189731967895,-0.8120441005995835,1.224108763396091,-2.2652882159863825,-1.600174290248672,-0.9104973160016727,0.5569694559675222,3.647954047230133,3.1330060212928306,0.23572148967680837,0.39657965596489353
375,0.00990378690918781,0.47525217166991457,-1.354810911241847,2.124307891294656,20.24190936388146,0.5426086608287183,0.8607475387380077,-2.9903691256224016,1.1173817519299234,-1.230810242019245,-0.9119719262333197,-2.2338342507987807,0.7394490408267494,2.8537883285545496,10.236738912659836,0.5792044913177583,0.7737652125682913
376,0.018299680970262286,0.7900066744743566,-2.2762145638399813,0.11362618382640816,10.508332775408165,0.21438622739521046,0.9014887073378471,-0.08305024332173172,0.848133995328596,-3.523590921508697,-2.063160901765875,-3.8971035381068857,0.7053298914488586,3.1898818871538976,2.6108726453415403,0.30204931421850695,0.39204132404356057
377,0.006448640449331987,1.2954179373152601,-1.2809764933152117,1.6422235856009193,18.548763781668058,0.13682646385946132,0.7365976503866275,-2.275501896681294,0.7750296383035524,-1.6287244700664973,-2.171280632061763,-1.501671678167137,0.7270650541180387,3.7776284260267454,6.022674226684297,0.1625030572903204,0.4419661701141808
378,0.024906832524652884,1.4000012851976398,-1.471706177136453,1.3798672363597684,10.29497454441698,0.23444473369994934,0.5173781587659279,-0.5122661032423919,0.35087048591184833,-3.184266595320551,-1.7160246298310742,-0.5317917883257408,0.6592213509363283,6.427873631431852,8.059623184964725,0.7936494145573564,0.4879086352097371
379,0.01039234719089188,1.412844683231882,-1.684791284454385,0.5772287664730714,11.305480268600911,0.5152860297804379,0.7004344795656336,-1.9468936862624144,0.3543177306936587,-3.203761830287062,-2.7257408229853417,-2.764091439507413,0.8454546009235004,4.234610343131748,8.978957952086288,0.9624325143694338,0.23942356874672138
380,0.019196032806064852,1.2321782030728194,-1.1939287019250482,2.2480652201537703,21.077301019509136,0.28973007289158037,0.8305052694144744,-1.3720770983377957,1.4405733591609755,-1.2664722909317523,-1.1615495891200314,-2.3582951278638298,0.657504642247679,4.2889149615006925,6.812856215708809,0.6984068019699794,0.5640031351153626
381,0.02693737017789752,0.735833419712324,-1.8292818715985333,1.434156074018258,19.61902796116029,0.2057000122689306,0.5100977050383203,-3.4906997106418034,0.358251611862547,-2.9642490180358445,-1.374600377587161,-3.4481189674848833,0.8190944622592322,4.813316966120408,8.936584277889168,0.03805548428859306,0.5200660877837489
382,0.02655392471954059,0.8951856392840702,-2.099148916146104,0.06479497309493207,19.79892418778229,0.27799564764022766,0.6763850077537942,-2.6623549220256493,1.4658445226969763,-1.2809619737897862,-0.71037480356692,-3.2954011305345494,0.5543810720861241,5.280184380196932,2.00613270322446,0.13957498411444555,0.21629277355103718
383,0.012811044536979361,0.8453170528648213,-1.901771551291695,1.1019420203338892,22.810020514691345,0.2634261059984243,0.7089324589076792,-2.3654662902156733,1.1248626185230899,-1.334773704218311,-1.331482341872893,-2.528236066629936,0.7080635177078234,5.817131383938479,10.495236449609921,0.7288139894505956,0.5011513213565545
384,0.02348353191707916,1.1306623198173433,-1.2713760873144881,1.4762218883405969,15.962559612415804,0.3163827803038698,0.93555978168176,-2.8410646967558315,1.2442655656916182,-2.270647891564667,-1.9911746146718434,-3.4269795766129256,0.6366976735315064,2.0876307693509792,8.107677370127256,0.8153690244306179,0.46903942174810453
385,0.014945453010440351,0.3019738845676484,-1.94152182095494,0.25306772834808583,13.536980158680045,0.17455096925143054,0.7233253293531001,-1.4316875351125367,0.37814918064432246,-1.6435068611176433,-2.3591273539917212,-0.7795123572154612,0.6101208082035031,3.9715788166047057,8.802172400727272,0.7103765224890984,0.3754622671188817
386,0.027795639559121836,0.8120544061765071,-2.0806999638881765,0.15811620552177844,23.85111194122467,0.33698769576438214,0.9410033498803948,-3.1042601732000574,1.2818017077425288,-2.482789434777058,-2.2031715571957156,-2.924209500023091,0.7186719078592704,2.4213759883915493,8.982015100961231,0.3810028822877218,0.1387322273168198
387,0.015292165372005388,0.38634544059669507,-1.4921100065984136,1.7329403744571208,11.351836075583929,0.19690746959044558,0.5348708682651174,-3.040980780478695,0.5656316971864145,-1.60778374093282,-1.6285494035302723,-0.8066742846956121,0.832926508107355,7.594830866679091,8.14788107997279,0.9983491234979748,0.029977717493452558
388,0.021854079107038547,1.0911468261132344,-1.6621174060771415,1.5708658012461896,26.71171342011681,0.3688681795940342,0.7409925465974828,-2.7732738642277823,1.1572316602540709,-1.8901497822470401,-2.0237515562491804,-0.8353928746184538,0.5639780516227548,6.893204200337112,2.1247299457228097,0.46449008827556315,0.5644658425036576
389,0.021807167608515764,1.028155079583756,-1.239937011146553,0.4045568061263943,17.785579297332834,0.20232474767157468,0.6464495521164142,-2.0399956311238308,0.9364999935308818,-2.248340829756228,-1.9126496335303735,-1.0387638633139087,0.6289276838788073,3.4523784221557685,5.277856651202951,0.9717442068089711,0.7772729594699137
390,0.02896998277203052,1.375225426760932,-2.195453549538744,2.183578178691337,12.633524968085496,0.13136210571877746,0.8389570137254987,-0.6982134940776499,0.9610016395937919,-3.6922522748253708,-2.681278257923157,-0.5823569792919527,0.6684533756079282,4.248213331778588,6.481332003278336,0.16977865655909763,0.0037792889027913855
391,0.0057344412085120165,1.1229325169427993,-1.7257731380550978,2.15157955974605,22.374177801481572,0.5857312683326542,0.8077350638219771,-1.201867059143011,1.3123717495548157,-2.0162857666278073,-0.7965724320078058,-3.2253591954372367,0.7419142197831272,2.5910481051260157,4.627048524495145,0.9883933150168339,0.5682722686008072
392,0.023566756593685328,0.8536658674576838,-2.051894838941441,1.5387592186927677,17.662219608363056,0.12907398542244777,0.5237145474405858,-1.0664501311149843,0.9883899462909889,-2.9765803106685396,-2.2633081325955615,-1.0547215151775422,0.8801665439800541,6.485502900193447,14.678034562165633,0.1371601108304116,0.7689100138958734
393,0.011533294052756002,1.1866873837685183,-1.5197458519609064,0.6388554574669325,11.15548370558389,0.28378221941922804,0.8649488642562587,-1.7763503736324235,0.3681225344202016,-1.6581160085023696,-2.337309816801165,-1.034502350871628,0.762889793507713,6.968211699818518,12.292141067616951,0.536605719761783,0.6757023089253374
394,0.022933278189270784,1.0926013579585947,-1.2304593488033417,1.6635167232041548,25.391734773345885,0.40559314564376137,0.6225259609723127,-1.761598573046875,1.4098387282561964,-1.2935779055576972,-0.7478969152168404,-2.0626424295780295,0.8138518041201214,7.281568690273515,9.444336984688665,0.9265325579276423,0.8360513322021859
395,0.02922689635058088,1.1135677026383954,-1.4146885365239332,1.5214808121462928,26.364220286429383,0.13599239119341,0.6334185938173693,-0.8268886327084379,0.8071311852223813,-2.7548822577661825,-2.064527502318107,-1.5299413501102745,0.5770054371213621,7.156791078412335,9.180531838795188,0.6195432624254712,0.15170139224976079
396,0.01589722485666261,1.2421430328524845,-1.5685531583428052,1.1577828999120159,10.118577067016934,0.22034094312767594,0.7493277340292471,-0.03583411271123538,1.079065435818114,-1.9646983314457953,-2.112927786526852,-3.1528494876373445,0.566499693867765,6.925499682002227,11.376469241609167,0.20949618896748773,0.8557229669710382
397,0.009267735777219475,0.9411188832528334,-1.6498137755215103,1.4278347454287244,13.650993766291467,0.5167199325880198,0.9042251842397744,-1.6503369482698989,1.2281394730485358,-3.323976568547627,-2.1198474318454945,-2.0334132513606438,0.8820331696517443,6.550226693683053,6.792805927672877,0.4002821012690522,0.8797908702911349
398,0.015906205966491914,1.4045950996432184,-2.140486383923736,1.9846272506690081,10.343284974152155,0.2856295626726504,0.921168786228016,-0.05460080384217347,0.9813252628460796,-3.812408452319556,-2.911335272458306,-2.042054912319631,0.570959485221428,7.686111895085214,9.146105374331597,0.6758223394263163,0.7296687599370181
399,0.0095175597423282,1.0354926667949522,-1.742582797954019,1.4949390962165447,27.9199409019266,0.3205680004713318,0.6801111463717922,-0.648912674866633,1.3199223532123154,-2.6318334153990333,-1.3344033774111046,-1.3443909118316761,0.6269979594447445,5.148955944343058,13.87856946581964,0.2515306395221489,0.7962369139226483
400,0.014430719025613627,0.4771007203384852,-1.3077348395513377,1.5436188267925273,20.85451332846137,0.24086510991534935,0.6604563790604687,-3.0065774130843304,0.6185234282917458,-2.471502063182122,-2.1582861554239443,-1.2901435598599975,0.8595010948731556,5.622515797868012,4.084278076532903,1.0959010273553835,0.4426550773374911
401,0.027281529025266954,0.699915855264219,-2.2719133492781762,1.7962321598502724,14.359322534836299,0.32046420369485196,0.8859724850331381,-0.059363554413019326,0.8993566837329323,-2.979326035679777,-2.3838942793662907,-3.507570918922645,0.7642375732904882,7.961217289593168,2.7536761679485946,0.6017635434841855,0.3548573858651517
402,0.025328910680829608,0.8283189236679984,-1.9999423752211531,0.9749801764468652,10.442993672868408,0.2726783800307334,0.7225344921739462,-3.5351645945254186,0.3857930902893637,-1.5546291881120462,-2.6228680759943845,-1.486587462608842,0.6074998037484548,5.714751617048197,5.648443803893068,0.7926931547482351,0.20113315976424848
403,0.02358310267590328,0.31695252236297144,-1.277878648360359,0.8181260690302752,14.810037086365739,0.2434854402218016,0.5624999446228928,-3.1512695979808765,0.3668900589465252,-1.6680786032201396,-2.316728205893254,-1.792288597913147,0.8147915987223622,3.9922350695283133,3.726424777104066,0.737453108457956,0.22418464516845749
404,0.009644376918866984,1.4904208367053533,-1.5042105849581249,1.0453640613246473,12.375689932702619,0.5300556704640873,0.71134262583412,-1.0223337684710794,0.8903603274617766,-1.9701803554960795,-1.561814010005607,-0.5949811071925124,0.6852554943488804,7.096288238210376,4.680454141007674,0.30825478412190044,0.354206628984881
405,0.015584131808861118,0.9589365619786638,-1.1793110196183136,2.018150884711305,26.227296527554472,0.4158881866271176,0.6211766250743446,-0.5790060200903033,0.40165246246306596,-3.1930168515103254,-2.722955775699559,-3.50155097488029,0.8124405223044402,2.301015712700769,2.2725760422663797,0.557641766831545,0.3524984335473684
406,0.026290073045526573,0.6370706623067177,-2.05225220459039,1.128394965119837,20.142465383263037,0.4297136351287071,0.9394392187009768,-2.328535726837497,1.3061034997521404,-3.155984042202328,-1.7267941311589758,-1.7705429231699386,0.6222304098397532,7.855459426283291,3.2630000844087785,0.4564065639786542,0.4103078653597109
407,0.007011916919762388,0.9889232229193685,-1.547330999200721,0.8935981423343803,13.466857061402221,0.12778818728660202,0.5682180646106906,-3.5387287364533124,0.5261879573618278,-1.5706375842500608,-1.234369315458971,-3.1761476971318037,0.7781853032419701,4.250234123980809,14.751357786025775,0.5878716048468433,0.7311128942182188
408,0.01929873897990497,0.9002148106563688,-1.7585904099452887,1.4266539761395107,25.35060404410693,0.18871290085976572,0.602716605742517,-1.6231315577384988,1.1847248797934602,-2.03225024424394,-0.9725370165092748,-2.7967177797644838,0.8198336674594477,4.17545806162963,6.634523821835171,0.8956456567827116,0.864697089303733
409,0.0232726551591016,0.797853881272663,-1.2019555799179864,0.03180621021630397,16.73180301561662,0.4072045705667934,0.947822342852721,-3.828044414668571,0.46864713816635506,-2.557852706922736,-2.6637120619150334,-1.507214951630901,0.7175355078621759,5.436026483318655,12.877374759063946,0.9459466287473675,0.5827738715639375
410,0.013276702953042677,0.6463765259977514,-1.3860025927727038,0.26006918564678855,14.90491863611285,0.23905690297286894,0.9063252207596901,-1.8580443713090773,0.62350813794217,-2.7500389444208464,-0.7755265703937155,-3.7931728426914586,0.5854581975358931,7.406707108398168,12.005249085683777,0.3987521063089174,0.8678496161721189
411,0.020959445944313825,1.4992636955103689,-1.6129665819391383,1.884565871143619,25.21629670859786,0.24234874869440753,0.9101000186199071,-3.555523392390865,0.6877299947901521,-1.3384328049576206,-1.6012236079620632,-2.7703582311799133,0.7799864439850027,7.062247899656409,7.794809329821092,0.09817631071495041,0.37464839780817255
412,0.013208909679629666,0.8546486838545835,-1.7389608976193685,0.6884823316269453,29.309217474029463,0.43507101539561943,0.8188603058187641,-0.14001930651819094,0.49278223377208374,-2.6070080849596895,-2.039789191025865,-3.6451158358672062,0.7961156219040817,3.2176674900319906,2.7338562030396547,0.32686327516292873,0.6416916035452578
413,0.00941655386235569,1.2181967299626617,-1.1575153121971236,1.1365540403656205,19.443918789942202,0.4813754705500116,0.6097639101677916,-1.9007089080884394,0.6407170891614828,-2.6369637364769316,-0.9798375285080434,-1.2297099399920315,0.8561721073189785,4.648321333813504,5.1407417068199255,0.24034410488707836,0.7870850741965552
414,0.024378207115336545,0.8274829963119625,-1.9684758361490153,0.8424796073447081,19.489000811097238,0.33934550521740314,0.5884838304199589,-0.7904292847638859,1.2124841198379273,-1.6891883620520116,-0.7529024818786691,-3.572936548497123,0.5726775211830146,3.169513063032322,3.0342284148265817,0.8721582760375238,0.8049983317609893
415,0.008622200831573865,1.3658458693067497,-1.4784103102282793,1.4423651239802746,29.86433462002902,0.16181865557942732,0.6829989518065516,-2.475906309960248,0.7950070155870259,-3.0373007272455808,-0.9834051361643006,-2.0149505977676245,0.8393907060365854,6.909061322382058,10.795333887683137,0.3135149023975477,0.0967349873229063
416,0.02084915249278222,0.47093990243061906,-2.076471386181005,1.1918952853391778,10.760855116569038,0.26419790541754706,0.9203316276195028,-0.6299132212417797,1.4195390339899276,-3.435231077588869,-1.011089265776977,-1.1301012699925708,0.6154119453041652,2.041706540400556,9.03528696057894,0.6427548611215491,0.7617525798425376
417,0.026698571923001915,0.6121297299294839,-1.5498542277009157,0.22000963760913483,11.59187817267189,0.591315181105458,0.5216043636992498,-0.8250798340039363,1.4686500178874062,-2.6833028268208263,-1.493442849072191,-3.772369443568108,0.7777621096958953,5.782898732200504,14.342624940756687,0.3522478445872557,0.006461167610249666
418,0.02623001871049866,0.391689614580922,-2.0738807702815283,1.0771159327587363,21.341152850556774,0.13941134509750647,0.632193758341723,-0.14776833041918858,0.40608973401089393,-2.093796026790314,-0.7618782831764577,-3.848711025713766,0.7054613796112588,4.746578792838481,12.013224651304492,0.34465174678004307,0.2005691450014229
419,0.0055945253589334545,0.5824967527081171,-1.2269787917211679,1.109314683508838,21.571679326364755,0.5164257186392889,0.5289750392055895,-3.0272253539244782,0.6894771605914941,-3.4826645968967394,-2.944870344708087,-2.087631009861933,0.7158584719459667,7.568853587604286,11.337070384991627,0.10848295369476921,0.1413499560086968
420,0.011219086116696168,0.9345824733628325,-1.8626404777974657,1.7295517155111773,24.169176628526092,0.5715815117038078,0.8720670856624909,-1.772364670242177,1.0345905272719838,-1.7857927642617843,-2.7403509260406707,-3.0781305539599564,0.7442600396768413,5.668725446570554,10.589315199677472,0.5510454509287291,0.7051994466421537
421,0.005885575727374398,0.5214544406504115,-2.1442609948633695,1.4441771433454293,22.612734895465934,0.42188061337217353,0.9158891925927058,-1.642015558074546,0.6919373157486328,-1.3728770207495185,-1.6098395617817234,-0.7627741701149819,0.7913532096626773,4.625284796362743,7.425116527060025,0.7425064375437495,0.37625321679166013
422,0.026364659100828736,0.9847083786294184,-1.2618108608677516,1.7276715222003443,20.64531434697976,0.3421752409704131,0.8700588474860356,-2.460482562246514,0.4286876528723904,-2.383827736541635,-1.6375829447971917,-1.9232873826267696,0.7138088727059664,6.745390374719744,14.661984801708522,0.86128547090772,0.31394394835235623
423,0.00859658750462136,0.3429769530805655,-1.9376184271311299,1.337082786532792,23.70191528005126,0.16270045451200088,0.8267849965709146,-0.20879094262716347,0.7606645407435948,-2.6898782451206937,-1.3505238708070342,-3.0803778002933635,0.8157452397040638,5.007423896058424,10.35740234817827,0.3319213726162674,0.5058920040723124
424,0.01057743878772796,1.3330314017722953,-1.7355910569112145,0.1408243282807203,28.102107729734808,0.21783095111303963,0.5004081112968377,-0.24100572429004075,1.4198855051567816,-1.7359504727400856,-2.7327900921235933,-2.759684865428116,0.7803942166109157,2.9230735947040634,12.994054432597526,0.6993746541942698,0.8138966371678297
425,0.021265477793940318,1.093309972971829,-1.151198782204368,1.8198984052072247,19.47199062171027,0.3539058918945688,0.8298612639381515,-1.6959546395657394,0.5938875629664702,-1.936871832887881,-1.4230344647892819,-3.9110915809839364,0.7826995188895232,4.50963249574329,9.992181496322237,0.1112828323347987,0.43463821173649647
426,0.005093288024094791,0.6960386053776407,-1.9762952070096222,2.0063997876833297,13.266873241593443,0.5932197797871969,0.8221101020325768,-2.5934000029879742,1.2385270253896254,-1.9705460388777962,-0.9512288589431002,-2.604996127381955,0.7323527358092636,7.252509613938846,7.38389773152345,0.15327129746178306,0.9023090132810457
427,0.005450092938188876,1.344818704334882,-2.2048003536451373,1.1703218693593804,21.281326215659902,0.4367507489392417,0.6257961921518034,-3.058941619615796,1.2589108839664922,-3.723990042188195,-1.0739824230358306,-3.3610088960328857,0.7693025644069797,7.3903249725669005,8.2862189041123,1.0776724060453087,0.06962775021506706
428,0.02638202455495369,0.8492450848719055,-1.6887003067302704,0.6836088463125567,21.373592961682704,0.328762286737067,0.9049008887780128,-2.441352676470191,1.1392772705915628,-2.390627122451148,-1.369553550313954,-0.5689659112980383,0.6999252173368757,4.411628021997059,5.385523118087702,0.44764608749931545,0.635130180901323
429,0.02744295871241283,0.9124909539993449,-1.700157756157148,0.44794242087536307,23.034700647291746,0.3414128928047675,0.5239102829151563,-3.2929917048624433,0.5924740766374492,-1.9495746519633872,-1.7982929622992414,-3.2574981927977555,0.6513825102948302,3.03901191343638,5.945513902809163,0.035255009106889904,0.6730835092603814
430,0.017635919873244733,1.3574496321058873,-1.9780469432444163,0.4310720846171453,29.040179631837006,0.3783306834635485,0.689732640156904,-0.9557611836675095,0.6457173604106252,-2.115074770825111,-1.0187519980568034,-1.4389861288982595,0.8149793143035291,3.4693581264288977,11.40853426084582,0.22056930684254822,0.14409859495946864
431,0.02581802155572473,0.7324727359698309,-1.361620718162033,0.1039902332023892,26.246886526206524,0.5724504332588026,0.9286100651417144,-3.1190558935348265,1.2034147182832862,-3.1210830844139807,-2.096601268468111,-3.4456100307533775,0.5804398168357326,4.9452344562924075,5.999142321755274,0.6295123917090392,0.8480093710973398
432,0.01107129308084313,0.620741388579567,-1.8363830673331096,0.5068737168650878,18.53792886124627,0.3696221799448919,0.5620642333274937,-1.9788536447678764,0.36126027679780465,-1.4317686607396385,-1.9855031385145336,-1.6929464923240936,0.6254805933665943,3.7335238817371597,9.207686990630952,0.9535315734646003,0.6911452408448018
433,0.02130677603097419,0.3687039702652874,-2.1244013521190093,2.140407729533335,28.247482261644357,0.1230178259226739,0.9445843558370033,-0.3786866365772701,0.5459525434139014,-2.4239431473341027,-1.9224881045147844,-3.653342042282243,0.7272458443747589,5.064161823977868,11.165131690391398,0.9011412702348865,0.3279374913463691
434,0.023249664147697142,0.35161753725262757,-1.33402722115973,1.3491773921934036,22.15278845687527,0.5529850580379574,0.6490821160743785,-1.7546456498461067,0.7238996712866201,-2.240626585462538,-2.4477224145009577,-2.618127380425836,0.8771672227510913,2.7707829635972314,11.414275927809092,1.0794519564230716,0.49716196751608344
435,0.010241836033271216,1.4099861932073574,-1.8591315198734266,1.2461874588111717,12.92297090461247,0.19609641973258124,0.5223267106297727,-1.514658153253226,1.430315828091577,-1.711056363718626,-1.3956087955781675,-1.0715906813142109,0.8221150927929758,4.722961906506831,3.240249925033405,0.6457817305360171,0.19955255352638307
436,0.010512466876228897,0.5415732981806973,-1.2054129301998953,0.8983085060478763,19.63261532927624,0.3116556085530767,0.5294866135496138,-3.346807065449657,1.1080355930816552,-3.0234637969847995,-2.19817728089874,-1.1788668451331996,0.6819658693861723,5.923424181695232,10.849232871047073,0.148298562346822,0.48634802501590113
437,0.026070636444661646,0.9050494331643566,-1.6666625291201265,1.2892957773964842,13.904818281348781,0.2958358959819375,0.5043280095927494,-0.19842987352441144,1.3372385124690078,-2.130999497220314,-2.6686228288156104,-3.664103781401089,0.6520481214215186,4.395777210549918,9.54293239860154,0.15756446888490053,0.5622697953696962
438,0.018561770560567865,1.2568084727752729,-1.469654516802057,2.196270842346724,21.89972636532186,0.10622402889722424,0.8048434690810244,-0.9470210275750279,1.4458765154709328,-2.8514982737230232,-2.050107016265994,-2.538568264503814,0.8786379162036897,7.295078465260874,13.217760198451607,0.25839422141302076,0.7097955021375961
439,0.019550888750156547,0.808791352175606,-1.214604501200041,0.7484083260137392,25.92134281439255,0.5249818161486539,0.8861801522282866,-3.872223729684224,0.3794678951857259,-1.4571207391144387,-1.754600717131884,-1.5098654181637525,0.6956659904594902,4.8442145376003785,8.614466293726093,0.20336267686488554,0.1821202682889041
440,0.021375730564267517,1.2854350417579428,-1.7707917503985038,1.920880212415694,27.44527340982038,0.5380830691087816,0.8007715814217401,-2.0366266084662863,0.4772647702307579,-2.8264706843268517,-2.9404304381368664,-0.7052722737009121,0.653255984976749,4.292204971183381,5.6038310014428,0.12176115158503148,0.832928405462122
441,0.005305337080346601,0.5479319445758645,-1.42431382773086,1.19288109981558,24.98374924024568,0.23567056559657004,0.8175868872151949,-3.045245821959527,1.1221872620983706,-1.4384249999572463,-2.295538096655009,-3.5244900151996488,0.6294283752281792,3.136041466779316,12.582458730757308,0.8185711292617357,0.5755299033181844
442,0.013617044093591855,0.6077590348663686,-1.9302191411912075,0.029653981887173227,26.967938670728145,0.10268192717427738,0.8104235026387387,-2.73940812170336,1.3502139008097644,-2.439608550349003,-2.260542586113056,-2.3325276283636045,0.6627459749724733,7.313450885908963,8.783659014128304,0.280988837163616,0.06549684220020714
443,0.028407716389598273,1.1980789639341674,-2.2773178329178174,0.3757155760038901,29.769344835824448,0.3186363344749513,0.6353113612830985,-1.5810902515921046,0.489423276333249,-1.8003532430120246,-2.585140397843407,-2.471760199091194,0.8684488649637296,4.22214276576401,9.167530448010812,0.841633766367201,0.4940472456183859
444,0.019382156075452607,0.7863488510864266,-1.8936841824960857,2.033312644773064,25.72282221662781,0.15825877734739935,0.8457131002247513,-2.4101034849740297,0.3842421719685031,-2.0999513288194445,-2.1966419689456615,-3.0965402589073463,0.7004931905242666,5.339376600707234,4.167972715635074,0.20669958217323636,0.2582588971827453
445,0.015933668203531592,1.3912803232367157,-1.1040693761181708,1.8801538646054332,15.195223640928182,0.19955099457744868,0.5936459298036736,-2.049379154355325,0.8685549473475047,-1.303826442430037,-2.55118717290366,-1.0042076488383227,0.8114831416330333,2.5991089945804977,4.142999613694566,0.24383706373007052,0.3129804291071449
446,0.018962963876030796,0.5470474489933139,-1.7293142427695942,1.6896766925955338,11.0957603916387,0.15211498667879633,0.6229761120495578,-2.675962137452235,0.6552070483948407,-2.480615367534025,-1.1662446022580968,-0.6395783422315389,0.8985949531918936,5.110242338658556,5.482364650581337,1.0296689233820264,0.8620041746991205
447,0.015050149090042035,0.4288966337831859,-1.615160043437919,2.225992792910388,26.790748945821736,0.24875578644983004,0.5084807892766602,-2.6737912567114783,0.32227829151473075,-1.7708739927448804,-2.090636777318271,-2.889021379163401,0.7768838143973366,3.844131579493929,5.959831452112338,0.5378237839436311,0.7570068119671641
448,0.009810985051986389,1.1385871801029332,-1.4075841821084965,0.7626775661327032,15.2610741360807,0.4881358190623235,0.7913975895425982,-2.8297351294784194,0.4842267705272003,-2.500806237566371,-2.1459046461343902,-2.4754988287490276,0.8478096632009915,2.82284380078317,8.386266867736587,1.0692958253893454,0.057215468839296395
449,0.015468091609977141,0.6879605830888601,-2.112856297047108,1.5260463945377156,16.56377609621672,0.5206308164183313,0.6046401660375128,-2.396372335483738,1.1994705893830337,-2.4747101816645305,-2.3980498754706865,-1.4083986164153193,0.8994275450641851,6.690287888180513,12.854882158617,0.4702057647570016,0.26009574002146474
450,0.016877702111304287,0.6710442539489919,-2.1498262446348924,1.6949675700494904,28.39541218537933,0.3637463910797065,0.9115196074656466,-2.9977851979763592,0.767719028694841,-2.3428353854033466,-2.5100667220438764,-0.5988759976667,0.6741975978877695,2.8507901035360605,14.697875261456396,0.13361915143933484,0.3307654751348975
451,0.007398946610380031,1.1388415714483102,-1.7736918950976073,0.5168163102185046,25.104942673737803,0.2596376510883319,0.7245144205126108,-0.672411043720003,1.3019860660217573,-1.5059049300926381,-2.5003838303685657,-1.2615154289413248,0.888789881932897,5.850813805369176,12.72267651992041,0.6007179141957039,0.899434915176733
452,0.02456875238976303,0.600173741673919,-1.6076554607830045,0.08060739313197234,18.388842808201304,0.18933172235939397,0.7653145861661184,-2.024018305301091,0.8829416442238427,-1.2386844434811164,-1.4679909632368846,-2.5654988560253242,0.721749593575782,2.6595010363371534,11.365034380799516,0.32425303428642654,0.6535752063551045
453,0.025676973120672852,0.3537016975847743,-1.2830701077927376,2.2323449464180256,15.32074939726202,0.11664896938562608,0.8899497108489981,-2.791508269701456,0.44434006252165714,-2.1855136104362973,-2.529865066921545,-1.471788447205931,0.5961352243015318,5.834882292658699,4.219486713620148,0.6932136790968121,0.42351611642942544
454,0.010543770426605426,1.3272012783973879,-1.205110566345723,0.04051242344726497,20.599458086835213,0.22086656032204074,0.619565889306829,-1.5775590271598223,0.4177372644272,-3.3653956508844804,-1.7057016903253563,-2.4975238233927284,0.7031651893337576,6.01816098759224,2.9104005762720178,1.0846656281879101,0.1409667765127801
455,0.017259241178028534,0.8441825031631169,-1.854814843246265,1.0965828009095924,22.119911757750224,0.5097079114434784,0.6004001184047074,-1.238561434773696,0.6549687677955636,-2.86900661221934,-2.7732410525266964,-1.2557814918087624,0.8493372901713525,2.063016534778771,9.968635943426378,1.0238570560183198,0.45780439843971177
456,0.006736426692264367,0.9544946150106035,-1.188448459846158,1.8951375728468107,23.585940536446078,0.18979466539444154,0.8087153254250045,-2.775406180861446,1.2981182983416322,-3.4182682728797573,-1.1525086424568156,-1.606701040743395,0.6712548048002623,5.840364421217373,12.681822241006879,0.9519127157396581,0.6896398486346562
457,0.019945783326250938,1.3126136535835116,-1.5845527859108939,0.5846651956857173,28.427386520444163,0.24498029192968024,0.7525244065565431,-2.086706982922772,0.6900344897570353,-3.559598752766613,-1.070793964551685,-0.8625613623795347,0.8632583051409369,5.424825474578881,3.3730238892346933,0.06641895634260105,0.18361570488392692
458,0.01231376588563271,0.9464665606244518,-2.0955447170427774,1.852891647547031,12.74754385504636,0.5146353660915308,0.8059576200995009,-3.9117643146007706,1.1709944641810324,-2.745746192011236,-1.1336605756091318,-2.655120608735448,0.8228356866114626,7.449760768463057,2.3728812485524524,0.6675169038424197,0.3014879366472354
459,0.012853216873519736,1.2232420829392952,-1.3235674927712533,0.5339347485896588,15.48327037171419,0.2937670205048575,0.9428080228412845,-2.0087979342154503,0.4581058860939215,-2.940623543040558,-2.7368956173030954,-3.703859756658735,0.6729310097537972,6.089620245042089,2.5286117518703457,0.5126519575726872,0.12475566997707878
460,0.01692676101309183,0.4649612537259148,-2.1988821849304134,2.117982067656363,22.557179606928884,0.1315079346610886,0.7773414394373541,-2.8607070867888877,0.5137763766401582,-1.836360985428358,-2.229807525126677,-3.7498203912947834,0.7610319824149642,4.320109604348481,3.8407380592918035,0.8485559658576242,0.3083401282075478
461,0.01900261023638285,0.5774241187662009,-1.0975759263565057,0.8915373618852972,23.80936185374682,0.1987096912500388,0.9307563504451357,-2.6430102695316036,0.4733276101855987,-3.9039522384144045,-2.695029412385481,-2.1664753998279607,0.677180840887603,6.713650946526615,12.981999036270775,0.9114068541773925,0.4833772716736971
462,0.0122293962113098,0.868639356286842,-1.6219637608482933,1.0664108158732635,14.324607906554625,0.541553007823247,0.6846327619990291,-3.2670183722431134,0.71345080670966,-3.739420767495885,-2.247736758365112,-3.463643309388477,0.8084854863072839,5.1058085473477295,13.814031673422573,0.33662430449517783,0.6407048680420584
463,0.005904802265045035,1.4248637377559354,-1.1689460958213838,1.3723495353086472,21.411700316206982,0.39279085212009135,0.7838267901860081,-3.1016249825461277,0.5242264922081136,-3.1782138596452763,-2.154096057076427,-0.6890164321809844,0.5817752160454486,7.216744694016826,10.136764887851204,0.38436363415340813,0.5494826505989393
464,0.015332278534713282,0.3743579351377597,-1.7472737483806948,0.32750329694280256,28.03085134845699,0.10855703207337469,0.750837162892577,-2.9046636107111823,0.35887380922990947,-3.7838360872516006,-1.2194271831034473,-3.3065215240396846,0.6825626202185252,6.231766343538663,8.356878866390112,0.15241417314397435,0.1062724372759082
465,0.02545630864980333,0.5486851442632624,-2.1923120885985683,0.9406991494895761,14.19473455129956,0.34322354336341454,0.6349153762908235,-1.5032349860313081,1.2220116321572854,-3.5960585588656233,-1.5338459090327337,-1.6357932844591745,0.8459382267476484,3.6199989777513744,5.524543335910879,0.8240454829464343,0.7995474971090151
466,0.029356824274153658,1.3083378894612419,-1.8634192351230845,1.085463968298112,11.320105622044077,0.3859979545465545,0.7164789096429391,-2.559896939321723,1.2890551665874497,-2.033020438290596,-2.826767494094855,-0.7136354325637404,0.5761624996070325,4.779090248100184,10.388736330124788,0.9076905471179533,0.7936879191105257
467,0.006131270433744834,1.2171709353794422,-1.9737422947578163,0.8888785045364395,17.74818179339439,0.1789999497324485,0.5048799308726026,-0.23476023843081517,0.9091506235564877,-2.069397504971783,-2.979163305565961,-0.8578972617679437,0.805111663778592,6.378740008556607,5.065429689632248,0.4940976813710605,0.902762123630933
468,0.018338980518175133,0.976374210617962,-1.2482892694348071,0.9184574254081822,27.31856971213744,0.17602690303293317,0.6772960735077991,-3.263286383519917,1.249095878070384,-3.2427334682639426,-0.8732364507683301,-2.079292426439963,0.8360951180449268,7.455128263591969,5.160198453622941,0.4199888086410965,0.36294944788043626
469,0.009537469871195494,0.4969298282682737,-1.8352664183994345,1.6029840079143585,16.519983308538464,0.5486492542346181,0.7431036891673602,-2.937846265292065,0.7089208274274736,-1.798578052958372,-1.2824118259175894,-0.974163354052048,0.8325536481364859,4.591919642681306,13.180631424298145,0.5148267285265701,0.8187000051860288
470,0.019258880587351222,1.1668892216086244,-1.8675685224400227,0.21511676115755468,25.421541525099478,0.4977079901789505,0.8833715721249137,-0.14317871503485158,1.3688094649632188,-1.5949065248969418,-1.68967250108031,-2.1448106077522784,0.6144754534526191,7.262838702285683,3.2953606222064353,0.6311101469734928,0.3925978114728752
471,0.028394391993587686,0.7718527455842783,-2.1830688942930023,0.7369652695346419,14.080441473321315,0.4974861841506576,0.5515745909360874,-2.8529709906788594,1.0026102797749952,-2.2627610122709303,-0.7040200674583961,-1.6967473387804737,0.7364091301970271,4.168742010649721,6.087519032636646,0.37066167508520553,0.6508669844940209
472,0.01877274129433973,1.4640629987741098,-1.9358541348839886,0.9782155057630887,17.69631322893347,0.47968259973019145,0.8120107081582946,-1.1601673252949216,1.1324765730191955,-2.041512792742221,-2.4050948938312096,-1.9775775429484181,0.5580194156376483,5.4624188836416145,2.35924777702908,1.048636790142046,0.17381371658736372
473,0.017303049633718107,0.30512098570028173,-1.254570040700376,0.06281662584743494,27.28124934247313,0.5768023764493589,0.8563847744208927,-0.9326244447238659,0.7637072180960083,-3.702012306319576,-2.3619535238260547,-3.317517467903267,0.8386156971583462,7.726961949286475,12.917717028287703,0.30093490951094987,0.43936570132255554
474,0.010667811038837812,1.2253655535683847,-1.2763592330228462,1.032847853069117,24.502912390069074,0.5823683572109359,0.9404598143746753,-1.9634082545663123,0.46443491331090003,-1.4489229334103304,-2.639792311982902,-2.803649761040393,0.5698943649203712,5.558387740644717,6.903579719101012,0.7354437432026932,0.821051718636432
475,0.028946721797631206,0.4398222057391934,-1.5007962268850923,1.480025523913039,17.160299939862057,0.18219896259008322,0.7213666145830397,-0.33274865530393427,1.3045694563464996,-2.5117939076379,-1.05140650245509,-1.9576585143044036,0.7892912068499898,7.114573283573057,8.269793314219566,0.025941063431399253,0.40149299102003017
476,0.018893677191459905,1.2061685495546743,-1.46522185997862,0.7183686698461245,25.581807823639686,0.16300268732468398,0.6850685129312857,-0.3640775803761027,1.160722388991652,-3.2782325419474296,-0.8641854502964996,-2.624854572457472,0.8539218392962789,2.317091377000487,7.62089995994634,0.9296712320776914,0.21302830246550597
477,0.027105376141276633,0.6196013304607739,-2.033071108351593,0.21683662478519045,27.35421017289987,0.20739913419612,0.6998751389751346,-2.933465837603442,1.12642843771523,-2.0611674303087892,-1.873044775438809,-0.8223594057446282,0.7760168867226114,5.347229279267461,6.5963110314904,0.8309772145116355,0.7598179185317393
478,0.013421817186523667,0.9247172902664813,-2.227922583825726,1.2498738733213859,28.821891425830657,0.23468680206359882,0.665107408003763,-0.08711405244817794,0.32836268605571695,-2.9474675872058516,-2.5587083041886354,-3.067487763127482,0.6653378306695926,6.7047932899261555,5.637234386303347,0.08786411498946631,0.8934647904022774
479,0.023323074306053633,1.0717094150175073,-1.8489974738134878,0.20726648470939044,12.323034645762533,0.5036213346606752,0.941917469233648,-3.7489794844014623,0.40840902231814746,-1.289465275530279,-2.280515705126212,-1.5952658485288929,0.6856137702775609,6.773687321866312,14.465370964012473,0.34288823030337634,0.6722950494035438
480,0.0057525796468194225,1.084980311206494,-1.1778184921512336,1.4134968643035073,16.43281725941226,0.5457688850896539,0.6402990028624524,-0.9749218323368765,1.237236387973561,-3.8865432636081962,-2.026886627351716,-1.8494027163850024,0.5962099207755299,4.190835847741364,14.119396611490636,0.03231306648833604,0.19545187588791485
481,0.022157207775630273,1.4681133843520928,-1.3618950413701585,1.2444594040428099,20.533186169853753,0.3658015813061043,0.8384859359950181,-3.65864859951807,1.3516328729703067,-1.9486421784676256,-2.871501113112752,-0.6468873392072343,0.748559327646769,2.9815331336024444,12.154668642274427,0.6062809059983192,0.7655316928282025
482,0.013510729036719234,1.3724108741088101,-1.6782896816637507,1.5021414275147202,22.182220458638174,0.12039937952994835,0.5845234033376774,-2.949596309117794,0.6250035505425564,-1.5150958486112005,-2.3422578000363763,-0.9446753005386448,0.6530337908629457,7.932117986696795,14.911912829274373,0.34270604276638433,0.1695985248811788
483,0.016838477998161686,0.7061550228189812,-1.953699916276797,1.0720365539729657,15.836313031170679,0.3355273503731414,0.7256535706837064,-1.7204351467617833,0.5087102805781194,-3.555121580400058,-1.6275552848182802,-0.664648550690897,0.6165362247926526,4.6437201876720415,12.080930921398831,0.6407227794895155,0.028275176603598785
484,0.024866381254265126,0.4866896944589315,-1.8952170069066676,0.663354352812681,28.365080837221115,0.2505275863779427,0.6486401586224441,-1.8043390101377064,0.8716844729117383,-3.4125262636163614,-0.758592743804678,-1.3076085627383773,0.8051547404972207,4.904854458760056,10.05119792046274,0.994879699774957,0.2616379504228892
485,0.01325381513082697,1.3869289129664732,-1.7522957641899073,1.8426785678743902,21.191531828208763,0.4968207940270104,0.5689731237063826,-2.4001296826729765,0.5051075860384917,-3.7417027289968487,-0.994885194940986,-2.7533525975966358,0.7695696925546881,7.699845283394482,4.255434601071199,0.3546827731559033,0.7206182919593189
486,0.010473297815853998,0.37863778461546344,-1.4768112742854895,1.6926675881621007,11.651250822477182,0.46351085830735816,0.8759711958205849,-2.2482033043809917,0.7904969589335298,-1.3496904656784472,-1.213735413861239,-3.2666091373620656,0.5683884255885939,5.9681829114106435,2.6333291332702835,0.6932506685841336,0.8004356481462072
487,0.0237398566614541,1.0095014232365327,-1.6741042641320525,0.05663982564162239,21.48506636701487,0.23627866162217284,0.8065792270857521,-2.5497985076362637,1.2321260756845505,-2.1122921314072745,-1.8966548386780624,-3.449989664399456,0.8534605953405187,4.438345795638686,12.636602189965856,0.7592149190728997,0.2743312550093406
488,0.02165021421726217,1.470984689319211,-1.7169485171666843,1.8578730575491942,23.138726225746353,0.313698660035152,0.7658823301344057,-1.1353902304883015,0.45148865248813197,-2.5745438920726373,-1.94695276668551,-1.6630453893874386,0.8878925585639272,4.505543038950063,14.138711608224035,1.0933181002897556,0.8277745323118454
489,0.016475741814615072,0.6468938555345123,-2.03869436716568,1.5357266039632256,12.729221381120897,0.15764574190363237,0.8366559644352528,-2.131067787508698,0.32895250882739757,-1.6329730332033239,-2.2287666059579743,-1.8151853497362724,0.7590246510507859,5.469451623776839,4.404969392516449,0.76173328577525,0.7442607701331087
490,0.00841481567714275,1.4214917160392018,-1.6201354275628752,1.9025941450611814,20.38089129648521,0.27384277908662613,0.5462649247116467,-0.8418682155979664,0.7203139688048574,-1.5031675942772922,-1.2422140474166876,-3.546190116354325,0.6547184742412361,4.154679084476867,14.484855552137518,0.45437946043479804,0.6661900245973497
491,0.018499322052669666,0.369840122122462,-1.7373226400885018,0.8240632068278193,21.016114634815917,0.38407844379746714,0.7418658325526716,-3.3554060418803187,0.3895628757761337,-1.4919771874664312,-1.343045526044835,-3.5176842866174667,0.6830863894744794,4.825208689460735,5.443661483015213,0.44428294678570207,0.9121550747086646
492,0.023071740514585735,0.7245128944151966,-2.002022144978369,1.5649335583157518,23.681176684967706,0.3275644757194741,0.607586246463478,-2.256775484579301,1.392863964640142,-2.512457470223424,-2.283546811908171,-2.216469035835964,0.7132542932446495,6.648575875217515,10.528555899893433,0.5938342144827268,0.2813840425360311
493,0.009246616256121398,1.1071685113890088,-1.4162976660362887,0.39015784369931866,11.416495469926737,0.2229069344885134,0.5055799908362056,-0.7749025811086696,0.7527569896116806,-1.9054823511689118,-1.4448798328161228,-2.1253476744725686,0.5764596711316974,4.71523731317983,2.725092602772272,0.6372878533382947,0.6834904355171638
494,0.020186914187988715,1.445343943574325,-1.597940309491443,2.231065511010743,11.973551498387184,0.597873004953785,0.8812493056208033,-2.4345945379239717,1.4922164986582198,-3.033812236290271,-0.8509799272988188,-2.0405038823331694,0.8016122524555226,4.065392239500337,8.631670558092736,1.0311335740843368,0.5054695438174935
495,0.01983964668257685,0.575308885478256,-1.294028106843001,1.4886854939810215,14.57835788400368,0.21849943719242215,0.7115365881537276,-2.141027349063613,0.30786336554366595,-2.084479773196967,-2.182786466693874,-2.385159036628748,0.8921803224703333,6.5045932963244635,3.0560691668859588,0.19412497314869634,0.21969435386109085
496,0.01893670749335627,1.1358141621802187,-1.4353160216493324,2.2625156659322125,21.612310618461365,0.3807566926882958,0.6071384427726585,-3.1985290910735826,1.2847743351435978,-1.847930319423341,-2.4950487690341427,-1.6774954431094682,0.5831383222678685,6.192640796281076,7.316748047752943,0.6638210827244126,0.5216474801333493
497,0.01774500148127761,0.859301764518875,-1.0630881950320876,1.4727259258648389,22.40930679436024,0.5614867547626877,0.7743701024617691,-0.610322966381144,0.3737344592618868,-3.8943556741761594,-1.4117800026254665,-0.8322264218029387,0.5943846660735541,6.365297357341997,3.8707356306921774,0.8544458097657608,0.3988364495945385
498,0.029818115320221855,0.8236152999062183,-1.0865707258983892,1.3090510947564309,15.302459166759359,0.5963246466388925,0.5775125354207866,-2.217248299383832,0.5398877664229278,-2.6301780684571936,-0.8621974418181648,-3.7907534937434417,0.7542310985067433,3.7899429713995323,8.371712461601799,1.0192892477584083,0.2930436946489376
499,0.026270520936101764,1.4508933362958467,-1.3939533218197582,2.0211191338057986,13.257127264118523,0.33146710889850417,0.831242367634797,-1.9747906912139017,1.3454127594838035,-3.4042759615410505,-1.1742905888927309,-2.3791014589089885,0.7613926730896319,7.0266300278065215,9.483945474292181,0.5070834948547304,0.16718272820961924
500,0.008007474886152038,0.7688561949710911,-2.0921196237020405,0.48649100644384785,28.35258805246906,0.5356685046699012,0.6364561009252754,-1.4511417476722994,1.476486280648064,-3.5164319466218115,-0.9354942779339539,-1.4528262967773213,0.8740775947567501,5.121536404730806,4.5042868181963325,0.5131460457183583,0.69025210667776
501,0.007106455549157637,0.5043869173981042,-1.9521244892203056,1.6865740602622372,18.470549840829264,0.11723915720209435,0.6796086240503355,-0.9265973744292375,0.6501979228438723,-1.604810016556621,-2.3689635567776053,-1.3883035053524164,0.5632016957550487,4.348439903244143,10.754881100513336,0.4283042024412421,0.13653720788119192
502,0.02515829710536153,0.5118068528229394,-1.6521838583966098,0.6140288161272691,14.422937109451885,0.29226337826703275,0.5888005825927369,-2.6116336418277486,1.3446228440858077,-3.1527114670782033,-2.2425042636819277,-1.523714116621167,0.7226323854370109,2.2036738419586954,11.815262323351918,0.68469241516958,0.5616606045287785
503,0.02785400817451098,0.7544002643533303,-1.3960713564714577,0.5685780874829308,17.04474413517192,0.40653603102776104,0.5919058953329,-3.6010505260096433,1.4549964367463843,-2.590985236877037,-2.678168510305349,-1.8960795493878884,0.6410242336073743,7.01272964295439,6.827731977865906,0.9039610534302461,0.4178621791213665
504,0.02303635006056222,0.4819970041954169,-1.722368794546993,0.3568179860036013,16.22545666982136,0.15093164444221252,0.7388272623938031,-0.6567750945950261,1.0278066721897348,-2.178946414127624,-1.5435487964191186,-3.5377319847679587,0.8231269445606234,7.7147761898061065,9.370266280880426,0.10087334852941947,0.44734483922434254
505,0.014901647148275427,1.2995580759515586,-1.2314866757375207,0.6436525089911154,26.443858180695162,0.48090229420576036,0.6735053365387633,-1.8781328854941473,1.4597665037897516,-3.543078482172534,-1.9450606291745858,-3.024929476667066,0.676981004659427,4.269816302184598,4.416765942772781,0.8002676734662715,0.8060990711537808
506,0.021186905741210793,1.405672165412928,-1.1138967981673615,0.9623996561889961,10.025953966917,0.17761030879263795,0.6681586062637255,-3.407541494388496,1.1833138744499976,-1.4398722097684034,-0.88309502822568,-1.0488994576718151,0.5825740390442781,6.255253169616645,14.903389498398775,0.3506634989319974,0.8200187916688702
507,0.010861131776661622,0.30882030824148315,-1.9338598732697396,2.0642484908120813,21.05513036341239,0.3018198861436849,0.5034880303399617,-3.7648657354691974,0.3921301171197185,-3.6604572342834247,-2.669138062581253,-1.9192012733120567,0.7874011161746475,3.536008690081581,13.541007445010205,0.22992177620047438,0.6934472559510636
508,0.027310315365881382,1.3985706883082214,-1.886921746873264,0.9008665643579336,11.378763014277137,0.5469615525829405,0.64566149739348,-2.981490586674611,1.3432827381160075,-1.7024313996400804,-1.9680824346053851,-3.7813598037160774,0.6732576358431779,7.7758351754285595,7.598330015939728,1.0826250085235933,0.02426554121341361
509,0.021124935049698246,0.9520378778893086,-1.1304807247729247,0.07668981460807348,12.619978377786875,0.51398101897384,0.9397648984062179,-0.032704987734603286,0.7694279358215628,-3.9001404616175885,-1.3422592210292932,-2.1563767217467165,0.7223345183921472,5.901520204402237,12.70842959524429,0.03687770846152755,0.5466360299501771
510,0.02068669573334648,0.775599919110068,-1.5660900194361556,1.6222636659585494,28.294501059445583,0.1399837528055003,0.7395376690829095,-3.4943600666809216,1.2717107023829344,-2.487065886305203,-0.9047796816746563,-1.409089054061492,0.551399050398589,2.671322698290896,4.287614322236612,0.5235817063531125,0.51532236905193
511,0.01437408395948708,1.2945406813119222,-1.3921750138674949,1.8825449759962378,17.72527687295245,0.5591250288269503,0.6965709706418123,-0.46335089120823625,0.8689164552466724,-1.5647006418162062,-1.9177040640088856,-3.809775335850465,0.6262017931938458,6.448853290015777,14.432940191428406,1.0381570583259694,0.600856712030397
512,0.013990320445464912,1.3620451458920142,-1.609150280956166,0.33117270129559184,28.134353611003096,0.366001832069518,0.9236831237373654,-3.3936850371518275,0.7765525295849391,-2.862790607140379,-2.190658216321373,-2.293691749349072,0.7939554978481335,3.756734663457088,4.7108667448526305,0.8511035056758542,0.25566447358812894
513,0.017547668087483183,0.9266348289816404,-1.5848606940546135,2.00499207749456,26.16870517133353,0.4294274865800848,0.7336864946091225,-2.3055148655582958,1.3180857534964896,-3.628038164586386,-1.290134898440301,-3.1182867890489883,0.815318969346865,6.334422659277681,14.855791311986614,0.6526596431636619,0.3148591102607444
514,0.022797625617821216,1.2827332316416902,-1.302454676758242,1.8601509270334133,18.29654592205671,0.3039014205859119,0.803335256783159,-3.6666584303356724,1.098285265440643,-2.9593439151634824,-1.499371892691835,-2.4261889576272178,0.7848601092979184,6.539635876025975,10.096874296606074,0.2627808694881092,0.24795992791657523
515,0.012213095253422401,1.0065348916862453,-1.734451111085816,0.6308032493452715,18.670079057833245,0.5253112306996842,0.7585855758129451,-1.8271717780403676,0.9286668428796374,-2.3563581213816973,-2.568058647531446,-2.3274752989634147,0.8517233775157244,6.114979510224941,13.713979491437623,0.1879529205822554,0.5409707575955393
516,0.02016049107793471,0.6217665969314634,-1.8229824443143767,0.3782383671285135,21.128830136572397,0.4961754481146955,0.8539701554070833,-1.1129993108457827,0.6772784550165936,-3.134494633064881,-1.596544984273792,-3.182838890776344,0.8212377165826231,7.24706241022519,10.968435348912976,1.016569877927801,0.4740454918370858
517,0.02370479661255993,0.6870401053825742,-1.4589802149097078,0.5872698889255379,11.277654139917635,0.4899420345646015,0.9200787979113381,-2.1134802884998525,1.2880212436384124,-3.238584930133448,-1.7852204447170361,-2.812388686850225,0.6918008589983919,7.002088200553541,3.087976186040695,0.28010034374399323,0.7468606607383094
518,0.018196306393131374,0.9833949934437667,-1.4216052054356245,2.1375236635357866,23.270008013524382,0.3360750347784367,0.9066962102866074,-1.568497592562021,1.0543813049662916,-3.9117338184007795,-1.089125889166286,-0.9365752199749222,0.8371343268053058,5.299618984506096,2.3026718669052713,0.7842187476220219,0.695056626097776
519,0.028049480290813354,1.2394849580695582,-2.1570456495031687,2.094194876666134,27.02528001733863,0.19414964007742963,0.608145295779825,-0.11863202641968318,1.1762502806035857,-3.316192098244374,-1.9339668437591695,-3.75271466495721,0.7986660636154643,6.6305342994043714,9.221047957026254,0.5596696391007557,0.18476696813055313
520,0.011278717005998584,0.43398232330265984,-1.6102153602557592,1.0512066090634147,10.546101250655889,0.4855112447731159,0.9173760821523081,-0.7236822697588909,1.3577234250883825,-2.734596002911494,-2.3045397219054475,-2.3974022350146384,0.7103301866580201,5.0448691416789755,5.799422348156636,0.8150262872306714,0.2963802565831412
521,0.02614036374793397,0.37196661337302905,-1.1626098427999458,2.0155175028496926,25.673529737452462,0.14381304191479233,0.8817667081175256,-2.0219719406758454,0.5470882979812977,-3.211753904216388,-2.820136250401131,-0.8710938496180733,0.6058758096509546,3.6966330546172887,7.0681129718735285,0.5306978056987065,0.4608084295529038
522,0.015432217520179939,0.45923029808799576,-1.6054719787755998,2.030495385456621,20.929453531894577,0.5714250881277083,0.5800840666292585,-1.4577361955468087,0.33214161281004423,-1.4099977845127758,-2.4386952639116513,-3.1670257991610744,0.8978869252407364,5.098098394284136,8.114533595008965,0.6471386435621573,0.6373667424667979
523,0.012945172860693105,0.5018914976492016,-1.9212629307072162,0.43864399052789366,10.665088044121912,0.3978196703222757,0.6699825234815787,-1.0553457361827965,0.5624328637644624,-1.4782761962533106,-2.4742382269737986,-1.0474096929045675,0.7169439784548824,7.349305209293248,3.7951057150109078,0.2020013144621407,0.7182290061523896
524,0.01228612186392778,0.8164457408017887,-1.2088836900101687,0.17796078246088828,28.736357769752793,0.2848678344562323,0.933733603331333,-3.178529234016904,1.0004109455154238,-3.2939934557593498,-1.6225190971611108,-1.835160969045786,0.8842480718030776,6.897902434243276,13.492635770738348,1.062620983338912,0.39992449629774673
525,0.018022574148108723,0.44919073742459775,-1.8687610965625,1.6442675214119293,28.966088216284454,0.4527854903930848,0.7306980362184365,-0.5236807279709428,1.0062554283346703,-3.4985863332727716,-2.8518020572250853,-3.8780445633037055,0.8285716646062806,7.108446320123377,6.652847276379879,0.5470873307737026,0.8023487716516594
526,0.012951252808139278,0.4694941739533698,-1.436431503660529,0.49346862703855393,16.288229242225487,0.4505890213650856,0.5020048638702849,-3.7196133455605973,1.261088721512044,-1.235599510003107,-2.056528823523739,-1.1875406755174924,0.7603550625097596,6.841523397139029,9.128177061091735,0.20596807321703758,0.268225775314768
527,0.015964794632735115,0.5540685521795428,-2.1350552340873303,0.2011411061937292,18.702109179630366,0.17271543599177805,0.56391650379616,-2.5314838876608077,0.5214299614686237,-1.3650451963232912,-1.0477410219687586,-3.4844043645553486,0.6354774567964608,4.6049368466137555,6.332849491894602,0.007014087884640158,0.8688575784570918
528,0.01071269613849005,1.3240837817582605,-1.9824574259355492,2.11371526892462,28.003582674470906,0.48169862972144883,0.7690467834213941,-3.4783290328475815,0.5703811508919427,-2.8706777636038217,-2.1161826568206656,-1.564333744848915,0.8491982052155878,7.368124522514507,8.658194391389658,0.8676934728870053,0.9039719513396712
529,0.012729553850584264,0.6668097371047225,-1.790475196602007,1.9614666681977826,25.044586994962668,0.5326368319453251,0.6863327302201259,-1.5994491472518089,1.266406343962397,-3.086206257133025,-2.325290207132186,-3.5511505341167866,0.7584075017825925,5.227711667225041,13.272216123321254,0.23168533447711634,0.17774190295132244
530,0.010893571959727611,0.46153188080335805,-1.375144535170536,1.965667773916675,15.611437566378347,0.5046105486144358,0.8907165350186277,-3.383215917478526,0.5496074756932551,-1.2844117130766355,-0.8454798453572581,-0.7518076482761633,0.5651495079172028,4.261579099345985,6.34648352246862,0.014527190360125584,0.32927461880699316
531,0.005622426363160282,0.4150317184374158,-1.439412500242713,0.5477892134768058,10.950187957537626,0.5069198906106952,0.7228039897783539,-3.257216048843273,1.3146583672108179,-3.2918302266368493,-1.8865869011978957,-3.3654883693357647,0.8806878009564761,4.5225713088921715,11.993365523882726,0.3758933665850269,0.7686712456194803
532,0.016310505327834478,0.46607918054025244,-2.1467614637504724,1.758739960575139,26.080631261870856,0.23975477758394798,0.9251323143916874,-2.1622520221158132,0.5562005889265801,-3.4480912445245964,-2.3067463530888235,-3.5126919406804142,0.6174515681572648,7.792624145289919,12.488982853729846,0.02792060835289542,0.41669073058958106
533,0.006714952514711726,1.136566278307743,-1.9893967391833378,0.5063817995961651,20.907961078722984,0.22695114224598495,0.7372995542208209,-0.5471047284828243,0.8498601156581262,-1.3900394066444108,-2.414678019516394,-1.3253200856810192,0.8758893367678577,2.646022896989523,3.0974628632057866,0.8042631770697586,0.12346272070956758
534,0.006783365721397932,1.3825002376886888,-1.5146404375267029,1.2398229693387564,26.115357594059038,0.14110041965456785,0.8891202148107791,-3.8978953162946404,0.3832774281532731,-1.4636716986276497,-1.0827499839151506,-3.772865565478197,0.834369804661771,4.799985080462582,11.561249555807734,0.4148756794903576,0.4840277012364146
535,0.02513559909200168,1.1760084316907629,-1.259992015446794,1.9257243562355166,27.212939410286275,0.11299229498275792,0.785439131226272,-1.983653796167118,0.6192268376646739,-2.8180764485582266,-2.0348769261850492,-1.4465939078971997,0.7919481813178708,7.337377537813109,12.611711694103825,0.2025839050916752,0.5855008972548563
536,0.026336160771354245,1.1293224498083485,-1.2988329772991947,0.6620291135233481,15.20426449313373,0.33347833790795045,0.7483040699669508,-1.9042278415302971,1.2111499297800155,-2.9804851148430753,-1.6813023879480091,-1.1275082755904617,0.5738325418035614,6.242520747629828,13.01750660968399,0.0022862617241001127,0.33269030568319463
537,0.009011195472591325,1.1829740091633345,-2.132664900140838,2.2604862844308897,10.39551072377885,0.4874875958065512,0.784817582230562,-1.7104176867136949,0.7032683529914731,-2.5365511229992244,-1.5601373156619611,-3.7066436802211182,0.8832631351707902,6.432347138974842,2.554787523490215,0.5015781982759883,0.831936908191164
538,0.010338560486799226,1.3042275123401321,-1.8811906447454452,0.9543356559107866,17.35699567509948,0.3896611483967042,0.6620914044668047,-1.7080605712032075,0.3956112323150786,-2.2764800243545897,-1.4272546514381772,-1.331005933189834,0.7285768431149477,5.625913494612492,14.262891208498692,0.7062206152368238,0.7186757441848725
539,0.022585155800850285,0.6587759431981026,-2.0061147704402837,1.5235277443198336,26.617643809160413,0.4726980511236024,0.5941228208705664,-3.58074514069326,0.3410469031361796,-1.3066062528098232,-1.3464305644128127,-3.67244166996188,0.6510776045851379,7.874047868644174,4.58080976717763,0.07929562972795136,0.06800693379664564
540,0.02382811577537327,1.4350375740024703,-1.6383049476770486,0.11960058315184859,12.21378173025217,0.5557629126334799,0.906871713779583,-0.1213159176209877,1.2743114026817288,-3.2590342118647717,-2.455636100573654,-1.2966717142393969,0.6012332376846281,6.395803766803493,5.72374467066243,1.0001721641232677,0.6689528195806624
541,0.025182751952298278,0.9295290509794096,-1.9103460301087622,1.7433835542932337,17.846270814873776,0.5595614277953421,0.8223135345348083,-0.3134957107176053,0.6096421534694136,-1.650903574322697,-1.5645267020463642,-1.7547479150975884,0.7925955672395789,4.336924711933415,2.961769709185099,0.635339525445532,0.6530969485604284
542,0.02336004760406541,1.3109408085480876,-1.1196191951470496,0.7450925961804189,24.32577106496327,0.35857717060631167,0.7486352182662097,-1.3246901930577817,1.4329615567360947,-2.3947216794939985,-0.7371520870850943,-3.632048483040659,0.7458763473514346,6.638931883669347,5.549636789317387,0.06774135214941314,0.054589666773879275
543,0.014241806585203343,1.0488359197081945,-2.0332934371934965,2.0928153311478837,17.270991774171225,0.26742749406728517,0.6013898561084344,-0.4393473658196805,1.2812142493727294,-3.8724376465578807,-2.7143938963804413,-3.8287785871099334,0.6415113576204263,2.0429031201696866,12.124740658653346,0.5045028119621146,0.48684208042857163
544,0.006300542251679554,1.141462481920835,-1.4505282880011063,0.556348754406274,24.863536154705592,0.11191374860686888,0.8604159688054188,-2.2956242253110135,0.661017069862254,-1.6417207266525318,-1.9039145936823314,-1.8378927158198364,0.7007565317511818,7.055121219075623,14.188557268000961,0.7255860383401844,0.5476705610764362
545,0.02810325488399561,0.4072773500525814,-1.3416137112037707,1.6829954369005993,28.897066150130144,0.19484348016861142,0.6200046297635142,-0.22300651873784139,1.495246400431858,-2.8329234079694956,-1.71340430009068,-1.3213301105016981,0.7953285143902349,2.6977753299697866,3.1889618579341,0.6506929552897318,0.5437924757777506
546,0.01973016117207979,0.41602744822549964,-1.604502311730732,1.2641214651869486,27.68413100623952,0.3915931556864871,0.9224493881033882,-1.8453791211968906,0.34290808672094975,-2.453148265205678,-1.6581152220516961,-3.2001034305275877,0.6737230946635181,3.2015148573463974,7.799554174481266,0.5736247038344225,0.4192218100352745
547,0.0069211091184445545,1.4033581840341183,-2.045334593917035,1.761089288408495,23.099877506586157,0.4144739977473255,0.8521223377175379,-2.4638656356056674,0.5117353671597559,-2.4347880570707305,-1.8253797875225366,-0.5789779297451201,0.5953928411099251,2.6829656057987004,11.704257312378376,0.42196043857717963,0.7847095958304598
548,0.027609197405899923,0.5277359165524509,-1.196908205831767,1.9719769125381041,20.026163994325533,0.4409654201411266,0.8495711358283313,-2.099647436943363,0.5295972276177399,-1.678312460874832,-1.6695115284360824,-3.1573953088780327,0.8973203102291022,7.618352628939737,14.829061973889269,0.9068111234405817,0.5732965227904256
549,0.008897900357907013,1.4775929145387625,-1.4006357995221397,0.16084003342240938,12.791992513208914,0.3429344524507081,0.5087144835207482,-0.9606773867637304,1.247892169190046,-2.403567876716692,-2.995681372202637,-1.8538161214859699,0.7088048953243163,6.437056771249086,12.749711294615729,0.38640438302620045,0.7405030343869227
550,0.010293194864032547,1.1918525129860829,-2.0127791219954707,1.2518444554347732,14.47441977064031,0.4748735611423893,0.7443970765051191,-0.316897232930458,1.2334338355001067,-2.3483614843418716,-0.7940046254623452,-2.1103035070805554,0.8861210044857942,5.9826344632618085,2.810339349000021,0.3090912491958608,0.5533545350913451
551,0.009042370666982566,1.014701549586995,-1.6866302693335062,0.6570853345536338,27.360126058442788,0.222339947069474,0.7296142249519779,-2.5846184894982835,0.4668706364545973,-1.5371958379604562,-2.0684367312215644,-3.635468079935937,0.6061629310115856,5.737272747723506,10.455067783277102,0.45140843571111683,0.6121148458267804
552,0.007206970623519029,0.4881255875780649,-1.9399026378036877,1.5668579844936976,21.519146718418437,0.4250884891439567,0.7670217618282212,-1.5292971449806614,0.8801168467863649,-1.777223278181323,-1.2031902488458412,-3.0858894510966417,0.7713919011806282,7.840937309747479,4.153220681670161,0.5985927837724063,0.34845910842263333
553,0.02508575691139046,0.7501471496886796,-1.837863540142348,0.8642000960425298,25.171315892360635,0.386988820953305,0.9233430558407929,-2.148039487961495,1.1094018251153663,-2.9316115905063778,-0.7573500579253927,-2.995290150000849,0.5628309974981476,6.285569029376678,12.277961374656613,1.0288679639086618,0.6621971294309064
554,0.023519211533949456,1.2123789254016808,-1.418139402795303,1.3511831116435526,16.970878720076765,0.1541442660894897,0.5037736836696645,-3.7087074757230942,1.1192450699819776,-2.450860905560854,-1.0782605446160933,-2.04581138697774,0.5810504629162245,4.886600173923165,5.858499554994474,0.062161318321325834,0.8104438463726307
555,0.009591773718833834,1.4256772330179377,-1.7411598271611783,1.9762871733241303,25.813605379613108,0.5967806204349583,0.8828396104565617,-0.12587637602598356,0.8913950034003175,-2.8123477271954003,-2.9569126253637896,-2.8453226557737876,0.8062983056167184,7.736236764341237,5.776229043102029,0.3309986985968422,0.5724283867988356
556,0.011451810777001172,0.5848758370708913,-1.577094709916856,0.28618365246847627,24.49968788375294,0.4925675674575053,0.8447483746826435,-1.4855207616233166,1.1330004006734942,-1.6631708790368753,-2.7554204717049826,-3.0028046527823555,0.5522488483023233,4.838627570210292,6.365689605241669,0.7330125972496396,0.8257067902389998
557,0.029658961795965173,0.98216233309244,-2.05908400325895,1.894265127923253,17.308180044597105,0.37640784566020413,0.8612363672470499,-2.2720610942329813,1.3724213712846132,-3.5352183790428917,-2.524402255496156,-2.2538348203224814,0.7795572619077578,4.391329930973862,8.559208341270606,0.059182992521295795,0.6967823438492912
558,0.00830188668037482,0.6910174700860352,-1.3466152959344835,0.9257051157182649,14.241583512496875,0.15534939552319094,0.8398998267439928,-3.631561958086987,0.600049530539081,-3.378435945583707,-1.1798621039889616,-2.117553884822951,0.894839943968337,2.334848197987508,2.4559440681433338,0.30235607082766885,0.16653428964768155
559,0.018724831205356916,0.6770074677603772,-1.6120683609306419,1.0257007878104083,25.158487911019307,0.44880453323559577,0.8001138198651341,-2.2077867397124447,0.838257780654087,-2.6868123796088232,-2.451331445829708,-3.722685574837757,0.8529574246564131,6.122855358033844,13.479707687327876,0.17931750778685737,0.20396862338932467
560,0.024363212601176833,1.1437900699381456,-1.2691981818905755,1.5134731193224067,18.44497338873868,0.4226527410705274,0.8429541322053571,-1.4351354386113742,0.6282190389575244,-3.414539098565928,-2.8926025766422367,-1.6847705849165497,0.8677803160423632,5.934994323544546,10.284913540000396,0.0003153446097278243,0.41223778128267735
561,0.02782599383391203,0.9655083870953016,-1.8318237357528395,1.1271248224780577,24.965517475589618,0.2557243673167683,0.9005410835155883,-1.8114327833395012,1.4110786569928668,-3.765646724184912,-1.0343682349474814,-2.2774125159238165,0.610202685552057,7.680504669619696,10.816914668341814,0.8909669510115968,0.3186999593102212
562,0.0100286464202685,0.6453123867689609,-1.371140078795806,1.8614704842291145,24.67566583879352,0.20654444541942046,0.8228150645492294,-2.3557359024836817,0.6524757997502796,-1.4516616028133087,-1.6906437812216455,-0.6704319055267853,0.6497785353427237,6.3406390350944974,12.138791680602555,0.30357823466059514,0.6169002120221813
563,0.024156340530836515,0.9326402766631892,-2.014847975640812,1.4562516824886411,25.76086063262677,0.288780808910152,0.7325300247541606,-2.108097272871837,0.6698614396162764,-3.7520947767169712,-2.832861246913633,-3.7764753469875165,0.6703467966480557,2.3707430363788182,7.152932631579206,0.6394495675705855,0.7477404994825227
564,0.007550736035494058,1.0713666968905036,-1.8583187631752036,0.8443808720183084,28.086769714128913,0.2575113519647,0.8753890404411367,-0.3102266422136739,0.7573986157650698,-3.568227823647061,-2.218501878091412,-1.021462094801104,0.852234945952195,4.917099891264966,12.510892832069059,0.4494448469030726,0.2414540116872717
565,0.006634760668216814,1.2465575515655969,-1.6065638203713075,1.2683678231018827,23.310497284818563,0.39855082543667575,0.5167923317971527,-2.5217712596754573,0.35583573211888264,-1.8608975623620405,-2.2363185308886737,-3.836003259095227,0.8843024216057394,5.073417512375876,11.030511552622336,0.18522746678059043,0.04416333525987145
566,0.016719867409981735,0.45434793861995215,-1.3097882929777456,1.581674749362034,21.2795611698899,0.30551062584265687,0.5341333589039499,-2.5956715507950783,0.7031994297772096,-2.459795028686394,-0.8354243376593251,-1.3126083471678136,0.7841072352565596,4.4868296263961325,2.5811045788144016,0.12312512486758619,0.19769866740012146
567,0.012431099951025943,1.1604327379281705,-2.001879087464313,0.5509625134408865,12.942782264674449,0.49378388530778383,0.8396868354025322,-2.7578227836583817,1.4479508562910373,-3.519421900011196,-1.4562836590002322,-1.3005655421363151,0.7247833681523441,2.6605169965682642,6.298996114129363,0.8125106249619206,0.6312615981054448
568,0.007815478000172835,1.3929114527204154,-1.694549994281477,0.7780634221573821,18.494788288648582,0.22487888811137216,0.8798245926465207,-3.4744774160161036,0.3232322190683924,-1.329023160745801,-1.9763564920604897,-1.625435070773435,0.7148197949306219,3.8493887482839098,12.931207055471459,0.93189030552579,0.6028549494828226
569,0.02146630574484287,0.659236206358534,-2.222484978349946,1.3670437330156517,24.022117865448127,0.5432505725680696,0.7890850014999431,-0.9107934377809608,0.3010616175904469,-1.2475883424360776,-1.4340294384490646,-1.5363510705473051,0.736127754532713,4.1827693545136455,11.447659895017825,0.9102852922980286,0.5866563774093964
570,0.02088141452913887,1.1254129635205612,-1.6830408193684727,0.02710906698211081,13.682587551687648,0.144267038241145,0.6914721850461178,-3.8042637227725784,1.1466221441909823,-3.3010152188039426,-1.2998836169461185,-2.6135695776572527,0.6646218439526141,5.792224301422558,12.81398408698955,0.22668603727947928,0.7579406597619521
571,0.014546720112066591,0.4908479673838932,-2.0639543585003963,0.6980742512042215,16.931711379288146,0.588406149118064,0.572066637594069,-2.137361343066714,0.448681946625394,-1.820050293148408,-2.8405635830031972,-3.386145439042092,0.890763818442001,3.7744235460914615,14.578435431936425,0.019420207530104257,0.914368410058297
572,0.009799387994139904,0.5957662928514006,-1.556052723347697,1.795085671979031,24.68336556524345,0.5115186634731477,0.8687827951275765,-1.167741035487715,0.8595422403258741,-2.9932005828687145,-0.8013079582041147,-2.2243007638340146,0.6077708059447986,2.702192439978307,4.32545765494058,0.4123651317530654,0.34749651305689405
573,0.016859074102176328,1.415529309692207,-1.2606443540680867,0.24805497312659922,18.83943104393169,0.39394260137460846,0.6663929264278832,-0.9292248206575096,1.2270217830384533,-1.6881192665544118,-1.5849639035150476,-1.7508572073499895,0.6986913666094547,3.207079017529427,9.071321263628331,0.1049202419474101,0.3530635940479085
574,0.02592029480087017,1.0742135921613867,-2.0854287352980663,0.9460285644511522,29.35903213608539,0.2820370765896354,0.5660932689367277,-3.8388200352738133,1.3668268472243714,-3.0762773586354544,-1.255389615742841,-2.583607041522172,0.5611294245614076,2.472937345763653,2.4378558642131942,1.0667430782276393,0.2641418255719174
575,0.01117817244239427,0.44747835471052844,-1.6686568282946999,0.68089009144307,29.9690279838875,0.32985115633250384,0.7636888648006699,-1.244621850374017,0.732779656776674,-1.8127287490485382,-0.7430471598641186,-3.4378980647816055,0.6297811148485362,3.944095655093993,14.842984854469888,0.8267632599441617,0.01053821538473084
576,0.02982773579741552,0.6861109047448648,-1.5170370669259712,0.00491409134718537,25.905300694510288,0.3945552671333905,0.7645530090818848,-1.917428639578486,0.9299580510740817,-2.7815943186963654,-1.225824157100495,-3.4230312255912163,0.69482369849128,7.601360249576504,3.2834156714584712,0.39262938645871687,0.897346425598928
577,0.015711850091709736,0.4052859843901867,-1.073980610953983,0.9472461134228964,22.26336653036985,0.39583553649313064,0.726558880471652,-2.918197324582523,0.4757975275429094,-3.8401795733285113,-0.6963500092172556,-3.82373783589147,0.6401946743709439,2.185094073195735,7.993849234614818,0.5435123804115383,0.061112698421746124
578,0.008777616648546014,1.3402647792284945,-1.0723776809861485,2.1773185070469037,18.26866484081615,0.20367144537188936,0.8974787981352332,-1.228177210957356,1.0432186853236325,-3.8189682700906533,-1.9105125389979556,-1.413931830974247,0.7994807959265666,3.299626253923477,3.4464033365527538,0.11503560369199653,0.11859264773711915
579,0.012833867553360054,0.3106962701079828,-1.7991678009716652,0.5970828678961814,22.165704266936068,0.4116761787158897,0.5426574876372213,-2.116808763945082,0.3988437159235677,-2.6976610761061313,-1.8260430944986086,-0.5775601237366228,0.6051580856615187,6.152922036150102,11.775741662888095,0.6948104440487054,0.8464392013521571
580,0.02112500111333454,0.6657747619019115,-1.7480193938280861,1.2154988715012771,17.62001998335395,0.3440219987147331,0.541776985080712,-2.5569462178826843,1.4072721670134465,-2.9959207864646116,-1.8825605940968444,-3.395860316617825,0.619887897698386,4.683122661804786,3.5021413712831944,1.0404665682375778,0.08015604251493352
581,0.01526592811605259,0.5430942365875715,-1.3265388301433834,0.1725827940612345,25.331021321774244,0.29781666464012707,0.9385021943561769,-3.5253603443965327,0.49746499214390755,-3.3373030499569154,-2.985476226883593,-3.014954310704327,0.6131421379033414,5.4616699753285864,14.61045024115428,0.37813362291748776,0.4748770628235965
582,0.016077874284927574,1.4313714450497537,-2.264584077151301,0.933077584695462,26.4782142561154,0.16851359190828974,0.7175779798651839,-3.4345257905559943,1.4522513000257846,-3.0240945685700122,-2.9924902598388514,-0.7535329832100035,0.661155482855198,5.374257983007123,8.086053142545506,0.11759577184267589,0.5607490624980699
583,0.018378076909044992,0.40600325716950747,-1.914146926830257,1.2787283452094098,21.776972715881787,0.3555998084260855,0.5399316050286525,-0.0071289238725151804,1.3739771187619827,-2.952446188273678,-1.0480879173476711,-0.845756876189077,0.7334661462013741,4.360453481687494,7.1259523766231805,0.00112568963562472,0.8084077073772609
584,0.007071245256823212,0.3069585145713662,-1.856508859455295,1.411305577456264,11.0054403933213,0.410332925500692,0.5180221955670027,-0.49730592464054535,0.3516703448531301,-3.2867812340384175,-1.3828876575373603,-0.9635941058066231,0.6064180187372775,6.993615457486887,14.64259029492401,0.28859575480387356,0.632816835574124
585,0.024738212769570413,1.4794914869843312,-1.6899257470708235,0.18027813470610088,14.86674862084725,0.5463305469131843,0.5695580344775514,-2.0533627186196357,1.0108034074347656,-3.156962246530743,-1.7902520672966007,-2.399354340986788,0.5944901116332453,7.394418657552075,5.743585508443114,0.09133988823882849,0.3226519636492781
586,0.019156425586237258,0.6068538923918794,-1.629733161559757,0.043232839608518266,12.511885399160649,0.23014273065953528,0.7581307725634241,-0.18111679473326303,1.3958831517982189,-1.6143208457502922,-0.798863093846276,-1.019039170940602,0.6555933251432274,4.460767136782206,7.291926059919153,0.6140788213809605,0.6709563077997399
587,0.009558595751220453,0.6521769520583547,-2.2493557190952784,2.251482890760014,28.91698465489867,0.4180228508901299,0.8413370491683874,-1.438812423635908,0.5168320107989549,-2.972940539690556,-1.3155472322209496,-0.650812806427111,0.6927368600524546,6.632090743908437,8.621957773211006,1.0065147087736426,0.4027663589204743
588,0.02856013755649237,1.4537488148919224,-1.1858398476679293,0.9734187848476273,19.6888978662897,0.1143523785560394,0.9025598336053013,-0.18573699528007026,0.8122928279238124,-3.560894708747049,-1.0656663249618468,-2.7780499360265627,0.8857801475781688,3.3483915440485807,9.881691692200985,0.020582105859099364,0.6888394525706787
589,0.005512795985128137,1.3455516572225545,-1.9788257414053148,0.8879550699299134,28.875550586108048,0.5324093179524789,0.556002807060261,-3.375020819557623,1.0961664671536966,-3.123735914025324,-1.7830464474619792,-2.7148157463716176,0.7159535384089403,2.6940442943957787,7.882201539017117,0.19574368636703013,0.269389158398873
590,0.017071308186537133,0.4417151635966243,-1.9264266091212463,0.1354668844132804,23.414637481799666,0.35181443061131834,0.8422184595584348,-2.2125440408844868,1.0769632032697116,-3.720814781109268,-1.2968430630395584,-1.732578909426941,0.6204523108311542,7.533300482393998,11.186892708054186,0.41836377915483536,0.7967561963286169
591,0.007664016715225165,1.2578332159587275,-1.88239098115129,1.1121152967154861,12.06350939752754,0.45827943154530615,0.8674946002203466,-0.5956900018070543,1.2563551332086191,-2.419127404568022,-1.7800442640676473,-1.4641837929134565,0.857713845845526,6.147876017565373,10.104994885644643,0.1918093553402045,0.788445802312853
592,0.007903522785440126,0.5402653676516623,-1.8117595995153795,0.6061315579526723,16.5535816378749,0.4175844565662564,0.9181504197782866,-2.626493557919262,1.0323858344559975,-3.862138580725022,-2.7642014766976515,-1.7100124306475677,0.8243635919399945,6.86637908390173,2.1573882541152183,0.31943129595568476,0.7076013055812734
593,0.024844514388454027,1.0665145738926358,-1.5321163515686527,0.9494999987610563,24.64403491276463,0.2129096876712461,0.7017278792950395,-3.398612913173161,0.4023940248782611,-1.4344848097072678,-1.6691001373442558,-3.1284932501478595,0.8997527719173546,5.595511034394178,9.803918115786306,0.29208000656023436,0.7006291924136174
594,0.021543290580791956,0.6616007627960379,-1.8421930754866878,0.5442339733475632,29.73362869770695,0.32247113197767846,0.6311190201516704,-1.3095291956782327,1.0158228816651331,-1.341033112943653,-2.606941733574836,-2.351826942933559,0.8055204441504363,6.320492806061487,8.258498084151029,0.9689763364762286,0.9102563230448691
595,0.015161685115861714,1.1435566056255655,-1.3160674202544875,0.3836207250266465,17.43510666438695,0.38260795464431985,0.6431911017622673,-3.615437250261281,1.400285752519267,-1.5857662246425446,-2.221530219675648,-1.7416593407564345,0.6561302099743803,5.4110641418416305,8.67170341927255,0.01217611210568122,0.11600592994302443
596,0.016519392117189075,1.0330110297898796,-1.564247023762355,1.3982204685748576,26.6538136678886,0.3747951018741954,0.7024847278287852,-2.513955102473383,0.43873373196399157,-2.3238047752083624,-2.745078957020044,-0.9960186131730167,0.6678474683062766,3.009464796824883,7.721715762505441,0.4827262656696423,0.5168692360664865
597,0.014456558707771388,0.6377534523925176,-1.2633400897126943,2.2276503114369084,16.33091281564123,0.5333037551967585,0.6054017366356974,-2.1348702718881625,0.464005089270899,-1.3535068841374334,-0.7781214401554379,-0.880276888351923,0.8926169490697695,2.1592979065255493,6.609951032535632,0.16096451810466533,0.18581201786513363
598,0.025031630893202844,1.153144879769191,-1.4799184230019236,0.12773198498426708,26.193882945490763,0.322960929723233,0.8526669225938037,-3.4424628354933646,0.8925909368593659,-1.3864142238681958,-1.5013662400199683,-3.0996076813019697,0.6590241508823449,2.328170783268009,4.343163877289005,0.9044972107744672,0.8171445979778319
599,0.02230654457179628,0.3109052837685975,-1.8992931014039622,1.0835849523775793,18.029229139221037,0.5544381278204898,0.8616966171129654,-0.8525708823418348,0.9712682243042063,-2.5521857638357908,-1.9553375780175994,-0.8155886566201778,0.7664208333292113,4.924931468398704,4.695660797252928,0.6070478071349253,0.05201906677270584
600,0.017688837048427768,0.3457082790056237,-1.215699502477173,0.37508353342281914,26.9100772445943,0.5813123959425408,0.5956781072593631,-3.846181952529809,0.8432564127102966,-1.3329882061079807,-1.1919401238980396,-1.8865133412922415,0.6026440603139714,6.558838286164594,3.6279418684792857,0.7477768331842524,0.43266966392254197
601,0.011635305059754004,0.36201132721070434,-2.039694018716769,1.0538819872544742,26.06828841012545,0.5923563653196705,0.9366917112744811,-1.1734366314402087,0.4105980384998699,-3.317135371319901,-1.7738603586005166,-2.8568657544769165,0.8626493792734844,6.167488293373206,12.499824873652486,0.6106063107895315,0.7167102597148951
602,0.009985440604353066,0.8192645310389619,-2.049479410402567,0.5299006770596816,14.995472659297574,0.5198430466029833,0.6917137602166598,-3.4197368059901887,0.7815390338841486,-2.215589250992831,-1.249572862537058,-3.8818377614627346,0.5534052000745231,5.586816523575968,5.409367399518384,0.8807248836016994,0.7286681254503843
603,0.0133494356856057,0.6785339831304762,-1.5091983146027812,0.9209006949522487,12.01546406325562,0.5478787875179675,0.9139156240985677,-3.649386009251636,1.3212030814543951,-1.9762686818348358,-2.0362202870048662,-2.290702746779114,0.6917367530663818,3.605822089485209,5.88686935524469,1.0529669053880857,0.5068396490666174
604,0.011521538795353628,1.1054693478138808,-2.2371958667190457,1.8418572697550977,20.481920721582146,0.2536529580945951,0.5574512335818917,-1.7280565582589404,1.2087978178912655,-2.8041363889637196,-2.476182329433836,-2.0560688020256617,0.7126345657626914,4.724151877437867,3.5402360949555685,0.7678171822124682,0.4511111022019135
605,0.02254877454201316,0.7499870303093,-2.0228636961902238,1.3829925074911558,19.955571230991684,0.43000452701186886,0.6890234982767338,-3.907908047448929,1.3334079691863034,-2.759348575587641,-1.459949370815163,-3.5835589206488088,0.8826744643698474,5.184840577560212,13.788747384408317,0.7121791462687187,0.5841369259211976
606,0.010053128860745466,1.1493074732648076,-1.8159979484516922,0.13348386414742713,24.932783153151163,0.22615855591023182,0.8915502965967137,-3.4119434845935426,1.262149690494682,-2.9162563346270414,-2.8047694478057235,-3.1069855363988745,0.7762728824865175,3.3777244250958054,5.816267272160661,0.12235262418348078,0.4110171604530953
607,0.028903205169456353,1.209147866020635,-1.6811805095439147,0.2559798978337383,23.96616722696465,0.5374486919898116,0.6041909239063775,-0.7426312109390918,1.4394367825342005,-1.6293144899460152,-2.355492410007646,-2.985302972494573,0.6841009897165728,7.291062401366218,10.378715156226395,0.9574561832270604,0.1301899495994476
608,0.0065201897713289565,1.0311836824147185,-1.6729834935384993,1.5624073325208212,17.391779257589967,0.21135150799824703,0.7934180969888713,-1.967930926330819,1.0288099360590128,-1.2646202135120488,-2.613849857582767,-3.8905690380878584,0.5933130648864527,2.1498197713221185,9.275146799478414,0.7197686651845178,0.8535319285289066
609,0.0274534714365801,0.8801196776408382,-1.4874896712516652,0.9845070024290643,14.664274321275972,0.12744701577627154,0.7326891099554886,-3.3159129775176432,0.7127091780725574,-1.8410562272320523,-2.6349629266939254,-0.7352210825016829,0.7792395919849424,2.623832577350364,8.531062143565551,0.794764301872467,0.4495903309875751
610,0.01214582778134144,0.6505601549560807,-1.8858930029862924,2.1288609493820063,19.010170992885875,0.5830508702443137,0.6765925838213931,-0.17971071424774498,0.30274367003539854,-1.8489717318989967,-1.7951966166963254,-3.3228636879282556,0.6894084898849537,2.745054890948624,5.502320559549284,0.3066384585890855,0.4662122303652851
611,0.018864910617245,1.304777949010624,-1.8128864101550914,0.9091924925105002,21.31630088856483,0.22560161089457945,0.8022784172956338,-2.252957429495756,0.31518351197321726,-2.797304318523559,-2.966830516483437,-3.383058965781523,0.584033856698703,7.44793509225382,2.7007421291192033,0.8098706578314375,0.34364632153957486
612,0.006951258089066625,1.441428861543029,-2.0729861001157257,0.17366823948985122,20.68424468952755,0.5453118290909923,0.6595195603215944,-1.9093028699053955,0.9270750309372655,-2.1186736962048447,-0.9218769562053581,-2.2102693205364607,0.7652919576384902,4.198675596447728,11.716533187576712,0.1541936876955401,0.7709652023710429
613,0.01470175703327686,0.5197122761005906,-2.086551494145818,1.7207971929624035,16.871099762996057,0.39807717881414895,0.8322743856476167,-1.7215437222191312,0.6274234761629958,-3.1106921911595893,-2.9030858108298974,-0.9355915751561708,0.8623314975979071,3.3820404399345687,2.4106051542108085,0.14833063931751686,0.17635845395994404
614,0.015770192101505903,0.9116599469509878,-1.129510597467745,1.310924149152391,19.978830548836616,0.4783674610378206,0.8635189738027933,-3.223511122250712,0.6628468317151794,-2.05788270761628,-1.9960732711448244,-2.881243249889975,0.7036557535448164,5.228099978138864,6.964463262386095,0.6502330677343675,0.28749941775061194
615,0.01786988633047943,1.2883310646638495,-1.2743732106138577,1.3776527261042568,23.792426082079352,0.3593938321775263,0.5754405730672425,-2.7303793746103375,0.8141480231055014,-1.5184316662696085,-0.8894563377470224,-1.7667256675030472,0.7726916405565789,7.387075251356614,11.209513177397664,1.0039626361452507,0.8596770971237032
616,0.02093870058752371,0.6040711178774464,-1.8798012703431115,1.9090746234061977,26.342297620633722,0.3777749311630295,0.8169501996464366,-1.9070654887443834,0.4552634610823614,-2.72730503156368,-1.4317912839575548,-2.334257388973003,0.8250153666708292,7.821920635474694,4.26696784163559,0.41942911802416694,0.06027878149603279
617,0.02410668954870673,1.471506974985944,-2.2111158951672247,1.2109801181305422,11.163773005591452,0.4311520745272521,0.6292855600877899,-0.5411962505307564,1.2423512283995741,-2.5708621466018053,-2.1616862416085474,-0.568204625332668,0.7136000289372382,3.583385276697422,10.40877081910828,0.4099657625931265,0.0861834964847372
618,0.021909464513319515,1.2265296678849995,-1.2881675428466333,0.3467884395936015,15.651741781126677,0.12651592344016147,0.7766429311665,-1.351859971450085,0.9684912305696751,-3.7740060453806077,-1.1569894598648685,-1.372133982978847,0.86892844523354,5.268096616770839,13.925192168856508,0.7550675058531805,0.5818757463102554
619,0.024189550187125836,0.7694295532560489,-1.2285792116021397,1.5097484569203932,22.4529996165629,0.1562274496162742,0.7693978804050736,-1.784423274745751,1.1311661484078872,-2.948637968744242,-1.0419304549373307,-1.383274734416216,0.8178995971593315,7.634540969000046,2.0562221146318898,0.912002631509976,0.15026319016753573
620,0.026975657606881812,0.8763115089463234,-1.5075734313877422,1.9407024369671506,13.856731514767477,0.21349365950037957,0.6477517793879679,-2.509953277613808,1.494022049402275,-3.8678060492133284,-1.9415612140615277,-1.6575349385515583,0.5710619206344341,7.118853956551131,13.04617796738069,0.33607329161331567,0.5900681060321814
621,0.02102698013660561,0.5163755778605459,-2.1772156671574048,0.6109603929286986,15.1749286741613,0.5440262857091823,0.7382674872499932,-0.9783766429290637,0.5823738335769535,-3.306868476362816,-0.7329806362021638,-1.245002945102835,0.7887399458951924,3.219216823151065,11.646595625810525,0.48692291050399494,0.4407971087187577
622,0.025774491516319633,0.9088194976321582,-2.1280275360459506,0.43325312249931464,17.575403496432767,0.5005414817911581,0.847512504052577,-1.686914756719902,1.1737471737874299,-3.5069262583095426,-2.557402098296921,-2.1919303461393316,0.564674931326349,5.510445204835031,9.534382826604224,0.9376522509422226,0.7613707091188884
623,0.01958256565326221,1.1897018805130637,-1.0765235098930546,1.000314068076891,17.401380397817064,0.5437531185992975,0.7758344892777691,-2.4395612941063085,0.31581282971724944,-2.8239550368922224,-0.8672571687197554,-0.9586996289143177,0.5887310714185856,5.389076751115171,5.785783995855642,0.9671351440704111,0.290808370808235
624,0.01792790296740073,1.0115439447212984,-1.534619765285962,0.78946646765409,13.978609121626855,0.17346451876998936,0.7770229890237459,-1.8662076232303861,1.3165912896746341,-1.7418235268873778,-2.0867880490526254,-1.192026070087104,0.7934251468692555,4.5921501389159225,11.240708667372585,0.6143202563049228,0.719728964134649
625,0.01226356387247166,1.127837442921191,-1.7127951129651902,0.930431342305174,18.224949257171936,0.4990088463618435,0.529895483629223,-0.15587018237131733,1.486963198702868,-1.7639199597690847,-2.4781086040686375,-2.8858433882183134,0.8605860499782921,2.030170315600731,12.895333856647943,0.17421768526618117,0.7422125435695637
626,0.010680798975700678,1.1905813631917241,-1.4396689545947887,2.233863781120633,28.589696984781668,0.45938027818140603,0.8518792616787688,-3.551741542509316,1.4751361052605165,-3.2337887808747,-2.906478667067799,-1.3803646625918535,0.6237022713976611,6.064906589202339,2.3384322206171317,0.8392747087988063,0.8748320047061389
627,0.028613871009827842,0.4107684759745476,-2.0407992920952527,1.4396679902347325,26.545810063225723,0.518262289484945,0.7183404567148926,-3.8371565171505564,0.6795022570043662,-1.3830818862645748,-2.2572115107181245,-3.3465447331190528,0.5779793377504913,6.817153855354545,14.07516558466457,0.7321734514811453,0.11671786794835098
628,0.025358244080371236,0.7217978087808321,-2.1058773514396347,0.646154118544021,10.592245115988229,0.28075248153063825,0.6537204272381799,-3.7929017867919796,1.2185004198311962,-1.227355576285408,-0.816269886425228,-1.553318999437355,0.7854614354674164,2.141700674002253,6.178876002498203,0.9928588897880394,0.3887631571969266
629,0.011327375337245106,0.9801513290801107,-1.80255570178903,1.778873164034866,19.076681567676673,0.24501557484286607,0.8347019251110662,-3.187048153589739,1.3473150908647935,-1.7053580467503635,-1.1315480778515714,-0.7203583945889136,0.5641766490421688,4.47768901786616,2.8845981412454207,0.21342837351502694,0.6849673179120853
630,0.008667338617755666,0.9705913954947922,-1.775328806063814,1.5521868909547376,19.35782519757766,0.3506880113100219,0.7888502343209736,-3.065161959295989,0.8776745137765516,-2.563758200060521,-1.849381490951014,-2.6766120014424453,0.7333585106997044,2.3787946397513093,14.518447456129493,0.9501604054425096,0.33637347203676804
631,0.023808302999881625,0.8150062665309701,-1.3345056843582122,1.776533220506678,11.920540737456317,0.34049491625787465,0.5214638756928537,-1.8708707845855517,1.0802385804948882,-2.08951127261977,-2.411609230941859,-3.8205392655018326,0.890095433224551,6.27004682265658,8.472628166689912,0.8352576069618399,0.8947803841563812
632,0.02385409518629664,1.2219833187919473,-1.8956026579670884,1.8705493500032073,19.267461302448858,0.1828602449167564,0.5976482967536539,-1.837989987183255,1.1750942951371095,-2.1582627752757126,-0.7883950715933654,-3.831446881957686,0.6162714392335753,7.169668774301082,2.0785742398490368,0.6153552042689415,0.34051317216261895
633,0.005154502527980444,1.4185499673114932,-2.216951011806132,0.3807906171577588,26.66458359189841,0.4389104716912261,0.6252526050669251,-1.767866227875475,1.320495823845662,-1.953879133436342,-1.9000342256076193,-0.5414637583364685,0.6884840073162715,5.160589174912182,4.888125423228477,0.7506629269164905,0.20823065936668073
634,0.01406144451898118,1.028492970571001,-1.7140763496377576,0.01601646644050351,10.850533199271698,0.40004254308929676,0.7368995071496014,-2.507380546498449,0.8851689371855667,-2.640026445050862,-1.8753208841055415,-1.1363164443385467,0.626630017933517,6.488142336178697,13.145870642466555,0.5606044950301986,0.6514876994604609
635,0.008098185840134636,1.134617954724196,-1.9247459847653858,1.7826688482213084,28.07185234209882,0.16115569310692565,0.9464540489655646,-1.958325641939345,0.7152444970266989,-3.082192441227924,-2.274130916893322,-2.8095349451227447,0.7412153254043804,7.199348259171389,12.367530399536623,0.40763002214788735,0.4626437386931525
636,0.01578860356512703,1.0526358186503184,-2.2510408182808885,0.35752448195609354,10.601739647115465,0.5864314568605868,0.8739734724098557,-3.5948421160800743,0.7389907946248511,-1.9262800682430516,-2.224372589067518,-0.7902847626216709,0.6048271975334643,3.531196515511014,4.375144522592137,0.958320829680022,0.5541514164628478
637,0.029632157780766583,0.7019066773273713,-1.540706524546285,0.6351735160957341,12.872185965985892,0.4958896659403721,0.8362037909808966,-0.9924684279402887,0.4329233573199849,-3.8827283519773506,-2.286723402325573,-3.3936782593845956,0.6445254071114972,7.584044257546691,7.462714844917797,0.6910032407208098,0.7717379344535557
638,0.011979482541168303,0.8847783181898312,-1.7267112471302075,2.0472667077261693,12.564337258593538,0.3838054756482916,0.6085122524768793,-2.714390945403547,0.9778950797123818,-1.7292265537356624,-1.0770385839687728,-0.7042544453074462,0.8816566923847311,3.6338446228434997,6.733395284897211,0.11868880250465991,0.09716336477622385
639,0.012065215094616975,0.40888728505438376,-1.1168475975252743,0.9246063482833332,29.324545613356833,0.21027137483834268,0.7908369013762653,-3.8191788425952824,1.1661455544572739,-1.903135078478345,-1.9628727511571056,-1.7193583704033069,0.663377514570871,4.580365670027226,2.619459005970689,0.03077296266296649,0.3454761431418833
640,0.02028501888619554,0.5343367360037061,-1.6596520845544214,1.3300930031158698,12.22763613328295,0.5379873329492567,0.5098258078775741,-1.7929217646282951,0.4855480536384811,-1.3709173535599102,-1.8021922973222777,-3.324164932341308,0.7624769534817588,4.793506401812179,13.586174417022798,0.14424891231791173,0.2071257080333794
641,0.011665814292188626,0.58381176221934,-1.8274252738931114,1.5896628008850031,22.5059363755544,0.568215134946503,0.8505564934453309,-0.106441495731592,1.4698207006174213,-2.410337418352127,-0.7823676617342894,-2.4661935304115277,0.7495614737710602,6.902697839013069,3.5209263735780167,0.6611532407695038,0.3970193603328541
642,0.01784556936331889,1.240819292257755,-1.1526734306304123,1.3842245775594688,15.417572403059687,0.467603619625812,0.6668207305851652,-3.192331755176035,1.1962244728535805,-1.4952559823358547,-1.4893526427585995,-1.1168976272117552,0.6271488816773525,6.532669970881907,13.947517253279567,0.900626840940236,0.22608767370497315
643,0.018117449121814105,0.7992802280568205,-1.2128039354966995,0.9051467179872181,14.529768319680151,0.38000409096726084,0.8309139509971784,-1.3137047593021793,1.0624317599497461,-1.3560424638606077,-1.9585404265133666,-1.1883301878183041,0.7741354168342014,5.6820534080593,9.911844116256962,1.0517822999097781,0.0983169400231061
644,0.01116587427717903,0.30241440467891556,-1.372584938953985,0.7718249939281869,10.377521699422601,0.5522362408685715,0.7283749478372173,-0.3443613252507438,0.3191443774200643,-1.3621605609533978,-2.3706389170813766,-1.015205713850178,0.7090614799734017,3.703829249150377,5.179381816698156,0.8413117333705576,0.05652611368725403
645,0.020770180942523465,0.6496466368926852,-1.804624960506486,0.8518895598684896,21.742110102496436,0.5053873509961035,0.6948066462808489,-3.6211071902386864,0.9845697311239545,-1.827363423637609,-0.8269250116845344,-2.7802634548932437,0.7755386920849029,3.6712542396508114,9.315457906367131,0.6741610330749934,0.2514712777880675
646,0.020440153352019493,1.1163936254899192,-2.18966909359748,0.4441631918717937,17.021218722895096,0.2549108470795043,0.6543953862486659,-3.5737274245966124,1.2933897930682212,-3.1762966008494975,-2.7018260117558905,-3.717163592405037,0.5604272383535979,5.829190358978482,4.515881114507412,0.16351762764566777,0.4783712520795033
647,0.02973973025300372,1.4323589757598694,-1.7306839401580474,0.23227411868238843,14.957983837474496,0.5743551985062095,0.6345122482989416,-0.9466205458593961,0.5890335730688465,-3.165344098496765,-0.9388955981418321,-2.927100288437914,0.6696190895905505,6.224282245050276,5.079131260618544,0.9688916019721094,0.3696523015084135
648,0.019652044347495984,0.4884662169172358,-1.3185308103079714,0.4830899825118348,12.716006755193924,0.4259106671086681,0.5793863940719308,-1.7413942639362316,0.8442570403632381,-3.2204754735988717,-2.255371596411136,-3.091710400731646,0.7302392932323627,7.464834912171491,11.267610634575608,0.8759045796041348,0.29846854935407263
649,0.007539579843338142,0.9732826210518681,-1.8213235988891499,0.26355653010174196,15.789259254943468,0.3325991465050814,0.8193207546610481,-1.7455313566855128,0.9096956810523673,-2.866264290485694,-2.5349853776474536,-0.6853363041080591,0.6282721682080663,7.762280639972737,5.241548806732624,0.5645085226223753,0.2567908420511181
650,0.027570745441342196,0.8324118494297956,-2.2948180068358703,0.4501624850328871,23.720718033586795,0.3554200721783797,0.789388932476805,-1.1344670945856996,0.7686847537553336,-1.9600645702973196,-2.147215117416486,-3.332601305422377,0.8338862305524898,3.678079805638641,6.567549121258365,0.1038564426259986,0.31934418852528335
651,0.013468675262885067,1.0269557063364303,-1.0789834754519296,0.20292040004047046,27.700005241226954,0.27634274372687284,0.8436550014125916,-2.9070935240148845,0.8098088236786358,-2.921974784464216,-2.544404628006394,-2.4084071363575696,0.6748298847769969,5.6015456562758335,12.053011731018525,0.39380492856569294,0.40593449531942216
652,0.01881806679873346,0.9673347446496179,-1.4658211633463467,1.515319321023567,27.339932686395453,0.5607451544834404,0.6778907329606799,-3.8828315284765185,1.4114886446144823,-3.5250722104150913,-1.8557735549030332,-2.2627650673828423,0.7340783566765625,6.575576064079486,13.298368926416185,0.5491925744444331,0.2946363853554932
653,0.02776014956217025,1.3481133227593194,-1.777544257315121,0.7100688956910893,12.109192578432314,0.5344896948087088,0.8588168395497264,-0.7280650336493539,1.1695114418312351,-2.3080301881768626,-0.9259073001413678,-1.610297897911658,0.7552696064827784,6.4794879852509775,5.924859933248704,0.07903818071143369,0.346571753995089
654,0.021970710670909367,0.9047885139774152,-1.7107551969549482,0.7328258579470524,14.601373559542258,0.45850235904853165,0.652724748508065,-3.284596892258024,0.9867849988237547,-1.4904217044465549,-2.2322517638544297,-3.2145893109172103,0.8269368443546653,7.320486253690498,8.91934474224239,0.03879169586022401,0.6200509066202156
655,0.025962436208293464,0.46322313413398186,-1.6162638079642355,2.120251724254799,23.38087070483489,0.5102163114637213,0.8766898342737861,-1.183965354104406,1.1213949504514071,-3.787306395193063,-2.2519617966595282,-1.5005505910406263,0.6468897996178629,5.19343848860542,4.660556785537733,0.9413585464169041,0.26549783756569734
656,0.007948709643102597,1.3409562230558731,-1.537550354442676,2.1439289863425377,27.66587404885762,0.46158966641949684,0.7665034874878829,-1.4999448001226936,1.4178314427112433,-2.7214907164126743,-2.429924008885115,-0.730525606964171,0.7016264882799272,3.117900896636952,2.9345089738259134,0.28344137470286207,0.42553574378122444
657,0.01678400693864676,0.6051785217543056,-1.5747282410957602,0.23664990845443062,20.635249279164828,0.4869355560055998,0.5120570584535872,-3.275051611439089,1.077649266162729,-3.4807432830779925,-2.7443147487939825,-0.8871625999612069,0.7034205842100202,5.891918011879574,10.190536953113686,0.21725156768234663,0.9097681042780879
658,0.006228867877230881,0.8091231353700128,-1.4739956304214803,1.5315119327127984,23.950110363792454,0.32820210789936766,0.8667152076745311,-0.3230282926461503,0.3703264267052829,-3.1508672913300284,-2.836043826903567,-3.7661884558335816,0.6375416681014253,6.52771260488957,10.447015124517938,0.03379182985054228,0.7860579302719608
659,0.014604716934008374,1.2453382181225034,-1.6274544240045734,1.5823357692252236,20.762572057432813,0.540042790656549,0.8580795929061539,-1.077448953281277,1.3406997547364237,-2.7053272819291,-2.0086335626240537,-2.049816313038967,0.627694601324704,4.419893009327925,2.402257854928874,1.0708763017604983,0.538717004764873
660,0.027982720594024575,1.1217037166184907,-1.5650397933582991,1.3591413407170434,26.29223422556706,0.466849763635345,0.7790653031225865,-0.2796649787684724,0.9056977140621865,-2.962773589374785,-1.196039972597171,-0.6576558585132912,0.8042435811456067,2.9623433642726478,11.00933239778341,0.03976156047100193,0.2726770312664851
661,0.02286818569980079,1.2616674755347843,-2.069211469293309,1.5494209435521595,18.432269142105614,0.14248668530962355,0.708060261393419,-1.3884082811169005,0.9722479963920656,-2.7635850453104256,-2.94926141624164,-3.442539704181685,0.618556485738423,4.802503691689875,8.507385596628694,0.4864408715831294,0.594471466045488
662,0.009331790485985956,1.1243961346035758,-1.124453923419372,0.7049453098807115,21.5520364903969,0.4774971204156636,0.8251470882064003,-0.40147698338519344,0.5273685073306329,-2.236223718065221,-2.2464808302112207,-1.9394356249320754,0.5624905796568729,2.4152453294937,9.326233067853684,0.22519993823362439,0.47743151076012147
663,0.02817904290614138,0.6398012596493812,-1.94335821049269,0.24139663653663057,12.143601846872672,0.46819173096059175,0.5731316027821249,-0.047464261255167894,0.6261170949071966,-2.3722266646535513,-0.909069298886338,-3.7578976011845877,0.818207979432471,6.9309641932139625,13.992669789770337,0.8137472203483708,0.11932872809227756
664,0.028827015557492237,0.744546421568794,-1.843288584565379,0.714004234335469,11.200186731830115,0.2719421219416773,0.753471062639262,-0.833807344953764,0.5863959156231541,-2.1293197864427356,-1.4576077446010984,-1.2669827728411538,0.8636629607059569,2.4118210011399888,12.691708606921566,0.12842484901094514,0.8846630531096212
665,0.01410766570059857,0.7914193819175392,-1.3542023698890189,0.6499072361067176,28.41233993187916,0.20016700784344482,0.6756376941232618,-2.2638163409177268,0.5246787657722463,-3.606457878172618,-1.9781127216600611,-2.5804401014251654,0.7855917836194993,5.721988853237684,5.296543653246561,0.16775943891569464,0.3591796813543988
666,0.02687263203614907,1.33018498718925,-1.1926620270715527,2.2359158597836,16.778785076292877,0.1305807811004468,0.6376693545471495,-2.540775622294457,1.1032133425117643,-3.7171675878008092,-1.5741621764499838,-2.787635711590918,0.6922511528558236,6.811821016681584,7.145838010221451,0.10138019906360299,0.43226441287641787
667,0.018451170049612005,0.803353692649152,-1.825914995041371,2.013694280546668,18.400691230260854,0.5950774740877103,0.6900726975303979,-1.2897531415972705,1.2965459245293165,-3.6399326599572355,-2.268904071963468,-3.3273384285184173,0.6439455745475756,7.967302958057868,3.6020664132826763,0.2858873346676591,0.3682189589667236
668,0.028769060441423834,0.6484570415125688,-1.8149471659997425,1.75257547719536,29.991142795081945,0.2286148475068158,0.5667154450121112,-0.44813828040553805,0.6823135972727876,-3.8481696499356275,-1.9993724723896362,-1.0008054096509915,0.7084611778362965,4.0839890412792625,14.804878170690444,0.7194558369275685,0.6600641365505372
669,0.02398843798149967,0.3162044360019208,-1.0668181155066934,1.5194453098748795,13.388479991717036,0.27332476092498625,0.7181036277349853,-3.367747454588874,0.886044657136934,-2.5465498400240287,-1.653015531275627,-3.8877145684941725,0.8717354634855772,4.239714755887642,6.1363280329142285,0.09479572939318584,0.5038833138496381
670,0.013533652432021613,0.5868489296741692,-1.5412613021626145,0.010368000055199068,22.723325681646358,0.17654502914608255,0.9473139582922524,-2.699366346857601,0.4264465085586183,-3.0186162934231917,-1.8660981034168087,-1.8622910177390608,0.5574921878489673,2.6496215415518596,12.452031178958494,0.51161418647255,0.45195224150621904
671,0.011895143880454909,0.9349581662030246,-2.0194477468276664,0.3608091672189946,26.817018637326985,0.18707042137238378,0.5383616694828647,-3.0192827500140877,0.6142673015601902,-2.336806477635447,-2.151394231579882,-0.6117699871645175,0.644228956959186,5.014378363538984,7.074218999839258,0.9093067610447576,0.04092148496428256
672,0.029517609226776365,1.3601915769388957,-1.1032557027789742,1.575899699754264,11.88535404773027,0.23880153429985881,0.8406943610692565,-2.0025551498750263,1.0365561628164979,-1.350391261099877,-1.1400753746278267,-2.959551931362462,0.7376872696356799,5.210375825985512,6.47006116763088,0.09645884390653821,0.3593947432155727
673,0.02030728204773313,1.4880443524826201,-2.0038308111924157,2.2574087102617444,29.007303813278483,0.420543122690772,0.8289105396584078,-3.307719284354961,1.39322152860557,-2.202003695749662,-0.9451584442605183,-0.8089366869270971,0.6096331690601371,5.822090049223711,13.258657070143386,0.3290266674004841,0.795107737293036
674,0.017340098320278205,0.8245482804980933,-1.2258122298715552,0.2745771865041127,15.588192673813474,0.2873883018306197,0.8878496481586533,-1.7888979154379792,0.3925930568559595,-2.0836681076402828,-2.8123167203241413,-2.768061845151877,0.6242006662059272,3.3388702780828523,14.245668440313562,0.3628288606281447,0.8253431958383829
675,0.01737140887162282,1.371062744080066,-2.0363264007375825,0.41173243321645775,29.662628228447126,0.45612274495199734,0.6127535387263509,-0.330485294744741,0.9655600689896919,-2.7846317030206102,-1.1582929384956209,-1.1146434860269174,0.7100227075167237,5.929875532431022,3.2174341744116894,0.050433145868894684,0.0841310020913985
676,0.01789138971862356,1.2871556789786902,-2.1265000301963086,0.04679519039754986,21.93247075827383,0.20062056520265806,0.9119370852320464,-2.043721552086269,1.376886320508087,-2.3869339435204884,-0.7637747330362141,-2.147088882732681,0.7540172058493392,2.052602035788543,11.80491055846742,0.924152353727484,0.6207032566638676
677,0.018271293701027504,0.7299779188360865,-1.4230050628936892,0.5735218600642384,12.520941144894405,0.4792759125575127,0.6655598908921958,-1.3767138695417382,1.196892766528624,-2.889233173485011,-2.4606332098330923,-1.6736350151699777,0.8161587050848205,6.951544702069274,13.72873363016432,0.47124037175877675,0.03950252105555083
678,0.009366892853478779,0.9790033491661856,-2.2952155497485673,0.3023300476418054,20.29635365181364,0.3078942956875921,0.6285326867290509,-2.721505165403886,1.3103129692169768,-3.1278689947350755,-1.8687776116235384,-3.7458950916010125,0.6088817406185525,6.1453671667935055,4.902327686361679,1.0203694931070353,0.9015918770768323
679,0.024451153588927212,1.3135799286631145,-1.2826604510136523,0.07359948552364266,11.240439323530458,0.4801809330892558,0.8238277668768921,-2.8207740233157454,0.8412079167901716,-2.3269142597045303,-2.80783945587442,-2.1130083972535294,0.731188182147378,7.2109327455190115,8.297990239945513,0.5772156410432026,0.8672251749640287
680,0.008046049558860804,1.2045103452233106,-2.0786234831090797,1.8326496994402062,20.460341141809256,0.589038961882113,0.8850514165819995,-0.3625142650742377,0.6993593719671753,-2.8496489144757335,-2.079658000115164,-2.910605987327261,0.7112936587806978,2.46658906010511,14.543614193470953,0.2816041389489878,0.17167558568679703
681,0.011727324245279856,1.4490653904083668,-2.0888002660346703,2.2810736041273376,26.995685917819138,0.24163618076826465,0.6012267196065328,-3.170277415019744,1.1288007956660706,-1.5437263283879354,-0.810023378053025,-3.2414970426163374,0.550315330213115,7.944994945785849,13.221950133870848,1.0245289051974587,0.6743699216514183
682,0.0167663724807845,1.2147771072622207,-1.9035323516362985,1.854977511690441,23.925944118765692,0.5782254834606431,0.5028891456685667,-3.429748632545319,1.189555315168388,-2.887212543126421,-1.0537414340157951,-1.7604591459919359,0.6621368246828585,6.044562553132929,9.161752055846868,1.063733973492393,0.7090111681425425
683,0.021073218318853375,1.1159505605863418,-1.582401091594702,1.3570469333693436,13.325529877421495,0.10685036625832924,0.5264415908193736,-1.602565834619094,0.6533237385467207,-2.441816498226597,-1.2677898702144588,-0.9485824897591622,0.5673026728400088,6.860511488998251,5.5485395057159375,0.8944453825064511,0.7755078442789305
684,0.015368931248494342,0.32625187122695937,-2.138784443648309,0.943390716248134,16.644634351820145,0.4739271885923597,0.7448846340107977,-3.1335539641537906,1.1507468008085422,-2.0770048756361774,-1.2525003754083563,-0.8268655065229531,0.8131565631500314,3.9858012223578685,13.976068120952972,0.046016400823253444,0.5131742404852674
685,0.023969340530732176,0.6389103275996818,-1.5064081278101287,0.06762312493054404,15.69359466425886,0.5701357922935751,0.6904503441701049,-1.8604470531376576,0.8749495010963064,-3.424738202464419,-2.7041190186841737,-0.5906095617090616,0.7680237477581972,7.788205579377632,9.350842630783067,0.27522057317893783,0.6856594514615795
686,0.025236879924402645,1.4403580245276792,-1.6554682886073273,1.4468693383335143,27.124769770196032,0.2904149980289412,0.7796066449390229,-2.956532732950828,1.1105204719543176,-2.5182463256734895,-2.4878926726347177,-3.683921486163958,0.5876690290704316,5.3214436688805336,10.215107536691914,0.17245200681540307,0.5283050116279426
687,0.008383523280606545,1.3172692650561955,-2.278906763391218,0.23349283278283853,13.12039762765549,0.4630205697984251,0.8243500057242203,-3.8569971545134885,1.3480883889601993,-3.3439854668685944,-1.419364034291731,-2.5160495821241735,0.8199343222512891,4.881821711204442,4.851209595565486,0.6837883591777054,0.09463682635243406
688,0.006587612728920837,1.427007832357896,-1.2234341488899734,2.009727990806932,25.40906071898842,0.4289375479188464,0.8203696690149572,-3.2213889659715838,0.3728203483087345,-1.5808724175411086,-1.3084826528543683,-3.5066709921671313,0.7019923912987144,6.698830043749788,10.906632630897409,0.6753556833233789,0.12031921788275299
689,0.009224487382100913,0.4351125128553335,-1.6634180364539985,1.8010314547672146,25.486473064398954,0.20298990043405743,0.908732161503423,-1.4929956548909509,1.1529473333775466,-3.7910963489010627,-1.6856910159062872,-3.761729163607253,0.6003908062863165,5.191563855740978,14.894419126469762,0.46480725743963797,0.13548981850710975
690,0.008210685880117365,0.7250343420468943,-1.5702989390959547,1.2719287184362915,17.872314365193077,0.5936888810242922,0.513909629864441,-2.8683926273132587,1.267630453242388,-2.492832826066958,-1.1194564978894759,-2.8482746953707716,0.8233588085747574,3.7159435828981158,10.481140992400393,0.9906575829043367,0.5234986203699811
691,0.016463537904904686,0.5863282932158023,-2.211372796460717,1.403527909535684,11.726042200799496,0.4324622375161179,0.9056305496485246,-1.560943652820574,0.6302797333467026,-1.3680196317150823,-2.204423312093674,-3.7267352161559275,0.7294164555571454,7.74822242561948,2.5012477389597674,0.08347475718356451,0.06466039768435321
692,0.0064841737119884614,0.7202119555878828,-1.555663280426832,0.9933620108546956,12.689513210241309,0.3707308717055259,0.9170191450080086,-0.4191526213179557,1.129423206295997,-1.220373734475165,-1.1765490876769713,-2.8649287143953344,0.680700403978325,3.4855925976280924,8.857791414698497,0.9334934442624918,0.4632284098002671
693,0.009674888858832508,1.0990312400180264,-1.351837679993276,2.0901585730161676,24.41132263593314,0.4277396398916711,0.65003642185565,-1.4726783208420082,1.1932007056397458,-2.490101422353387,-0.8939203559874751,-3.609548180682071,0.6962347370035902,7.146709528951197,9.292554788639363,0.4851809967002881,0.5456566682585967
694,0.01866755232089453,0.3078666759265005,-1.2524859437037643,2.025394519950805,23.832789117228664,0.22780283474170948,0.5497623626573142,-2.6886999272519208,0.7882373949856183,-2.2256307203339305,-2.810824293424902,-2.3399201588245395,0.8306856252890199,5.399114713247696,10.786465963669258,0.09958882968863093,0.43346411255216233
695,0.010424699391256955,1.0870215833408627,-1.265661717746584,0.6084006993885871,16.589694811770094,0.4786002197170667,0.7830317482420126,-2.6955087999216314,0.4616072286417683,-3.732272091130109,-1.4241223760654393,-0.7666628722682023,0.7422317282404907,2.2391443942631786,3.9996462903754573,0.5892376639664598,0.4709586576840978
696,0.02768736044872984,0.5032242643722409,-1.0589136376505641,1.545647210566931,23.017013428414266,0.3569851689736272,0.682041489923417,-0.7611593776100856,0.6948817836586241,-2.6222392331777358,-2.301377553486793,-0.9771218233404122,0.7241951024520015,4.555832560211839,14.32061492550889,0.7606045392858536,0.8368317124929121
697,0.029543839400359546,0.4260630189284338,-1.173434151283419,2.1538284947154342,19.41169539665433,0.30108292047099017,0.8856292635334426,-2.6482397101403032,1.415701655374645,-3.32926101276864,-1.2390233227677856,-2.368749201821477,0.7634895177966639,5.8137521747875756,13.205189325805826,0.4881907441900591,0.8905224433540114
698,0.010984254038915252,0.9662798331138436,-2.2689790696334264,1.9321004915439839,13.23258225453247,0.23183534099279907,0.8978206068820047,-2.2389295004654097,0.722832092524778,-3.396338870130214,-2.098188429424003,-2.9759491007548045,0.7484311626554274,2.9577977279590177,14.003029336153682,0.9472289771300418,0.6243758532795955
699,0.025301099757706693,0.8738691319392327,-1.240813375846926,1.6347256240179224,18.63841557724101,0.5214266099389984,0.7140819845936004,-1.0864554720118136,0.6678639405639992,-2.9694269670404054,-1.6205779237346751,-3.4919985346864717,0.690634005093434,6.85776494354398,8.693700608710952,0.7454641632866742,0.6079155126414107
700,0.012079944864333376,1.041626425725856,-1.4065446754484356,0.727465719446376,14.692730561221822,0.3718014579432689,0.6245006639837792,-1.2742666387456332,1.0169046238659474,-2.189273513664877,-1.579942939537125,-3.355461037383545,0.6056392083289432,6.980377589814189,10.225312397025242,1.0394039356721527,0.19367467988073647
701,0.0061777519133426355,0.951233346438348,-1.9570433356342387,1.7717826990083732,22.029958839600738,0.1429385883326907,0.6474534531970364,-1.3847793669214132,0.7724931265154309,-2.3537676358853283,-1.6484120450186364,-2.203381025460301,0.6877929006798855,7.087994420487023,5.224996462907544,0.8028838724483646,0.20529849578979373
702,0.010609543740304652,1.133385761867589,-1.5730856335629535,1.6470597785519734,12.290775083386075,0.3702097584119124,0.8292490462361997,-3.091529813749097,0.7895968385872122,-3.7580797780489585,-1.5407358917215306,-0.6028065896728232,0.635940473174833,3.5624808560143686,7.5321811383445345,0.8460534658910945,0.8509582273028697
703,0.02108895216212402,0.3347039710559633,-1.4953586654690776,1.1328389687270328,24.35560120813802,0.3531153215713515,0.9266448831671157,-0.8476917859334945,0.9047831733406764,-2.027348189247107,-1.8359608039964366,-1.2760138197957676,0.5591588490906381,6.1287628808834675,10.183959838176031,0.7179182439533092,0.5080961409296638
704,0.028051459311551157,1.2345924405573605,-1.6968518551444132,0.22186926208402125,27.993621587110972,0.28000018864145554,0.5965968651464837,-0.19104913584125427,0.42243859248660653,-1.3070430758362872,-2.3914989223775196,-0.5628277091631073,0.6280233686301878,3.856534996308733,2.902476035740608,0.8586673227318111,0.26617383064545835
705,0.029443504244421017,0.3196543041226856,-1.3192021024816492,0.7665229486079733,10.270234983190296,0.3543222256398858,0.8893195045551525,-1.5468462586142562,1.0611982698254732,-1.8966676497525001,-1.1176384802550838,-3.2346554208215106,0.8356565461377123,2.116611502389657,10.641564312727752,1.0250756431319354,0.8447538437633841
706,0.008858999402266025,0.9769614214983608,-1.1377705353568908,1.5414364386601564,26.529204099007217,0.2894690171363146,0.7863548096395254,-2.489529237102423,0.5902673824576907,-3.4644088429364475,-1.4533938822104082,-1.5818412321154014,0.7973673664973148,5.203198190522983,3.684619410642817,0.5952998440112537,0.3090504439610507
707,0.019374670936721298,0.47982086778423944,-1.809335282271761,2.2178999467760026,16.793889998053626,0.23667013795293979,0.9486937373683936,-2.7992333331939303,1.2637081511688735,-2.856919502508842,-1.7333665268644904,-2.4927016083162394,0.5733141666498256,3.550550578729113,3.5940164936838483,0.4314369064335043,0.034246083102367875
708,0.02158493893848363,0.5649529796232282,-1.6853849951154782,1.1407069366352582,29.592922425373263,0.44603562583483003,0.6795088291360644,-3.8166992463479352,1.3137669795348998,-2.836586359735403,-2.0738897475118265,-2.418662946599647,0.8265273795202749,3.178449030922292,9.700228442511984,0.47143976524603204,0.3609459661528333
709,0.013065229218747754,0.41271873353972743,-1.357684867847348,2.058722397414009,15.925463926671116,0.24351797271631312,0.6870022466008591,-2.5240368011821137,0.6154054544122718,-1.4543659054979718,-1.4746164319073212,-0.5285694432184602,0.6809138034495243,7.469994122760239,10.429496717365346,0.542187765221935,0.49517952902620554
710,0.00960189745936271,1.1146079153439001,-1.7200547951244665,1.9988289263051813,27.6325025336686,0.25440327184523215,0.6141467467399176,-2.56630950832126,1.4412740273537885,-3.5666149897918555,-2.844207207591131,-2.7018956187789014,0.7753113427467663,4.567155422646766,13.438452020492571,0.46722718312048817,0.554948343115228
711,0.005047706857693981,0.8182541634593388,-1.4683567635924715,0.467360979359645,22.04774009927246,0.33042482780950744,0.5344682224404176,-0.5734559228010339,1.2158613692831972,-2.328188738015764,-1.9546061137525652,-2.8642470933362683,0.8400714493633814,7.4799065993775375,7.501325362991171,0.24450639794805773,0.7815731749012979
712,0.01942834705245021,1.17048529950676,-1.833978931912542,0.5548432928616528,15.761638717257258,0.10193552005465334,0.5504205957095969,-2.706437594695961,0.3645205169022905,-3.1102627399160254,-1.7348786629250204,-2.4568385355215208,0.8097735624696533,7.574931699430438,12.752874999708402,0.5755158380174609,0.6866745716253724
713,0.012109399142966673,0.7170980204887581,-1.0962485031656162,1.3933425944232687,13.174955177225325,0.5364541728342512,0.63021232897074,-2.4653662610118907,0.4379452222471811,-2.257582143837586,-1.121959380642798,-0.7095709774159165,0.6211187104574638,4.517533421416874,2.3198100716412338,0.7745035677620223,0.07346494870225515
714,0.007163089788673149,0.46286175444541455,-2.3014590124774545,2.099985168343509,13.378137269035394,0.1782875214113443,0.8669938684005292,-0.27608192643510243,1.2173716170703426,-2.7687827551932145,-2.2654451603595245,-1.6987385053925572,0.6728151648706858,2.4493929812006026,5.891117443653551,0.07497732065155072,0.6049844402462201
715,0.027508633191365553,0.338399536960345,-1.1205843489459455,0.9909827476515031,12.670953968074258,0.5062276236528834,0.5249308941379492,-0.2607852843974521,0.7498490104968207,-2.9383981944456177,-2.5801089927829706,-1.7457255585337057,0.6187059500412957,5.546756879357607,7.007541996253993,1.0368468745800234,0.14914246556486752
716,0.016815485959627546,0.3132387723640316,-1.3005194849137551,1.5547621945061918,23.877748877773854,0.5849386155562961,0.9388145272923956,-0.8664816274532332,0.6615276513893125,-1.216084612020408,-2.310471889803344,-2.053846323588438,0.8317834563015682,3.6607283700243607,8.336708980669599,0.14138578638833965,0.43712086645798226
717,0.017040347690390673,0.5734121710925646,-2.0628432080977297,0.16705123254679477,27.812074423002187,0.2706506444730716,0.6144038564108842,-2.6932654835103955,1.3756516541113073,-2.0461733354598723,-1.4729517811654627,-2.1876104420308504,0.7650481495795978,7.4244607087823375,9.581065002438454,1.055537365841869,0.14228713212398425
718,0.024005449568828174,0.49286803228784754,-2.0173572962345054,0.15231975674750686,12.470711005728337,0.49225852355312405,0.7597364647278332,-0.8316134245559859,1.1491743512028896,-1.7467188869836119,-2.868542100762611,-3.381192844555092,0.7701990760793309,6.208423358841002,4.115322082600466,0.6279231258695472,0.5395240454556205
719,0.011776178158430439,0.34003143745345615,-1.949839685384084,0.6664400387209385,24.427480074451644,0.4457114702350432,0.7777058106678225,-3.35789225571616,1.443467967577449,-1.7213883334187963,-0.8138688795386342,-1.8096556208557617,0.8748005664411811,5.2616894109224015,11.272071378012505,0.31671804532898085,0.7394045969005615
720,0.020712208594028985,1.357179667091955,-2.0822895774123324,0.2776873271422805,15.436975927231831,0.36737721531811063,0.8147190066225501,-0.3485590430861736,0.8008313961879276,-2.719105465311716,-2.052871501136509,-1.7991743606318118,0.7211558816911552,2.829980989094328,5.44722667006774,0.6046849236159487,0.9161624672856576
721,0.01822912659289002,1.1406751593902043,-1.7833110548694064,1.9057291642264276,29.114996681381633,0.29451115311047216,0.9342162994980223,-0.8971733513552893,0.38855065713208753,-2.840563827800829,-1.0695107332355234,-3.260794064651918,0.5901142215438205,7.910873623760074,4.291649724013173,0.2160212995023143,0.7666913698150916
722,0.006031710801502279,0.8881540797024698,-2.1807160987092087,2.080703213722618,28.71786074788338,0.5672127718862748,0.5548888538704976,-1.508439073629908,1.3079322247647003,-2.7892183225690124,-2.417531092660381,-0.7459935900756145,0.6615891091110853,4.135310483462808,8.745076803185974,0.6223169549588828,0.6166104212355382
723,0.0126613124240431,0.6924608260358895,-2.1717744293356205,1.3626474803602084,13.621591532303343,0.5626751496626914,0.7477068171333323,-1.016423264821566,0.893207219129303,-2.653573338070508,-1.4818435489225057,-2.4855850704679634,0.8957016206131683,3.0681274175069855,5.154405814106513,0.10968628257331733,0.4229585144716577
724,0.017296879418754657,0.7967621347340801,-1.2426509972455126,2.0972325753406076,19.916525083817852,0.3885838632763946,0.5686452709907086,-2.4196216771599435,1.0759785417512016,-2.532965338381919,-2.0022390196163142,-3.0707380652757403,0.8898069210374546,2.6307083440987484,11.66066926628456,0.3330093486489393,0.8864844711116636
725,0.01660034524943052,0.8584986312820431,-2.119824900593832,0.16369155061898089,28.230816742075618,0.2798021073871556,0.5304362455095055,-3.902416770758279,0.7476354100653406,-2.6662441754429773,-2.284498002962943,-1.7045821072232186,0.5663883784705978,4.380204855492346,8.368479775099985,0.9845140894509963,0.372916061084863
726,0.02528170229279722,0.7086250950984497,-2.2744173730117376,1.3241012351477992,12.389392146073638,0.260178259807142,0.9439927515045554,-1.0818644683210028,0.9513188325195421,-1.887999636875045,-1.7556436395934738,-1.1673661829534563,0.553967321807542,4.2794847003581005,5.428570700586203,0.1250600199223716,0.15232225711513192
727,0.024446479334938633,0.3228780522189014,-2.1475312753722697,0.31298118948656867,27.534213720785907,0.12237918969871206,0.8326816244204979,-1.3900223803988432,1.3987821137263765,-2.2039332438413255,-1.675691947861565,-1.4237702619155517,0.7315567922045256,2.4057046574293,11.498427612813204,0.1464276020888412,0.04511334420516644
728,0.008767815547457333,1.1028146567994999,-2.224542972909792,2.1668786775818902,24.884570268374297,0.18520151398966578,0.6390844409881221,-2.733459131745651,0.6690857918834974,-3.745493714667302,-0.9601476981336408,-1.279975913222903,0.7767474039324651,4.212137861848991,8.487071663788088,1.097125102560587,0.35615591597387586
729,0.014140168830613815,0.6412462033403277,-1.3987017888337707,1.376608902726773,14.725779726908918,0.33369020923536613,0.9033063143549063,-0.24636785213138923,0.43385063495455944,-3.456954760568585,-1.624041512746763,-3.0134123983175405,0.8125672222899233,4.080855447672127,5.584388618616923,0.3823942897178903,0.5916329598544628
730,0.02846143696148065,1.061340531357264,-1.9662803470272712,1.322090742712816,21.25647221046651,0.1724905123380594,0.592292347313891,-2.402689269492744,0.33558106819811495,-3.5279043373693737,-1.6315807168961602,-2.666129968176378,0.5896208103924162,6.96760886596966,4.9477033498362974,1.0437612897278548,0.4716231147095707
731,0.023127681227654816,1.307894968309358,-1.1669626129803803,0.14667677924505637,18.135074462403875,0.45656923683463935,0.5110386717812817,-0.4727504129750275,0.36071888244240646,-3.6572939390244956,-2.9138551604497276,-0.6152408055911405,0.8954090036811512,7.275740761427797,5.0519351308252,0.5226604016838271,0.8577997732685091
732,0.00847832178483636,0.8700871450618592,-1.7782310171592657,1.326869255393513,20.67836275433013,0.4328127488960557,0.8780639503196248,-0.0003827314440023599,1.4275788187657645,-3.0981536990881033,-0.7172694892363576,-2.5017331249483057,0.646297192988558,3.475010025574311,7.8367711486998655,0.9897801931187962,0.026737931492664267
733,0.013830933652823306,0.40996809403725093,-1.3780029173535184,1.409058973254092,10.30928540204085,0.5072445871670213,0.7043892450101029,-0.7716795229254085,1.0932526764063022,-2.1542587407316827,-1.4770819348858981,-3.1358580003850878,0.5957641687934087,4.827003742348628,14.393193918235417,0.18624035920973167,0.31070806413946644
734,0.008550052014042856,0.8415259314846522,-2.2478928620042646,1.7375973205967292,14.364195029457896,0.5808927412649378,0.7273713488750587,-2.8066664264207106,0.31378972424564244,-3.2447236131849175,-2.974216370199547,-2.0763387577584016,0.6070752193059763,6.3807959079244565,14.215645201738361,0.06022361192291315,0.27583227746563094
735,0.0258359934140434,0.9629611883500699,-1.9147738196947834,0.3890817956732229,29.615308116643767,0.282883615370095,0.7556233751730651,-1.5600890136160448,1.202060880327242,-2.8535320147764045,-2.1266972005324623,-0.535861286200626,0.660455687416886,7.623087269571597,2.993652963367317,0.008465343634425368,0.11320885514388294
736,0.016027715341681775,0.6916635921992154,-1.7493733455154499,1.7818314719451567,15.344878993053257,0.4233820346421322,0.5565008293609238,-1.6694321164951487,0.4453348366648254,-3.0101643396562636,-2.7088181428902613,-0.6193353154048906,0.6323154640291131,5.019602317167607,11.868642898766842,0.40281668986040403,0.8151073869508426
737,0.01123019287517747,0.40076508391597143,-1.8518002251707157,1.233933679255364,18.01938443536809,0.2585396454719075,0.590585592364013,-0.17013089709233542,1.3903459731349048,-1.560658014027685,-1.9383261980167112,-1.8114584268528673,0.8775986989781933,3.7224434752554423,2.821843332705131,1.0868717874221532,0.8433372603211792
738,0.028344690181296345,0.5242119012151015,-1.075617443399189,1.6319399927990146,25.50916525846106,0.41627589772410134,0.8883651008954467,-2.81017157488472,0.6855059722530834,-2.182170052933568,-1.4382222995893945,-0.8481455574842025,0.6219565501709127,5.256972682989288,7.917469411303518,0.31979159157503456,0.5421738570312689
739,0.0066917129118279385,0.39839036853633614,-1.8781756070590099,1.3444437906963238,12.046432232299228,0.26971264591834965,0.6627384788935042,-2.550822051039212,1.2148644474068817,-1.58621657150062,-2.3280374405546667,-1.962290732208643,0.8778678345513458,3.316830081995646,9.76875217139083,1.041589041874725,0.005868875989426255
740,0.026620088705983282,0.344047890772422,-1.050755841996854,1.138557644833574,24.849861349333246,0.18552221742918862,0.9317019790725796,-1.8248309583502156,0.8406856188997875,-2.9184204834352103,-1.495769031085435,-2.5314454265221933,0.6457371387169148,3.591584280728606,9.106311282036817,0.7019319298922226,0.6343409903002082
741,0.02993714030822239,1.1798428609817677,-1.0644388001494804,0.8024156087507827,16.634441768741958,0.32523205783529197,0.5484586149666192,-2.004716072745448,0.6437404005003491,-2.0464694492438453,-1.277928504530614,-1.561769619907445,0.5571760739336673,3.513794216007217,12.405489136962274,0.28347239589672074,0.1740970415622749
742,0.006801811832495144,0.9925170687069702,-1.5246189123784466,1.7512823179821142,11.046098543656647,0.11104749653411622,0.6586503182435327,-1.278054798501374,0.8131796893143193,-3.8323414660662087,-2.627990600530102,-0.6323718449072553,0.5677689524738658,6.248059076723415,14.810694718126381,1.0985774352894095,0.7595262204548501
743,0.025501486382759782,0.7517282681243402,-1.1907732814488228,2.074059642651674,22.343150178416032,0.4511369177050172,0.7714794648050656,-3.1115695252578615,0.39377999493065985,-1.8450279335218864,-2.520175065333435,-2.251910242538213,0.6639106382267921,2.837025528935493,10.654080764209384,0.37684621020374487,0.603927147417033
744,0.01862875997338188,0.45284300905842023,-1.8286768478274567,1.4749433786079202,26.315026611603145,0.3418325994599245,0.7678439820097959,-0.0629375093835729,0.5489126496566377,-1.3215643348782407,-2.4454156627245345,-1.9707244260197334,0.8006991319497672,7.237550628230282,12.091169997716491,0.07718879162385171,0.7726706071590512
745,0.015396598413719379,1.1850748060929635,-1.7981887738228735,0.045393325164701764,19.937251228505023,0.3677663644456324,0.7289552255664556,-1.6277118227259537,1.3258663299259252,-3.4611181322221185,-2.789165668768251,-3.372510710981823,0.5546515662650765,7.421758268890825,2.59331985272064,0.9204623194896412,0.8220808652477084
746,0.007718098738147712,0.8209114799238453,-1.4030519831010562,1.2419147626121887,26.493301849289,0.23376619516875696,0.8109223379954564,-2.586834416260495,0.3747040007926786,-3.048202051180757,-1.0441090688834498,-2.705105473434832,0.6492542417869325,2.6775415449251065,3.1665300508366663,0.31308670940699884,0.8037792469887463
747,0.006210896813727674,1.0691506436558995,-2.254155547837432,1.497764577200458,26.823264782281594,0.4624556641605232,0.8156790663053157,-2.7376993995176577,1.2370611581620001,-1.6383324926763505,-2.8387273176695826,-3.350255344856616,0.720819883365679,2.9313916195469965,8.786005332974263,0.8938179869518829,0.062256249987588434
748,0.00994497932931487,0.7281954957080295,-1.4995308801503633,0.09233546920036065,27.56496531847365,0.1696799630951727,0.6297677592483238,-1.7020978825442614,0.9680604965841146,-1.618142783107432,-1.5038167537376683,-3.5858924818144318,0.7899136844459256,3.1591013594844704,14.701790792906575,0.22307592155367414,0.578816288618156
749,0.014300104079549954,0.9755772672768142,-2.04269607652303,0.10712543354783748,23.1431969510274,0.27714545223107423,0.5538476650298199,-0.9641870280775864,0.8655763534871157,-3.908188182151274,-2.9702047995583833,-1.1201168105738755,0.6952335840874734,5.168477010913752,13.453812391456033,0.8574576674342307,0.25389307422961693
750,0.029331016289479782,0.7750423381844034,-1.3060932127934584,0.09764586625148836,22.09101579500041,0.5551116252067027,0.7317253613391761,-1.6270819045329143,1.3784421897838013,-1.5014619638248266,-0.8321451894587555,-1.0623304079659586,0.5608062761468827,4.469930353644305,7.323359521088354,0.9599644164570186,0.6446420436345439
751,0.007613347738997289,1.275672820060333,-1.3636145892239808,1.6975991644077666,27.153519818798713,0.28849180580821143,0.7462631103881981,-0.45762855688372417,1.3104610728311885,-3.634338676830398,-0.7204331760331755,-1.14215360618392,0.7346760585502228,2.2059603646741612,11.435828510124997,0.3853516631912369,0.3049759081136439
752,0.02559826849514955,1.3345435001219086,-2.265085501365248,0.7198874121255533,22.937163510244368,0.5019478383960962,0.7096779800244756,-1.150638448039325,0.6590613598304165,-3.641673674523875,-1.209788913352973,-2.6613906278277004,0.8822877189228214,7.131090424629795,3.196389379927954,1.013195987025626,0.7438329197423053
753,0.006840728086888401,0.3287417422004506,-2.008718961435152,1.4219779494271243,14.494330480595078,0.5649058056913957,0.7099043108140196,-1.7803884407063482,0.8946534016101733,-1.612643219329795,-2.6103102419512485,-1.0118272113430593,0.694020800250853,2.494436446156002,14.592786515051593,0.8033237720803916,0.516712217189126
754,0.024237609234761124,0.5102634301523646,-1.5810943431485884,1.7037559322968074,14.96120924811186,0.47210743276956135,0.6421357047741445,-3.1434706832732586,1.246243078250442,-3.125088324315377,-1.8158699931565048,-2.0078418705666072,0.7827760170146688,6.330765751053347,13.621098507262163,0.22820861297729525,0.4447029554238198
755,0.015828539039761048,0.8616589335514682,-1.7876410914125835,1.3062858903460965,24.77620272616355,0.12420251031515542,0.5441014155542132,-3.8883611249444896,1.0951231608429501,-2.648848841407889,-1.6616937692600349,-1.8671884076014935,0.6525203080104439,2.9932121964050777,5.51998751475235,0.1457791164700902,0.07314097807869875
756,0.01136254945956324,0.6311747081106421,-1.2860396186801408,2.075276053534509,12.832796161550108,0.4133267943630269,0.6032880794662756,-3.556349005839797,0.7589641481900397,-3.625602900727598,-1.2922246993633666,-1.5787857737686237,0.7259459213255965,5.855168839599997,8.022764776587799,0.4037092475918802,0.31667302825837207
757,0.02696883747076935,0.528750083018108,-1.199145463725962,1.3682682282439236,20.448196231568176,0.2162615637244485,0.7803426437874013,-0.24908601650336548,0.30845133372640404,-2.3322336278988924,-2.1892739555548113,-2.3910218888382415,0.6398960019883213,2.5433815419712866,6.560050669814591,0.23888153494838196,0.3347979466437563
758,0.028004300723904717,0.34810513123271136,-1.250679903189169,1.8067379586358627,21.213426641458554,0.4196522413174286,0.8568291314165826,-2.31728634981458,0.6014168492830193,-2.5275466629723624,-1.5782570746453553,-0.7714426183527849,0.7578274301492237,5.2460073942226675,13.967313058034222,0.9812134191599082,0.052424593355560344
759,0.0265119978784641,0.5527634934184678,-2.1223063620862015,1.931082734106816,22.3930264962837,0.5112014620097877,0.8359358791840436,-2.1258114423205576,0.38744976180911184,-1.7880669109895533,-1.5253402561012144,-2.8928309290076704,0.7716756508979162,4.0380854744035055,3.1518964766646373,0.6587895545170664,0.15081244217700476
760,0.017106291066659705,0.5124678927274041,-1.2971957600087671,0.5779930646016829,12.77942382748634,0.33976251952776004,0.7631311439088517,-2.0591525833129576,0.6489240657219773,-3.7293487951892588,-1.9731988204683402,-2.922140976924733,0.6009034236180195,2.7428838221189755,3.959026300316885,0.6817205238211242,0.86242508220595
761,0.01904961940640979,0.36617107361794987,-1.6693320098305384,1.1850700064493,29.279923457588648,0.5828176332793791,0.5367032707804426,-0.37101081590478513,1.1796936931992958,-1.6496284903490115,-2.082119710239079,-3.224206641982652,0.6155520035178751,3.250106485115878,9.650644540854579,0.46320098035126067,0.09961769543450454
762,0.005671318861026771,0.697445718602823,-1.9950410748164038,0.36314321627157237,18.58031591299704,0.30734450641929767,0.6812684482647775,-3.5609132695699612,1.426465067798048,-2.8929255989493736,-1.5184757596042886,-3.625180818999363,0.7196603245759,3.9025609504783665,14.546290492765902,0.6460097715697771,0.0746919565354675
763,0.01036819235900894,0.8997433102445722,-1.78121642236802,0.8271983804883352,21.38490092860934,0.5644685320426079,0.5437822506958105,-1.5905523650866957,0.7548436739059434,-2.359223668063315,-1.0243548178983244,-1.5444927239983857,0.8846011438746324,3.2728863727639785,13.568616602245555,0.2704508951132261,0.03895274027781043
764,0.008196279284152458,0.508207341962551,-1.2031003240238534,0.4373710489577402,26.39506033817005,0.30884067098174545,0.6694350936259547,-1.4754421651916707,1.3613987464631827,-1.240448011365785,-1.5483408626823307,-2.831245814456346,0.7958826068800376,7.1859959282048465,13.582355371672431,0.29700371885347,0.556671991526965
765,0.01862105335624371,0.5220997524970635,-1.1056980363510907,1.8032945595526362,21.33135829762187,0.14866670721941178,0.8096692219628849,-3.7969334453463275,0.6224363605142649,-3.3899042096861716,-1.702326134064273,-0.5148713533691947,0.8868919933713132,5.686677045994476,8.232637753057794,0.5007879671625548,0.7672309182583172
766,0.02288544171158958,1.3061080571629151,-2.100224040267465,0.7796888160489481,13.150955195815213,0.5057601054827661,0.8143435122008231,-3.261086774374526,1.4497628164094212,-2.2093961037542282,-0.7253360129492572,-3.7198178952924144,0.6240692488341961,3.802458770560545,6.062696518499943,0.5808768025310909,0.3288390025776919
767,0.02794427281890319,1.0601349079729931,-2.1678109935892413,0.2828567784209477,13.941841378096981,0.15007598621052975,0.8626947378917242,-2.813590298149635,0.45381027015612396,-1.2769434042394474,-1.1121873908124194,-2.2837032680419647,0.6449072262910364,6.739725589480425,7.978048258176908,0.08020426585740666,0.009981145201197292
768,0.015475060920503159,1.4958069091869053,-1.1109289090267964,2.2101820368251963,11.138305121624008,0.12892823266347417,0.6050202555099058,-2.9714288151842343,1.1124360962716453,-1.2990142818203538,-1.7204546131945126,-3.353464890070395,0.651736348874726,3.8621189034726555,14.027072447271172,0.4772943942502057,0.898640767141708
769,0.02379935757159186,1.040161854750662,-1.3782085093029828,0.26635079039691856,16.302440772236537,0.41214271867018004,0.6575330980077712,-0.750844346249778,0.7828396138727618,-1.9659218677851007,-2.059851686976244,-2.227567696267287,0.8022896544860916,2.6119720907512347,11.884039236811342,0.3048527235416768,0.6943559524227093
770,0.013570641146497666,1.4763678984675475,-1.4321358133844675,2.088325031183968,20.61159016788656,0.5546154343702758,0.7248863494365109,-2.873774179459968,0.45637928471249756,-3.0852645015526656,-2.8592576380257384,-1.249320615017735,0.7191264331888324,4.136698178685426,7.681591879899833,0.5724162222685285,0.4146598478719611
771,0.022812765601765997,1.4847751019559816,-1.4866127476766224,0.37170765147525603,13.673752028793928,0.2968188801266802,0.7611964562245239,-0.011446321986127828,1.1545597186156094,-1.750829754456526,-0.7911374198733712,-3.3104705890428425,0.7275067392966117,4.0093179122927145,9.83690974605002,0.7141702371172708,0.7271362450068973
772,0.00723708199686599,1.048467382023206,-2.2429836192598795,0.30853534635218627,25.631409464609384,0.3943953824724271,0.8806058000290586,-1.0080679196356033,0.7540659760381079,-3.6975710289070105,-2.420093474277694,-1.6301169416120302,0.8674107229465696,6.403090734111118,14.609130208448757,1.0091515133776685,0.7126715302008658
773,0.025623639654780074,1.018949681150692,-1.7548037576504993,1.9005515151401344,15.805414436379777,0.5393461765099984,0.5329128738774073,-0.9167104584976715,0.5584548526985398,-3.5803177525540866,-1.1004856503836913,-3.0334664488421144,0.6871051601428512,6.319335840787669,7.496974197261846,0.7051356905024131,0.8397043023364215
774,0.021895128045088388,0.8265867727268041,-1.1554521081287505,1.7903568823900455,25.782308250437186,0.51736326852973,0.9261333032468493,-1.33641564457211,0.6063809571318977,-2.6775799575188195,-2.883565129459704,-1.098821461155794,0.7008667613809021,5.326106226048399,7.65100307335035,0.7654120927848652,0.5702598855396007
775,0.023427789571256713,1.3378176464184142,-2.1044239052217533,1.5950883974149055,29.137821821398255,0.1371686280737869,0.7237831747142894,-2.479434348002772,0.9933414764327899,-1.291220413174838,-2.6858308134544577,-1.512361871356322,0.690810763986532,7.709742061676435,7.711667317834275,0.08533746691226943,0.03030983531076558
776,0.01363854506351497,1.4287954016386157,-1.3648079092165104,1.4371998797261558,19.746120639741825,0.5709212183151072,0.8354176791607819,-1.8844444994565146,0.8649693629939816,-1.9341937429891904,-2.1412977204002326,-0.5114967437597739,0.8383780142973434,7.475108112917045,4.191206154829109,0.6240647644487194,0.7560057171723615
777,0.007645875535504738,1.0471716745763366,-1.8851629401058423,1.3892495857689124,19.10769346874609,0.43326383935150115,0.6639962189504595,-3.0222628676808485,0.353768605170992,-2.1641669214362746,-1.3307343803850915,-1.8264405273122013,0.8026846442612012,3.920892242189096,5.48830276790513,0.2717773108271605,0.8246036234393034
778,0.023640015811510245,1.2834672383476546,-1.397096537800088,0.7477762639918298,28.783539510899455,0.3583492478804634,0.7817548335543122,-3.1389056111702764,0.5970428202722262,-3.1819809441076856,-1.2436221073408145,-1.2367369430185602,0.58791924167472,2.57810414711025,4.838058782593976,0.9728823548096789,0.23813195452769598
779,0.01654605203964194,0.5566578914296363,-1.2802342885540345,1.6666910186328596,17.0918211930908,0.4501799983626632,0.7390305905491492,-3.160476842419352,1.4308047850923422,-2.3187462209221716,-2.9342264489132157,-3.570327905266284,0.6319908828665031,4.217542024945678,13.345462874690353,0.14323126740761552,0.25104034690043475
780,0.015318268347746546,1.379521599145593,-2.067159868487222,1.074996877539355,22.56163361208708,0.37345652744969804,0.572787104763087,-3.4714805434959013,0.7652179097862695,-1.5276530742935397,-2.657892239919077,-0.7830912884451164,0.7169647981556027,6.579628091035804,4.0692406193377835,0.04681707692222086,0.3032021280273223
781,0.00646689616900022,0.8645273309646819,-1.2360431352936436,1.008685685747894,15.099211556841954,0.20423197307163515,0.7353445878514482,-0.015365090132797743,1.1788557291519612,-1.4424316901021559,-1.3767096078715406,-1.3965632073004328,0.6406333727858454,3.989169893254199,5.203243995480069,0.6287396568731928,0.697696487052277
782,0.007029767616109937,0.3557499630190026,-1.9241684533683392,1.4529094239438372,27.747944965988577,0.47600608177263737,0.579110371647172,-1.4193485988640404,0.9992258553992899,-2.447312763301035,-1.1048068026640274,-0.8730095204260722,0.5560618377943471,2.2819919766168315,3.758631679936479,0.2538400691919764,0.6455289165077209
783,0.02329005208803772,0.9587494530815059,-1.404654669291274,2.05635483701326,19.564865788746594,0.38493729941530863,0.6289525931747599,-2.5177690060296762,0.9245117640490137,-1.874901012018935,-2.333833431119392,-0.9545668872061626,0.6550586981546288,4.837978036947765,10.56852868404432,0.3730039765608718,0.3797287527226429
784,0.008158984985809244,1.3702462689873822,-1.7152302586012054,0.03232816356511231,24.57651786451256,0.55872542956146,0.7608874029653319,-0.9725302136723792,0.8048547078651254,-1.8250591922662305,-1.4848560870589675,-0.6606179964072108,0.669955580165454,4.057401502917057,3.1827918759980545,0.07289454798053806,0.6795779149375366
785,0.022704783648276834,0.3753225562827922,-1.6243919899138426,0.8155201920737889,22.674349403404285,0.5336474942627322,0.7604561817710606,-0.3828309235042777,0.8318122374134684,-2.8152793922291948,-2.1228166490362996,-3.3159289057677808,0.622868031085255,5.894775047525963,13.05808109273321,0.2898751402202176,0.2711514651023764
786,0.015542022361478405,1.00366719747006,-1.898666688942036,0.8208757963718658,11.679110579265544,0.4335606831040807,0.6035170916267624,-3.073621206465547,0.4357098792502694,-2.229755538294345,-2.497245056660095,-1.6550849950611068,0.6542387003423389,2.506262579848956,4.226863929160283,0.9306171316347286,0.20464411919469447
787,0.022759185632904078,1.4392006422300903,-1.784194747475669,1.69062572116208,29.4580576810476,0.4578305334674764,0.8681346317390732,-2.392813175811411,1.3228284967962616,-3.6488191108127883,-2.504827620819529,-2.6795633121482405,0.7648884895266685,6.563144002163586,5.745875371815737,0.5845561779836339,0.6700153708532199
788,0.005347359710215174,1.250215422210396,-1.539052793028941,1.2229064059261907,16.12517862423295,0.5494562866612355,0.7786204512722724,-1.2333326668961582,0.3178017284002594,-1.27182679515932,-2.767894444006043,-1.7848085127353408,0.8307839192005873,7.344777751634043,9.739589526101932,0.056567023988719614,0.13117849672250867
789,0.01832104706408226,1.475984819598098,-2.0665794754324596,1.7852926290945363,27.11907992655332,0.17362060578845295,0.5859062570600021,-1.6434239585875798,1.4560460038966736,-2.8370872194055896,-0.6943817170642896,-1.647348800516045,0.8651807919094212,4.12855176385508,4.877604753777151,0.16495738701898094,0.6339943949308475
790,0.0281653251538437,0.6442808055838604,-1.7062626901099989,0.40844568198917736,23.74010646015724,0.5243970536724802,0.9085667005894557,-1.4405241132937814,0.5577989687029175,-3.868748717907903,-2.621133053073064,-3.8040224660837616,0.8252210800339241,3.5879148718093297,9.868874219316467,1.0276373021585212,0.5340275939744108
791,0.007837590442943215,1.4937714448034114,-1.45158906380265,1.5597896581664543,24.462331338831945,0.5347050369703291,0.7753401208678738,-1.4271496577673046,0.5760728198545195,-3.354777340935746,-2.675046001749094,-2.3817367726669696,0.6910666425792664,3.808546746413154,7.403270867455014,0.13948315699202712,0.5993228577792692
792,0.02148278997789249,1.0070133614763435,-1.267720356883949,0.7995993611153216,24.79383508677901,0.10800979805269,0.5948629966294957,-0.9886769272144802,1.4138891782129814,-3.399783107482734,-2.109297132282301,-3.561010249517192,0.782101669301404,7.48482579865747,11.06142780877859,0.9424082439266144,0.0010082104387891455
793,0.015744650314575687,1.2376324834316885,-2.2124923164884143,1.4631649347793145,16.061538179401538,0.24646805033102234,0.6358438651205951,-0.5297583693841696,1.3567828248384597,-1.7003709823905173,-1.8608184599090967,-3.1802060607719786,0.750054598490379,4.332491741895785,13.443351808228472,0.005704032083649687,0.4505905076448594
794,0.013757346380646854,1.2198448020114254,-1.6708017753159703,2.2225500717519884,20.722850226256618,0.22945720815984025,0.5673489417224525,-1.1964346200322957,1.2833107796860128,-2.1692423364168567,-1.556100238697198,-0.5241268312112757,0.7070278354000092,4.121785210262127,11.24369098539749,0.7389422574537585,0.5149478202092226
795,0.01002427813240676,0.8222079486466629,-1.1922277140928332,1.1963760184234533,21.860453334441004,0.3721561921997193,0.6949364615956649,-0.23093944872071148,0.7439378490400662,-1.2141955876982893,-1.7504082180151557,-2.7407080590333655,0.8565605636716622,4.31170321448411,9.973567882044364,0.42881339829278464,0.29198646624706126
796,0.027629923411406087,1.4871059480047817,-1.2186784409685127,0.22457378207286213,14.416596079780922,0.3109723429541168,0.6631247797283601,-0.4613945822506471,0.5411370935632391,-2.9347707917197012,-2.2723361420310044,-1.0779863978979454,0.870479124864719,5.030428907523961,11.546961336061996,1.050987909954824,0.2279963787737182
797,0.02574628325239797,1.4738136435407376,-2.107130390990115,1.2127107918554927,28.8401569947442,0.3512859228205206,0.7904108013484283,-3.334592526200317,1.3532484892426557,-2.0270406709648996,-1.1543482049406177,-2.1884235981253166,0.749369933854857,2.8927315410217176,14.286428371623726,0.17335140503769178,0.8423658930932352
798,0.01289169077169738,0.6343085598535829,-1.77507080964584,2.290907504006076,16.030771060589817,0.12110463890446915,0.5265668620008881,-3.6296285463585725,1.2263698934815113,-3.6176702657314306,-1.386058451414074,-1.898697963023762,0.6657973262180835,4.280498129438074,7.579154822343895,0.7311031593853996,0.3837354394427929
799,0.02879410457196926,1.2208331424512437,-1.1234529721944777,0.5649775269861749,19.32656231861084,0.24145895805982268,0.8931041195831053,-0.11451087570306573,1.2451069829439025,-3.496137262870886,-1.23261984936934,-3.24589136273751,0.6126913590767314,3.5558691394047117,6.244099644403657,0.7345269717070337,0.5259475568745546
800,0.019768295643031748,1.3099970110988692,-1.7678294822490415,1.1875841880156919,18.352975432570037,0.2649099865439727,0.7965897262134851,-3.8611832707401903,1.4998661674883254,-1.672349668673871,-1.6166439135064783,-1.1725026851643277,0.8707861420987246,7.955277574163164,5.376859322918859,0.4118882606862933,0.222973890146613
801,0.02061075987570047,0.36278471353859865,-1.4961156956782635,0.7243051156195003,10.045833233544396,0.5689374889987274,0.7200871478528743,-0.6278553951359078,1.0384494560158701,-3.117488878441605,-1.1374691483779842,-0.5502481172573188,0.8755792020130478,4.750327129174602,13.656117954348973,0.3817792998936445,0.8301346132101896
802,0.021707410918113967,1.2049415266467736,-2.2151615245070997,0.7834681124418111,23.499032225378386,0.4170102109235404,0.9140244071454889,-3.051837361380363,0.7415501291755825,-2.6818277406821704,-2.379632850898194,-1.3765170558727227,0.6426317086643236,2.136279332771901,4.095041908914718,0.29274699717065167,0.23429686656381957
803,0.01217992396532784,0.9365424848118666,-1.756661633843606,1.2996910779633266,18.248920587632895,0.14834676251373868,0.8001883868206122,-1.4950237708561183,0.7940490986596869,-2.1898556220678165,-2.078447468017825,-2.219756740711887,0.7745639770824895,5.8581024205828145,7.751622367933533,0.772286242315614,0.7151810580060388
804,0.028577935946268184,1.4371253329874736,-1.3855234375031056,0.19229152980402953,13.737120329865173,0.5636683313746996,0.5766431433921408,-2.6644007958688354,0.7714302754238944,-3.1447871447973945,-2.8545074173710865,-2.241808085459428,0.6085156007326719,7.370722091329947,3.4340161832481964,0.6779121280408267,0.016075594622817976
805,0.02008977600116726,1.056235629970913,-1.4774664439398963,1.572755708999547,21.22974529156666,0.31577496340136935,0.9076571815669173,-3.542056112790657,0.9639366813346169,-3.5475549800593864,-1.2238641748233638,-3.265432067896441,0.8544690605278824,6.468503360367885,8.720728137542864,0.8825672838599198,0.7836245905116397
806,0.0212834305928011,0.6319767103403713,-2.0296125413101476,0.9641379705616745,26.87754028306101,0.4828121322458717,0.5744818717036113,-0.7364496695273619,0.6655080357088776,-3.761014021599342,-2.7284719720586477,-2.0682411235954596,0.8992032674315018,2.189882185549365,6.385873365029875,0.11976612869929029,0.7319246384651706
807,0.02065587267737118,1.2511038341799776,-2.0045839541027264,1.3551987460901005,20.960328137851576,0.29994306523238873,0.8379113587878342,-1.7313426884649572,0.8524175517817625,-3.2995726925997566,-2.3215022433416603,-0.5548734461351765,0.8352926921858315,5.026896528402583,5.838066185394017,0.6362684017703895,0.4566027462474152
808,0.02919611316548659,0.5052597350381087,-1.9804727729375635,0.6926387004892481,13.352326835968366,0.5697225909124568,0.5915367276413543,-0.5937563013439693,0.3336546795602441,-2.881572521431567,-2.885517317421055,-2.107992100318839,0.7709582697294499,2.1277262384592537,5.900983848756404,0.21492425414273655,0.6801496135025287
809,0.012915090737283034,0.9641692800108561,-2.1905268049915607,0.9899632053551133,14.381611489074675,0.15857564690735687,0.7945645213193182,-2.0949079929641305,0.6083975340140458,-1.743048906141834,-2.4915598880382586,-1.2848706559091494,0.7290145792915548,6.804259109503423,2.9829160131993526,0.30566208507993514,0.2628071490988436
810,0.008979665819927941,1.2475545087831088,-1.975228918601685,0.29581968973647893,17.77476612494041,0.47024430614123247,0.7311024441034586,-2.3091245119875223,1.3841573364109596,-2.4970260556624204,-2.3518762841628496,-0.6911407592134426,0.8615182815740275,6.6203610737582395,2.136969403212863,0.35014725820639425,0.26103941230363586
811,0.028205925263033355,0.48054594207820134,-1.461351855296378,0.09030225800551467,28.178997700776844,0.45981235974992174,0.8207696227217733,-0.4743817928621956,0.4993487217383827,-2.1366762901242264,-2.4424461031867395,-1.1749781661353595,0.7545372653200071,2.9360655531993416,11.839771127284715,0.04413359110022783,0.7037153687585873
812,0.022296072217728728,1.3527004996398346,-1.0992067632674734,0.08976477127940659,22.200124455798704,0.10716045405865317,0.8619236466745341,-2.715224108805401,0.7426128037851346,-1.4223330087806882,-2.331398425119962,-1.974983257376839,0.5612787651823784,5.244358832317975,6.407241196569087,0.2485775192579198,0.6317430039033602
813,0.024984553918964342,1.2902424849458756,-1.7961632615696161,1.0053715324035768,24.833051717168445,0.5895536618136739,0.6557590882926072,-2.322081141465893,0.6789696661773299,-1.68123062259468,-1.8975275757630907,-3.8556097998097996,0.8311196969073755,5.348793530911293,10.542497540981898,0.1287292045729105,0.07118473757964994
814,0.024251216252217846,1.0296716351075295,-1.9727340331927192,2.021916452480427,25.87807814082023,0.3124479769163181,0.8479207744171411,-0.4068050012158011,1.2755884322456876,-1.3462006969690754,-1.4416226449247334,-3.7868217929038592,0.5935617768230009,4.303869229573037,13.64407296789917,0.7368732151256081,0.5328943049480795
815,0.010761646105103325,1.4113384519780257,-2.0381421027832793,2.252597301724537,24.71202714683603,0.2984661182607908,0.7153546564582258,-2.7461439406845263,1.0489920974368352,-2.9545436531085603,-1.8384634291000157,-3.74204990499699,0.8275462874281281,3.0658794378301106,7.435001174872126,0.9253152094421698,0.649449411147035
816,0.01662815147816226,1.0244509865082632,-2.1518764092722398,0.7086791806114519,10.934428755581942,0.2146000905816544,0.599951248709351,-1.9252143729775677,0.5110387304390813,-3.8450013041290125,-1.6137112908433835,-1.7253703073819135,0.5852792623286698,4.326457366224958,3.0511730468745206,0.19328563589623032,0.47692618749122373
817,0.022145334777066882,0.869863115354814,-1.1715113354854236,1.1072467765339682,25.82432916754252,0.4482793913613219,0.655001647061048,-2.1981497144088866,0.641112335601784,-3.838104259528914,-2.7836444588089866,-1.357849247364522,0.6804858196837977,3.350642517732622,7.2870993115713745,0.7989054810699139,0.8028156559727645
818,0.018157575961821014,0.8408674392666866,-1.7460864501713522,1.293862382947377,20.740362150532277,0.10149798044585635,0.581969878036187,-0.3009362051786577,1.416338629262971,-2.0655562704527384,-1.9509878683141813,-1.3631184356749255,0.7569939503984175,2.801980104829592,10.367964452491265,0.7163690980299815,0.23290088777871107
819,0.00983070151043565,0.8380118094288858,-1.057087793522755,0.9673631075840443,24.383404914973347,0.5927729566672351,0.6458224073273215,-0.1353459382230997,1.2517006853177177,-2.4260318282510758,-0.8859148571110436,-3.6621462956537583,0.6394769307106802,3.624460251461203,12.262210937943793,0.45260157158154557,0.4924559049593673
820,0.024970234619614916,0.6104288314500482,-2.083648231719207,1.5875652785616161,12.883376215125733,0.1193982520798898,0.5153542518788069,-0.536025849373122,1.329101597015688,-2.6150513858881315,-1.8579768460748227,-0.6978762416108748,0.7878078046279524,7.586295291139152,5.027448230393206,0.41701196718469674,0.5291251001576063
821,0.014760317280854827,0.7373419540638221,-1.3390389369502118,1.6090145989606128,17.52959517911769,0.43912485007926727,0.7878671934507471,-0.712770406791722,0.49164620567045036,-3.60435823459646,-1.5466909081233104,-3.3075428770844537,0.7410568330571179,7.163401671689461,3.0177076041102464,1.060340640286035,0.6295947523823004
822,0.01600917196431903,0.47187637779098,-2.2321274234753314,0.6190840703362542,21.16345686722383,0.5513718295585679,0.9415458154112697,-1.9930440952358828,0.6454299623211002,-1.4073387936982482,-1.0134153966174178,-1.2391496909125772,0.5926352449084636,2.339873585145204,10.71956213997612,0.2548952229566857,0.8611861870296846
823,0.016725991079342802,0.7550327624594475,-1.7537509460525924,0.4286694324615769,26.720204203836026,0.4090001012909602,0.7221659096479621,-3.1087510967753653,1.010076951847041,-2.7577662759296535,-2.1332640113952492,-1.2125835908003646,0.740475491531624,7.538013291800488,10.993570229201142,0.4050285884823166,0.2283393757407361
824,0.029473468017305538,0.41958595907084933,-1.4753290807181805,1.3161981818117647,11.793586482108294,0.25944074769614567,0.6856688885229826,-3.129002969229198,0.9940776835093528,-1.9385412033191767,-2.381786682562374,-1.7774988862376655,0.5799884722407082,4.341157061109647,14.078250019742216,0.4493146858679242,0.8781174064597367
825,0.017487203242267175,0.4455490961435101,-1.2502026026220712,2.295983832983012,24.07345828666982,0.38844529566166286,0.902901686875156,-2.5792685116355054,1.3820833198687725,-2.7072370123215497,-1.5714934327284886,-0.5479521630391346,0.8874344930452063,4.5268919525158555,10.085216918933346,0.8251172577784922,0.5874421181584393
826,0.02132540984415446,1.3669650487625726,-1.5280923691330235,1.205098606151835,22.787330121321773,0.37416577943505025,0.9427248586217516,-1.5135811336217824,0.9335437612080077,-2.4201588578787154,-2.0936089035249337,-3.8172908660963407,0.891558978010166,7.018713850297221,5.619815354710109,0.7441588620203184,0.5748853042228349
827,0.005252149165044728,1.0049351522903263,-1.9845256238256095,0.6529371878941803,27.385232391382228,0.3614679865161696,0.8791711545394861,-0.7098888886508181,0.6036024019091291,-3.58334825656849,-1.49874583785532,-1.9451700741141706,0.8105673253032498,6.290849373379703,11.116323215858658,0.49096720794070714,0.24299996435714627
828,0.02886438693525754,0.3910526552609728,-2.257528882223013,0.5349829435113035,19.641270662124967,0.5474794578261296,0.7648940049022375,-2.89782542342145,0.3103445354983634,-1.7322085417425956,-1.5390409259039957,-1.8017038811406136,0.6232399599841904,2.809384025872448,8.185401355694815,0.4356416365143051,0.18759453100636686
829,0.02239965406833942,0.5072557420357691,-2.0598401096440546,0.6204023919758038,16.808188600545492,0.4605414493339506,0.6725521723867154,-2.6388625789688405,0.9518844369624713,-3.2370291723371345,-2.535558370225839,-3.6931635317878344,0.7881677311632502,6.414062465288578,8.646421274267732,0.7746335884830092,0.8114566820770144
830,0.01078067089776261,0.6809075199536183,-1.8070042227219907,1.2018595347340473,20.306843855190237,0.29080122011679754,0.8254541902193735,-3.7769107377910975,1.0252744331268937,-3.725365639375131,-2.5171259589542134,-2.1286956824467618,0.6666363396171073,7.27071569400639,4.833902956603166,0.7089596147084894,0.48928498233105105
831,0.016116178238022714,0.6133624366107094,-2.0538276398112543,1.1724904144856918,19.085783910882036,0.5600151905540972,0.9329888111049727,-3.782619144321537,1.272159285731412,-3.458787659778459,-0.8044984185587962,-2.270939654747904,0.824429562066444,2.4330448738999637,5.671294997669603,0.018417063765631722,0.05388854891889913
832,0.02901771592602801,1.1889756162618392,-1.3890094596480798,1.1038912181033598,29.174827400100426,0.37689206852375123,0.6511573049788691,-3.402522726017262,1.1438071984520466,-3.5025984755054913,-1.8182087744259792,-1.027114062668788,0.5717488501328182,2.162046797809481,13.597641728627673,0.3385586823445513,0.1638080149212084
833,0.02675544193518245,1.2139472654482228,-2.3004649979476866,1.8663325108986446,24.36441212865592,0.21364672551225009,0.6170431041244252,-1.0888496227571776,0.9787398246181429,-3.878753241942809,-2.427407568647356,-1.0793063359183828,0.8388016857422473,2.02230797886165,3.9814196939493494,0.7004332109584189,0.6285304075416173
834,0.02246728325078802,1.277643591234768,-2.197675498099598,1.146785571383682,25.844941546749,0.3772194508145139,0.5761152381507806,-2.066212621455695,0.5646738035851013,-1.6965073917926166,-1.3361723798417684,-1.4619589436914917,0.8432331658410626,2.8183397646498727,2.276811877639802,0.022554569851616826,0.15386287564338774
835,0.007308171769508362,0.5934450608446542,-1.1278735608417911,2.0316220219728134,26.62745506137212,0.3232419738725527,0.854190199793234,-0.21638470510851437,0.4154053740875994,-3.2474077215372392,-1.3531968653643338,-3.3900536969581623,0.7046909570060287,4.152221472351381,2.5077071759057725,1.0211796778351876,0.8524416124638245
836,0.011550855228527617,0.7027883624239712,-1.3174372913614922,0.47623824222541516,11.762204864061879,0.4064623508315768,0.5206559823797987,-1.5334605027677246,0.8274887743937009,-3.681287111654901,-0.9565698074126674,-2.670894652482171,0.8711766097740821,3.4277048459683837,11.33093307853914,0.18238158427936693,0.025866016615314548
837,0.026453293668095026,0.3505641695259173,-1.4316516245805757,1.8459382325568492,29.689847357889104,0.1595677837423036,0.6098135639592613,-3.0107170630849875,0.4717864118469841,-3.850865339863235,-2.4586730183407903,-3.231474470433257,0.7885506487802358,7.068523935825204,13.288816900695378,0.8811883334142219,0.9086457887676156
838,0.019146208803808826,1.1744960657011643,-1.15470617234189,1.8732968227619946,24.081984909585344,0.34639193843417465,0.8531294405672754,-1.5871702835326098,1.009157012914273,-2.3795347015719157,-2.5731782040655182,-2.8283156985632747,0.8474183542493837,3.7088471441837876,11.388113301355528,0.3482843021869331,0.7782292275462235
839,0.005138288090333018,1.3252561187401732,-1.4431853914837132,0.8468211398363811,23.6070971294746,0.27561008956270183,0.5638053706523559,-3.1221638196960777,0.7851130515259017,-1.593119860510646,-0.9430445593799033,-1.205864459844189,0.7218579852369178,6.518186335743471,3.3225186346402222,0.1891807269139505,0.7165241329259248
840,0.013784871598506252,1.203174766907962,-1.4895252468996985,2.039119212801053,20.22579600514713,0.11763015739396115,0.5759690932187342,-1.8483265646135498,1.1984213985298247,-2.4711301406839143,-1.6369730322448022,-0.5183560305230484,0.8723884596305466,6.472548017039546,8.435207033503218,0.6880870729134682,0.8874528645105864
841,0.0062810874327850425,0.5180454888121678,-1.1459558568560657,0.18919257331769454,10.430174100367744,0.21533065427967404,0.5614068346095205,-2.617520059696076,1.1667908320866804,-1.6208699539737808,-0.946567749490189,-3.542153292766255,0.7969086352863911,7.241171945545663,6.900764554897363,0.7564191843485414,0.8271327336717412
842,0.025101077986059463,1.248475352398911,-2.1930979107904744,1.7739891548972706,11.546536932450104,0.2087221072952572,0.850216867018972,-3.7889139537707437,0.8817697819967898,-2.310888177380626,-2.4899131515422726,-3.1612906832910683,0.8141736467515115,6.105859937681041,2.030551428549989,1.0321763445538423,0.6921903057103599
843,0.02961809731884838,0.7475505661379835,-2.0288267880439292,1.20405948880065,13.597686821036524,0.40149780107676536,0.8214302347912708,-3.1313936766596635,0.6580153490970554,-1.446224332095238,-2.0126642456810684,-3.371202310875279,0.7115644121456478,4.700678269202731,4.985690877315326,0.6695936843237006,0.7522528570056465
844,0.006672189503529197,0.9383234385645998,-1.2534215823522181,0.45364629832348063,26.001386028158393,0.26575818095004855,0.5125074363140778,-3.1160260034218092,1.1062274310301972,-1.3824512091953616,-2.7702078135621746,-3.207554940118926,0.7943735586760856,6.311785758791329,14.017055844474,0.4923886595417793,0.3172580154095416
845,0.026025742237481348,1.120232537926994,-1.102062617918593,2.002855211987464,15.443600371738382,0.23724486008826848,0.8822943291137555,-2.26653900925057,1.091844828398988,-3.663983552960102,-1.5103717607651748,-1.6213119818754458,0.6687972389098754,5.808378689068871,3.917468858872441,0.4606583608442814,0.509558468830744
846,0.02689701328323247,0.38128951450927445,-1.1596357004682578,1.9928286435172418,29.640653411256515,0.11331935838275727,0.801507177798189,-2.17235455555776,1.1781405403065894,-3.400384756167217,-2.56478102465066,-3.187065197963562,0.6041698650032004,2.685020872200316,8.957168410567057,0.11032536316905797,0.4156170934217234
847,0.008071461192636473,0.8328332926178235,-1.1745466829933837,0.2280268375067417,16.49419189088867,0.44330786196898164,0.7923765313374951,-2.6706423260152765,0.519193044212905,-1.624966504955001,-1.4871834355212334,-3.402783756766845,0.5559050957934253,5.56834975346387,2.7129650200157327,0.7862642059547481,0.866764551051859
848,0.010261395066256547,0.7156117485665856,-1.9637105044430243,0.9223678357171526,13.457139160198196,0.28697920321679105,0.7426274283518106,-1.2548143774598124,0.8102701458232207,-1.6467111096999885,-1.463808058134913,-3.418346888714735,0.8443083385026937,5.9533394251369955,14.947457713856556,1.026768522782527,0.7374022410750385
849,0.02041869384298855,0.7638485423093699,-1.3474155591904098,2.0440633256361807,22.3095425758478,0.36924129779006976,0.9374320898073205,-2.1695727615555453,1.3296227436925547,-2.6996467128767785,-2.056077663898982,-2.5490599201529,0.8631441951672191,6.940791449663132,7.958337474235158,0.18208458247707138,0.2187482086377027
850,0.02717252053997186,0.496097460912327,-1.65309285585024,0.07836572416266135,19.048297778407445,0.37358520657451655,0.6524159035320918,-3.6095106656508635,0.730122631162983,-3.619868177197628,-2.956544847321959,-3.2110750793511693,0.7623519862142613,4.369093445052611,9.943105667570844,0.7912752638352732,0.6110632260179221
851,0.02723430596266269,0.5378736499791095,-2.283380441233354,1.7015118426349407,28.271532420566704,0.44358891938529665,0.8380376690254716,-0.6848741975678374,0.9412541704970143,-1.9744186215598087,-2.784379417217068,-2.7189399334089988,0.575653328688699,6.957201112284821,10.742086794647168,1.072514017166132,0.5013002545533074
852,0.01169777052308537,0.8388807103991347,-1.5299564857747652,1.2180043104224587,16.11674893722895,0.5839641172211398,0.863962146510109,-1.9485096806590545,1.3282479190912797,-2.927267557712575,-1.8309744681505709,-3.4953953714671013,0.7381043163446712,7.35769417893402,6.20670395132793,0.8782596317361578,0.3011393104476346
853,0.015975170180317803,0.7586054794296696,-1.9125620858395345,1.892190331325286,21.73299787453068,0.43981020254661807,0.6859321098866616,-3.6119864260204815,0.509964076482698,-3.162300414043541,-2.033012804750051,-1.0873539450622185,0.748053989048308,5.74014800045292,10.522374792867334,0.24627270671045437,0.04250174351636201
854,0.019501446784876208,0.914232719416225,-1.258775097390991,1.9677043253170148,25.651165229049266,0.11516395133474566,0.7881729732648688,-0.15939590015179572,1.0595877489135253,-2.7309754201448992,-2.084035397458284,-3.6428805310079135,0.8411303965026831,2.7264504728986894,2.4699597231242887,0.1997950200619063,0.885781846700449
855,0.006168052419361557,0.3948941029528932,-1.4486884668209519,0.6282285238683121,24.60306155753132,0.4305716039268206,0.6206444574995577,-2.383448587592712,0.635770376534098,-2.1050854862706556,-2.523497076237742,-1.107890207004501,0.6859695922280016,3.322763306522705,2.835781902463739,0.6625008336378118,0.06386969537009829
856,0.006416444672590964,1.1457817783339468,-1.9966121492941364,1.8372206250631373,14.742167377996306,0.49452874898052257,0.5015957863945791,-1.3567527592611017,1.3709841326336194,-2.769661630676482,-2.6117557196167356,-3.4211665235204527,0.7995712068305647,3.4166897120337585,12.966067834058178,0.026504122407741016,0.713370431603034
857,0.008743010056428399,1.2013309109278927,-2.2522200671482677,2.0459505890556793,24.901437608502604,0.5866405396620094,0.865798426201581,-1.4633619644779667,1.1907569719602427,-2.2555601475522007,-1.3171753905642027,-0.7875545828724291,0.6386412311231842,6.619020095244348,2.8775176779967744,0.43226948089706785,0.4131086449712442
858,0.005816965320546869,1.146078775719747,-1.4470132003762624,0.5280532945910946,28.49347666525088,0.30014640510727575,0.726155205846574,-0.11196825295470791,1.3554319456202029,-1.4060186339502967,-2.9082864079224957,-1.2170963769985312,0.8790462667845245,2.360124411061229,11.19284287174035,0.01607935829435828,0.14338606776822024
859,0.013136058763571653,1.002956106605358,-2.2634823860578277,0.8776066159892714,16.61321123302334,0.2685233204395042,0.9188626708722087,-2.7871262902669396,0.40557670234815885,-2.898949845457426,-1.0371089094961106,-1.930066053972948,0.6482783351518313,7.659321350675142,13.078819058009048,0.8404233904227346,0.2991055523744724
860,0.02447585618748956,1.397823575536198,-1.2435004005783807,1.9543185045272484,19.67447983750384,0.5446582292704994,0.5379609545009892,-0.20722431333976443,0.8369088268705815,-2.166185808546409,-1.2016687289134214,-1.5205145759919922,0.6624001543390183,7.436918888932235,3.361608703662247,0.6659954546784449,0.2977475708509712
861,0.006867187041346339,1.083715907375326,-1.6998773509042473,1.2738945577314238,26.85209483727587,0.11370729398889338,0.77587105857581,-3.5097157661195917,1.47934701995849,-1.549529079114997,-1.452943800862201,-3.5789239792057845,0.7530061205938356,6.915044949578686,10.810910547020727,0.47800417980745635,0.5244569497507275
862,0.011910723758269416,0.9260601123312857,-1.8081812633227934,1.908427490965882,15.98440478544559,0.33714097363199425,0.6091394045368548,-0.30139444209077215,1.2687033740558133,-1.813434175676885,-2.8041569321462365,-3.0234426295333177,0.6874957529669401,7.195614758611417,9.238957454803169,0.44649489981722656,0.1622075780096358
863,0.015661956264869263,1.3901372654080415,-1.4567477815748633,0.7116127576515331,17.291208648818166,0.44941012830176685,0.8333568479809648,-3.7052064450602407,0.8183473312426581,-3.61470235756455,-2.5901822653994038,-2.319837938881421,0.7432409212142729,6.674933147386845,2.193609142989484,0.9871997115488107,0.0878865049180946
864,0.008339722341108207,0.6019451465824339,-2.0613349187459566,0.10121187605975608,20.719987520245244,0.18353809889458622,0.695905042181146,-1.3314991283615245,0.8562539762482699,-2.4042898328740616,-1.8467133371859703,-2.5917268494762036,0.7845641142090425,6.60226230374388,4.040157755881981,1.0494555600406312,0.47251778111515863
865,0.020486371675349627,0.7458141186748791,-1.8181650022266367,0.9654784868304959,29.25419069718562,0.10081200902089545,0.8752371881576032,-3.5042810685726717,0.7667412900326449,-3.044780504821138,-0.94970224154007,-2.8216312069619174,0.8849884867282884,7.886438698296675,7.841818094453532,0.5203076830235395,0.5660619757858649
866,0.005212103799741844,1.4172195149037046,-2.047319344141457,1.313402624233339,24.73357263142753,0.2663849857847802,0.7824904412195005,-0.5077661993821572,0.306568159849957,-2.4618386033481316,-2.675975234786386,-3.2792423628368224,0.7533594625597237,3.2243012039750325,9.250384428303573,0.7109492493350404,0.10656447719415497
867,0.02403613862451514,1.058934111056341,-1.4341902124805255,0.7018488001868839,16.830458401315703,0.11805561030623186,0.8957086255443348,-2.9413191526737394,0.4825177352480775,-2.7020453093135517,-2.43273224104185,-3.714547523094078,0.6407690350384084,4.538352383134343,13.10237437369588,0.8912306260280346,0.41772575700855186
868,0.01659350623423727,1.4010477784134274,-1.8713792508183085,1.9516085949780975,23.54555954084193,0.18466036321298201,0.6114227249068969,-2.893648144629205,0.5696802651401376,-3.2305646491783904,-1.7935477818415375,-3.8987596002373235,0.6798549974607012,6.052132095619321,2.687398928961527,0.6347682528084061,0.5988145073856022
869,0.017387673280902058,0.6182653235722855,-1.3798578785193985,1.121799856058539,25.223861349130836,0.14516013163100883,0.5969217734255119,-0.584176202728727,1.4539809275121078,-2.296805382609112,-2.7346437198905447,-1.5400414614534883,0.6210038257648243,3.1268064704389715,12.235006340363633,0.5781013429502136,0.838747566748688
870,0.021834055933155454,0.49383074177057745,-1.8497075762815611,0.41808510113592984,19.29821928983295,0.4265534494800963,0.5733797432248762,-0.05577273302277863,0.42963069133079124,-1.4690797963439657,-1.5885403855693367,-3.728876702865807,0.8415721030609071,3.610007528734523,9.928023378377235,0.03475984030898871,0.10359284930616619
871,0.015234301274033593,0.509913493220309,-1.2905113231722345,2.2162239238686006,29.90450433685141,0.3924263645875138,0.6785963397062957,-2.2606810204229033,0.5746948460420829,-3.5982753298267953,-2.8912561322730865,-1.226361841802302,0.6485744508725771,7.328122098935748,13.002631934765999,0.04274437104228396,0.1651734971258576
872,0.012601021654338913,0.8913310957829848,-1.314148209535127,2.1616946719556047,14.44034164265315,0.3190800507292029,0.5457793111418838,-1.9830142412196603,0.954521398647268,-3.000383438317733,-2.0062052752725785,-0.7984419132218865,0.8838809127391805,6.2049583857342805,8.954918496464783,0.6119359772632602,0.579604983533253
873,0.007514570815135296,0.5512542466108311,-1.4841226640479928,0.7694675318541125,14.510548894834692,0.22703603583128817,0.6926050065364555,-2.606415817288258,1.3245668554304992,-2.412165241386533,-1.3065863320648812,-3.2797717061074407,0.6147907202716655,5.362928232107807,7.11525887170823,0.8502590268860519,0.1357567886662288
874,0.013315248871599048,0.568747370728578,-2.149322917346103,0.9035834724187226,24.554847540720854,0.3148061490564264,0.7833653315799756,-0.025813679353987595,0.4405039341164617,-1.4004041797012157,-2.347790222417166,-1.936452836672444,0.856818375835654,7.873399571804201,5.129300417883135,0.823365797962923,0.6383553988481987
875,0.013731166355421952,0.8810853880379199,-1.3420050373923194,0.3434851703353342,12.35767050801902,0.24902741442701953,0.7359861842702478,-1.616399649711732,0.6844212090655841,-1.6740096923592702,-2.915908941383819,-2.853599054850722,0.7599312547939976,2.8666140427181297,3.7792830303153853,0.7807730690858402,0.24407681559812283
876,0.01439991266295465,0.5548938488148875,-1.9421823011627408,0.12480800272743699,19.13182464792385,0.31037776262533745,0.9099463986719805,-2.886239962907392,1.0269062471941022,-3.836114796622006,-1.3050035668114501,-3.685814171671837,0.8854932728641396,5.069439699894975,5.653609570024624,0.5924521250267619,0.2752288057121034
877,0.005285646068101128,1.0225271178771702,-1.376441289162857,1.2268227945103267,10.221671228865645,0.14561153470912147,0.5603285760410799,-3.5683284932304815,0.7396659857352919,-3.7699119080056027,-0.8312825312364973,-3.1710973919487673,0.896119545332738,2.870263410506786,7.255540303287888,0.9483256181030059,0.30786083418213117
878,0.012562728096068898,0.4838535484832405,-2.23014270867008,2.270208558610764,24.59855154125176,0.29861114661416494,0.5323209062675077,-0.6225812606210122,1.0147882596567677,-3.856528907096957,-1.7461195549450568,-1.5900582670308139,0.778746159565555,3.6634361043617965,10.277736781327661,0.7664381384838083,0.1342722304035157
879,0.014890324399487322,0.7428429895669082,-2.2819870711306223,0.8611323920492346,29.023311956346813,0.4380871056382084,0.5645630139962288,-3.2989680060343227,0.5712444086938082,-3.2236676291290074,-2.065751227384692,-2.025456230165497,0.7246252693040545,3.6880690317893023,3.1264365051655436,0.27818231669191923,0.04339158326191226
880,0.026421443693454928,1.3028214865504475,-2.1639304456374213,0.9296761250886093,16.944716007306994,0.34905163773284215,0.6568267648036793,-3.7161045745841417,1.4322576645350393,-2.895169848347344,-2.5276449494072217,-3.800024648053027,0.6302647934693926,4.736419277749264,5.596692125976995,1.0945051847665763,0.8766209938316608
881,0.02736812298586871,0.30032829327383276,-1.4674306569024609,1.23857024912056,18.759205758542226,0.47754370123826273,0.553466373953499,-0.74652717692596,0.9671970233651008,-2.572411443278583,-2.514832827714441,-2.9822824811586175,0.7266658577763222,6.780363592369731,8.591415563752307,0.3283902974837827,0.2938995370285898
882,0.024656245715579613,1.3183255843330866,-1.504938406830841,1.2203779657123233,20.113039959443377,0.313213912228025,0.7939371967105915,-3.287319118823749,0.9000659186671356,-3.1049679325724346,-1.5372452625776096,-0.5576188471218675,0.8799542075945923,5.003179930599934,12.783111356156857,1.0023192526696172,0.6016568447700326
883,0.008531979576965582,1.15967346948738,-1.632786825692596,0.12303417817326913,14.939956169303244,0.522700382881641,0.7783914961119521,-0.6495777605043762,0.9706809543689814,-3.0384893400967634,-2.561409103534004,-1.1641852345861783,0.5843724524400242,2.4886722754321076,8.20889947476075,0.3219199329647958,0.3790509580494685
884,0.006328917711558137,1.3809173107014392,-1.5887727988026592,1.1162259097985197,13.021350713240711,0.19534698304336418,0.5570308495025051,-3.487768395302306,1.3598896971350667,-2.123270929671895,-0.8715846741175706,-1.0359457921595348,0.7860101788670445,6.9878237074693,13.884675908930419,0.15639544825363294,0.6038171928488842
885,0.0125434822693299,1.1627948394892305,-1.875339683906789,1.7692655498040284,12.025973024849051,0.46299194482654604,0.9295919763699991,-2.0905788059887804,0.4043219178355917,-2.375185358586043,-1.4018026245071444,-2.2381008601674086,0.6617382606067866,7.513312746409471,8.727080067367478,0.6804375383740666,0.19106246424437345
886,0.013915030014840107,0.7804179936865648,-1.876374802645669,1.46959976651519,28.454972043731633,0.33093041386088495,0.6382634933429664,-1.7704328331411445,1.462444818926519,-2.5779997700791553,-2.6455575412674386,-2.897123518420484,0.5823279121907636,6.542891500022822,11.348856207510037,0.2329132151402282,0.011036484293228595
887,0.009757068747751722,0.3479016656281839,-2.1318037282386926,0.8354770505577354,15.560964279036043,0.5500247398355307,0.6636678306103059,-3.692828758305519,1.3327087223416607,-3.1000600998982746,-1.4478811372325275,-2.680843717657956,0.7865946982049862,2.605253344277453,13.408590354972102,0.11244789306076906,0.16851163970956795
888,0.02653024942067602,0.7096338204218275,-1.7601906460178576,1.174761121957331,11.031103097119725,0.3933286870970826,0.9166618254631214,-3.1820212972489514,0.6662277765957735,-1.4314130553773854,-2.540907755084573,-3.219624982338418,0.835003350202187,4.61137279894243,6.489196616000563,0.5820139420096353,0.0025662449052940802
889,0.0124062480652139,0.9447929428676711,-1.158049685256225,2.122662348219019,21.98051254576372,0.11480291603611971,0.9280342912990258,-3.757633656002966,0.8255584619337744,-2.3680725665911253,-2.1652323720614657,-1.0291479654389164,0.6459214410006386,3.889911598823095,14.623113480010742,0.24582854280907043,0.9065804395197322
890,0.024757251849048253,0.9566658634748733,-1.2998818830765049,0.3220057813711907,21.526043449172874,0.474153783343364,0.513282541087192,-0.2020753563321076,1.4907369456097386,-3.4901813375426434,-2.339888125189925,-1.5145724249524424,0.6763723162189423,6.093065815721447,12.548261323695812,0.10262614123076036,0.7334971061145789
891,0.021644731081026068,0.5398036723950355,-2.1448940807193715,0.5182349152367126,17.972848438979373,0.12283056396810516,0.7124147176126752,-1.115776684805366,1.2793804120790018,-2.5490222967543543,-2.918769996751366,-1.9134020983161133,0.5730275983185412,6.934876261327451,6.616785412822471,0.9141217751000303,0.6222265908676498
892,0.014744807375163954,0.6629793962360451,-1.6000288262890612,1.9815426705005543,15.86203990073503,0.4890582123294911,0.5199908505679753,-0.5246525060537821,0.4593588559999501,-1.2876197152832196,-1.3722699733252135,-0.587235989917342,0.8422587219371489,4.9567823619563365,7.902767326066682,1.0161662216907368,0.39570156983387045
893,0.014500938847538773,0.9882285666360211,-2.1598774661704625,0.8667511784621793,21.67565415973378,0.3270719825467686,0.5387041288948429,-1.3012053981978235,0.3434269784433678,-3.4780386757055464,-2.314417332438332,-2.881674385400153,0.725509461799007,2.2229003804189196,4.43530343049732,0.6891657380199357,0.5776546897487739
894,0.02620173205492226,0.7784234532495282,-1.9863543920344324,0.8261809452152079,23.63630003255437,0.365231833232903,0.6018603066610321,-1.0725246011865068,0.5013533486488818,-1.9186383472532695,-0.9052552077606668,-0.6333070384593089,0.5996474334411206,2.125415477289003,4.304075609673818,1.0048239477373302,0.3263834006939207
895,0.029217607711214014,1.1975064835292164,-1.7325405928331201,0.18616086696527734,29.097318752610807,0.4932559539119151,0.564867605816183,-1.0509255747119441,0.3808959469416736,-2.5955787376005053,-0.8700787383400201,-3.456863727328613,0.6845988873767609,2.9008463944476692,4.473077140506909,1.0647606109361518,0.8307044343830455
896,0.016251780370018516,1.4550177547661745,-1.4601355998232277,0.28985768505541715,20.32694386852061,0.2784076038393479,0.7198610439441744,-0.5708544765062786,1.3163986976893736,-1.2419512467919147,-0.8792352846659695,-3.2505068728320534,0.6543549553472094,7.07603169880716,11.5801556095379,0.551811619772137,0.6461479299246203
897,0.00912277091946257,0.5969864325811314,-1.224026647689692,0.5704594709774055,11.844946545203182,0.2296615580917999,0.7920281245065949,-3.7626777731749614,0.7517132917261331,-3.041053238421819,-2.5518250137163676,-3.4298432213133703,0.6311780682206604,4.060595525094554,11.586659723795375,0.9919801099992563,0.8209794900602642
898,0.02462501207138901,1.2527160852240764,-2.0438092787926405,0.05403778172595772,13.113780261328229,0.10047163281436536,0.5830692018377308,-0.9365408262793609,0.9359034184634218,-2.800105436232532,-0.730699218508907,-3.7402367005371064,0.6383202215348187,5.6141417668308184,6.683926891113275,0.15065405182990432,0.2833089046702418
899,0.016353529792482724,0.9939116165111579,-1.2335538408710947,0.4060974883129205,20.161484496236383,0.46480905008509965,0.8871885569523728,-1.8768403653442616,1.1683186375646781,-1.945186797019083,-2.6730720784987403,-1.1584454093482441,0.6933146842118209,2.9264334331852933,11.533270987272553,1.0565692125478898,0.48128819115750143
900,0.011434139187266205,1.1025017835133046,-2.2613688839876844,1.0590987064810646,21.792980551496406,0.13229571629656225,0.8135805373288569,-1.0985165321526629,0.9980592116328915,-2.5903719305469575,-2.8638361866127,-2.4445925676206857,0.7077799924972707,4.9945365288613015,6.2766943459192435,0.52953499879623,0.6361210980050738
901,0.028252073838956858,0.693756476668874,-1.1316078983243953,0.33676702333372954,15.519916286695938,0.45559756514005956,0.8199477300738287,-0.09886674327402423,0.37584387356299725,-3.3417498954797766,-2.693092041946465,-3.3015406978100494,0.8611465328449877,7.092512954377163,6.581579071192442,0.26462715181161667,0.10511097118241215
902,0.02428896733466437,0.7191536351025054,-1.087637424908083,1.6363837824335339,22.96736893998695,0.5986240668589417,0.912307736862977,-0.48105542515365496,0.7146863089564108,-2.2194096977311824,-2.8979555391259924,-1.0665438082830154,0.6392476370082577,7.0084816055722055,6.9696175886245815,0.4066504823241287,0.38164069000423334
903,0.020270049664234784,1.3512770823047937,-1.4089846082802995,0.31470072299289276,21.101848997487366,0.19191302525196105,0.8727779229547388,-3.523779795323516,0.6205067336560888,-2.999396077471511,-2.162462076576404,-3.4100848186524004,0.8403972205082912,5.748276547193959,8.82126965415721,1.0353723553135472,0.23199543687997934
904,0.005571423333967328,0.8920681574868572,-1.646309204170936,1.1795025175611091,13.83293789686984,0.5295402818229099,0.6109868864657112,-3.200506150722812,1.0748584020842347,-3.6382159791626885,-0.7840240296442,-2.9346383254721458,0.5937691785084209,5.790272636909943,11.946291253370706,0.2946697563363274,0.7330162564994003
905,0.021699246276601507,0.33507104042114294,-1.9475726455876634,1.5295704092583082,17.012571763757588,0.5843907513418736,0.7622379677021777,-2.5981454735173743,0.9144043457599138,-3.064655644697666,-0.8399505317631739,-3.710137880305715,0.5741593346278319,7.666736858105387,4.017472864006017,0.24210661389675092,0.8289804875129807
906,0.02556062995400884,1.0810984797911185,-1.3900571966542532,2.0272117801452243,11.506247899382881,0.4150983605380669,0.6519065538038367,-3.424685910843545,0.6979392577969923,-2.7323804593472687,-1.9147727252711826,-0.9140140645761878,0.737136059160432,5.9578305561030955,10.149719038424864,0.43712056221900847,0.856111620760604
907,0.0273760248098652,1.2893342486255484,-1.069726657852783,1.7666074966203642,24.267700976435187,0.25181726941361837,0.6270904433257961,-0.7653660461612346,1.4461232680506504,-3.3508750428528757,-0.8033136783865111,-1.8411817923710436,0.8911948375857244,2.193097994378459,11.854873312211586,0.8700027665972578,0.13791183200810778
908,0.022415331965653002,0.39845605706280757,-1.4143353953341875,0.08727149115725752,19.882118250701694,0.32124100690285606,0.6204527419066722,-1.2234698422442292,0.6126495777547094,-3.0679488264210484,-2.657121495159993,-3.8680918206185764,0.8324223718113187,3.9344939648811756,8.219310283839938,0.9550232198995715,0.05898977378030016
909,0.014197572180241737,0.6254356454850767,-2.019876999696036,1.595857881849913,24.25516449763137,0.3528140746249179,0.806140861977982,-0.21284412400630393,1.0193396974535471,-3.901192568631177,-1.0590158143812334,-2.9787621290559314,0.7837548529750369,4.678915200390114,6.071889182556366,0.5652716579353113,0.8832368935056867
910,0.01613972842172773,0.4500060942105434,-1.1684933455199886,2.1914443201111315,12.240694158971865,0.35019220231634707,0.5104921278685869,-2.794303472606972,0.7377490240196931,-1.8780557279285222,-1.8856570832756228,-3.8511910994997427,0.8037429799800673,3.115382713895579,11.629854826990607,0.8884517650451415,0.34485581918172226
911,0.01908147296653488,1.097575276366487,-1.5171504977703258,0.8696107360686113,16.89165736423474,0.3851319303391283,0.6155936549831982,-3.830850146945668,1.4639032114567931,-2.6682228335575493,-2.600127020340071,-1.6421588694630227,0.624803253174508,2.5495638410910377,9.025377173894913,0.5697512598555127,0.536023936398998
912,0.024067979115208103,1.1284346712637185,-1.6272836283760903,2.241920921059009,16.09898668179552,0.5777892715828843,0.8163700438818,-1.0936035765379168,0.41192351870934973,-1.6371063686597989,-1.0065490901557193,-2.315059708698911,0.8695444268231959,5.871639696285256,12.52417207367667,0.13073465724032407,0.16005680796881974
913,0.011755970383955608,1.2535065938306675,-1.182206167825501,0.761407384578886,13.718855572867866,0.3468357792847704,0.6583240804947119,-0.4260070365348252,1.3811386278713411,-2.7940153251488606,-1.3629332226046933,-1.8939341874634557,0.7581048703884137,3.544879231158696,12.030672855194956,0.6962972360107788,0.5086484246140047
914,0.019347284628995685,1.452340005544203,-2.2015553211681933,0.6377256663108538,11.287504697201665,0.1639114879209158,0.7730372263913122,-0.7273596331707979,0.8391740930801439,-2.121511583727706,-1.771393954156713,-2.3647329697819224,0.8004944841724857,7.611056424332277,6.455233041956345,0.6654814146503001,0.6958140997555837
915,0.01868487697655464,0.6567715564692493,-1.552486341826778,0.1874213499547493,19.183791067338756,0.4472961924592994,0.6240279534041828,-3.566745535920369,0.498982869768677,-2.0024843870271805,-1.657499713907524,-0.7358605790624608,0.6751753291113044,4.414289578668386,12.817671917746503,0.5974636943055182,0.4984324873144523
916,0.020376973196080995,0.8062285641006142,-1.0709128155043632,1.3386945728570732,16.91115801108534,0.29627995044447697,0.599195713840736,-1.020030185149304,0.8737964695413014,-2.3148073204222515,-1.321675073325106,-3.6202745339593405,0.7165475272685342,2.8604865654983316,3.7447669499317264,0.2601030879949568,0.36480116317963673
917,0.013802518092243893,0.893715207796514,-2.2201377719777105,0.292465051749918,22.33507442015614,0.21896973702959716,0.6935730892649794,-2.8888011415425865,0.5518804521880393,-3.406310633126388,-2.5087375473475255,-1.9846424257809159,0.6643030477042674,3.3596745547617273,7.275839279739717,0.18117111287260332,0.9049317877690403
918,0.011965954794924344,0.35455072562424417,-1.7596249644844704,1.713446076988799,18.10464485253307,0.49173194956091715,0.6994516925074259,-1.1977887615669935,0.7630604177658874,-3.016339045985604,-2.3933942537239075,-3.398609135387382,0.8028245028016985,4.598456802211379,13.513818535935513,0.7542509890134488,0.8496975435610806
919,0.0248851955828052,1.4465380169082107,-1.4819586363339803,0.7567678676529428,27.86816906291411,0.24967309952984681,0.7291618082649846,-2.4268364028541924,0.8212316241134421,-2.334201439686656,-1.2798685034751578,-3.363785055313776,0.706708078893758,5.4047342143424615,9.375917157414754,0.558379580413996,0.8912129261900239
920,0.015091544877155302,0.8573974534623536,-1.4917217188138674,1.6021787168102453,13.787870555457982,0.3127926568840258,0.5718978334175316,-2.279342976006229,1.291950321125331,-2.9126132800933204,-2.860621768027276,-1.3479237847062246,0.7237726764471125,2.1687320138723503,12.532349432250276,0.3582199430343665,0.7106854699922096
921,0.012771499274512044,1.4835497501116102,-1.6196482863447872,0.6768190650264897,10.19108147841778,0.4908868004826763,0.558665736436657,-0.7023056987070455,1.158544166908155,-2.7750539455994123,-2.357233710758285,-1.3565746553468911,0.6225014066668962,7.971938504273839,5.769102301476076,0.5263317075623338,0.4362832323839452
922,0.022229408539066044,1.4924993162537987,-1.9057426601513017,1.1447264545883167,13.819623775347488,0.5567214041640889,0.8764750594920085,-3.332890772207431,0.49053785903165903,-3.2816216219224303,-2.700774908422642,-2.4253550121173273,0.5869298473282033,6.9442456395287975,8.242666479865065,0.3621684207838741,0.24883035538339035
923,0.011315317608360596,1.1989064461406729,-1.3832557792048163,2.2719619069804815,23.11645464977357,0.5387935218972557,0.9455846934521028,-0.26752378111612707,1.2355189862003562,-2.242891884375884,-2.409040578406814,-1.5701050594472012,0.7073915543037365,7.207843401243026,2.6542906385619833,0.07586709725167086,0.8346920468519847
924,0.01344851335688678,0.5895748756791421,-1.51058812777427,1.1596424319344865,25.0997523431941,0.5109296856100477,0.6676371373721172,-1.990971408158075,0.6361553052733591,-2.5015468092961193,-2.9285935112043644,-0.9907836559162995,0.7975650827937859,3.3739048312033697,14.222108642609381,0.6710587965513358,0.5697658757468747
925,0.021221245439837454,1.1732758064119195,-1.0911631959454307,0.6418157951899276,10.657280074049982,0.2582587068181038,0.887969410152721,-3.438010260376636,1.4019701136387819,-2.5685390010912177,-0.7405121605439184,-2.5962201261224296,0.8613118428386947,7.567231608023637,3.3031993265074355,0.6547733607611493,0.722678687621198
926,0.017906366765691593,0.7566109046218905,-1.8054557733024483,2.0518615947091954,15.15472180244906,0.5888739383288398,0.715870402986349,-3.449636813076651,1.1072918040593114,-2.0110885601720287,-1.904676728367246,-0.961735232389533,0.7844518025438528,3.435527809911581,9.637749935454814,0.3340472637073307,0.6499003477898433
927,0.028651875421108357,1.069467536807944,-1.136287879688893,0.2542153822834878,23.996834285235693,0.5482716280699387,0.926394589483037,-3.0754281273686668,0.6812210635067798,-3.535902223489679,-1.3601406562915626,-0.9883308526364512,0.5553290225263947,3.9602397896549952,14.475363003850909,0.22227656187366274,0.20626967816201036
928,0.019243507650710326,1.1580159101415493,-1.1481345714214821,0.5819659410075353,23.325281994358456,0.4847330801917564,0.7572885736049344,-2.6856634322896134,0.8314461563938749,-1.8348846839301407,-2.125094570104042,-1.1025442843478261,0.8500573837980894,4.088275145054114,5.709891521689245,0.2564053545464292,0.40537664561097597
929,0.005186400558682091,1.420607059070312,-1.3142821070880544,1.9783585758202993,14.057683090076615,0.382040614354749,0.8044188991303647,-3.8138708602175173,0.340074868498595,-2.6504978014165035,-1.367053338422563,-1.7303790002759851,0.5866743436918068,3.2820256424079233,10.169923452201399,0.3691081446126643,0.4908908368660439
930,0.012040848631694781,0.6239217929189852,-2.245861876576553,0.668991756110292,18.816255587121113,0.3632392337139805,0.7662591255032021,-2.761888211986263,0.33810398890209487,-2.283759676080305,-2.4031056335538166,-2.0687254419733163,0.8289893079303023,2.9672386927374257,5.9337944372341695,0.389293713918819,0.714221331195165
931,0.01820943854008641,0.8842167128976801,-1.328760994659774,2.2560905373891633,11.460984542851385,0.36815354225353325,0.7575524433800471,-3.6363159460709245,0.34703783230920104,-1.8843383896325108,-1.7385950852559704,-3.0350613781789884,0.5503694645373053,4.032133954349133,4.35486425816355,0.5318555523042382,0.016591413956130528
932,0.022685628426393236,0.7843498144023602,-1.2869038881033683,1.787671081328073,12.198928466057993,0.5284877862787414,0.7334060989913029,-2.123981575957936,1.3082484038616085,-3.4320639188919486,-2.025554386947652,-1.5677262680732378,0.6503567307125544,5.531233728299474,4.127642421584009,1.046046672355291,0.5400464098355529
933,0.02741546498101031,1.457541281645054,-2.013420477842914,1.8978800176447272,21.63580313377041,0.10958357436239313,0.714930477307871,-0.6198189641188372,0.5876666054648336,-1.5742164983004865,-0.7713617274430837,-1.3039874251348862,0.674515552109217,6.223361186221684,9.860493155625639,0.6799358936117509,0.12659882995863297
934,0.020021147631094405,1.3937149192632734,-1.4824387458038628,1.1532612315733966,29.20101872215232,0.1402088695642592,0.8455240826213772,-0.6089994401931729,0.5312396443381124,-3.3134212766552715,-2.1359946068616886,-3.8615582515815334,0.833166836492351,6.296899964343611,8.077530617630982,0.8324243128823007,0.8121363384486964
935,0.015013205118601845,0.7393345352301703,-1.7633949193992313,1.6408134096672058,14.07108878838283,0.5288938707264532,0.7871525252550302,-1.2116470691869434,0.32152222383583834,-1.4694876997834672,-1.2583808538191381,-3.2365609895664402,0.8988205165056744,6.746146247764614,10.904104201014553,0.44155808132864965,0.5189328466114751
936,0.02122576831961937,0.6896511268175118,-1.5992547545249822,0.21392650151138667,10.332329049961803,0.3456213675788282,0.500603257832719,-3.5471415801599187,0.6573314962495547,-1.7828555871698546,-2.5918534767507935,-2.4146387470389286,0.5747822411549519,4.638564246638717,7.4741582537631155,0.6721838207609199,0.2856728453337814
937,0.023393897939938412,0.5188232810380312,-2.1864670660653673,0.30902197681562377,27.180728940287835,0.25611619767704374,0.716418695427078,-2.746925929824828,0.37159452586930886,-3.470291408579881,-2.9313130205270195,-1.2881056740102137,0.5794274496895211,3.184205432560603,10.56195126033456,0.5194214157833116,0.325954831149387
938,0.02056532669204657,0.533696450593004,-1.614315508472927,1.585917189604992,13.758075081773239,0.14765093877077784,0.8138384525306666,-3.8919286823930044,0.5844747352944699,-3.41076513149274,-1.4104336194928568,-1.912017331359137,0.6369150035022618,6.584410702554738,10.468910029686322,0.8835718050754088,0.3104841724670302
939,0.007332061092104424,0.9503233644573779,-1.3741017084203548,0.23766909198798633,24.125753382411965,0.47556229512643267,0.5093395077043381,-0.5029812504183595,0.902562517218026,-2.2674268853785238,-2.6542151347110114,-2.5477634047826987,0.7514338976515345,5.4991442322849435,8.397765293395352,0.9663460409638354,0.7218139381174346
940,0.006387664702749355,0.4254012949172345,-1.5030154097397208,0.8391778278410412,28.98283188727354,0.4901106893579804,0.5391878301583815,-2.4822751598787107,0.513081851425856,-3.7787445557220702,-1.0398582206756752,-1.4805693880386426,0.7040786396171883,7.417899099539239,7.344906967662368,0.37397969549322896,0.5956401040588634
941,0.00852462856154526,1.1659913433768205,-1.7899960897261415,1.613588317272882,22.006098266816725,0.45345220116388774,0.6989513050250042,-1.2842917822380358,1.1534273664825856,-1.3194709117197672,-1.823376274336155,-1.45443315056583,0.5907103772820887,4.4809024002579605,4.198562584885548,0.15856353147495292,0.5228752724909459
942,0.019878992126599587,0.4903169770732483,-2.1756359101070895,1.1258617272339801,18.187449481562524,0.36184024876304166,0.9323549027657864,-1.3299505947946444,1.444488102773175,-1.7142234906985934,-1.14428224149932,-0.629029991134201,0.5600279958746227,6.116664776775206,9.47456224212679,0.5250386755651061,0.058514400058381696
943,0.014670738870597843,0.62422506915552,-1.695300993656768,1.50075045275597,26.13144706929038,0.2441607573093971,0.8467338809133319,-3.7829767865368455,1.0873949114655321,-3.0290891763814023,-1.9311609542726529,-1.6644543969901058,0.8215812850469396,2.5696997304706084,4.490688229102863,0.4331015133846882,0.7280903040660609
944,0.016989055803017343,0.9314771143071412,-1.359457371001473,2.0769586995366836,15.531802401154646,0.325683251048714,0.691191950357134,-3.2400923016753214,0.49420286584845985,-3.735779144427575,-1.852139837653129,-3.0824609056677135,0.7524525655062433,3.3664201695137956,14.982092995310417,0.5339299952318173,0.10345331539450485
945,0.02538219943301297,0.9688269214100385,-1.64318641186015,0.6856534233342365,13.981171926608123,0.2942614592353255,0.7011526742456513,-1.2424352205794862,0.522253528621568,-2.0392385426209865,-2.555118741541008,-2.5134504338758346,0.6336486554195587,3.4584876123772945,6.654870384784101,0.1355643524744127,0.656293754100807
946,0.024504438395854432,0.916923558420562,-1.4378092023495865,0.8476325597638761,22.595644987675314,0.4769775316479138,0.7868790517190578,-0.5624462603046534,0.719555988504804,-2.6607101429822366,-1.027318722949004,-3.514981224246502,0.599138828585353,7.982506790330744,14.722374116271277,0.8659251602306811,0.8173931591641667
947,0.02543001050674291,0.5910728437125203,-1.990763525094187,0.3926589001299438,20.55878790969261,0.30535363343345884,0.6306549920565991,-0.6038875370640686,1.0069782355816865,-2.6915513663503576,-2.9592530691612122,-0.893489108753883,0.8929952851835707,7.073009172209636,10.891141986724818,0.499864593774991,0.8568405846580226
948,0.005233357608507645,0.7822704180175415,-1.853669179625563,0.559207465484244,10.917567590415862,0.5409214802324298,0.7491246393797766,-3.191572802010511,1.2540703016710235,-2.4154788961396525,-1.7652300522034838,-1.0588373779653253,0.7199098541481567,6.496738247365176,11.736958826265164,0.24062640130757285,0.209732766617446
949,0.00548852962110692,1.0549435949144834,-1.0574174551039048,2.2455476537838464,27.277213777641855,0.1814963271281484,0.7849205001591832,-0.9694404881907603,1.4891047307916152,-1.7522133840682073,-1.4793037530979998,-3.470823844164603,0.5517546318646648,7.86175050251756,3.224440270872152,0.6032468592775945,0.7417793692524616
950,0.01949941828545269,1.4227761600314102,-2.2736913765598157,0.42605760620947514,22.134258919169312,0.4705944261093604,0.7209232827161172,-3.3507590455513894,0.9170485775911885,-1.4748069664190577,-1.354510301772246,-2.3640651462028677,0.6839187706066554,5.138717816858648,5.9858536187374565,1.082004540710832,0.5047104909858375
951,0.018739067332559527,1.2807017458853511,-1.3668090550013412,0.499232911616322,20.066735054884,0.10485593640948426,0.5978427793215844,-3.0955054099589345,1.0224812974464135,-2.4385685934234025,-2.1797685556942774,-1.9547237824562436,0.827646784223493,4.017299972709157,2.5447967757673573,0.37502288854128496,0.6153646944140785
952,0.02873553055271491,1.3637448508101784,-1.4271101423830181,1.277184048877234,11.744244283153812,0.11585852453372215,0.8963649470672288,-3.3185943149969526,1.040851184358441,-3.2515473989703083,-1.3017717292732258,-2.6842623411256747,0.889082189876897,3.827640216189394,13.130361042005648,0.7138665501421928,0.662707187467735
953,0.029718556771223637,1.4825975441115655,-1.866335212881988,1.7112796494959168,15.29212519702687,0.4852403690494994,0.5009423463985172,-3.638747839410639,0.9257092294448428,-2.178128867041026,-2.0701467512601908,-2.8004753326303042,0.7440442882924068,5.914214714146243,14.973100281002106,0.9211516504602966,0.8833659426519159
954,0.01104140827058599,0.5447550696060892,-1.910759590387533,0.21060952244529946,11.523523616030507,0.5650763852413688,0.7521669750625958,-2.993517287319186,0.8036295539756941,-3.4278602792780815,-1.9260279795811457,-2.535235970483811,0.6454682928535299,5.128310688590822,10.308546403231912,0.5670972474185858,0.8956404173013368
955,0.012520324665340312,0.36048543891972823,-1.74272071226611,1.280484091441843,29.062530739772154,0.23790039620381173,0.7007061990283064,-3.219384755648682,1.127488769035513,-3.657583028378303,-1.3278944259730285,-3.244724540990074,0.8059928789690718,6.517961487885248,7.191561730411845,0.6237594138815349,0.8650778482332605
956,0.006539637291415831,0.8510218106432257,-1.9506994949188416,2.0406784621785006,28.647824165000763,0.5983446190847597,0.6276358331189782,-0.8729195332023805,1.1942833966354816,-1.7936366667189585,-2.0171162484331733,-3.0553387542328494,0.8496661460807191,4.979607530431423,2.2259741676678386,0.830347309337223,0.7460694344425899
957,0.025477542828057566,0.9435473864561847,-1.8888508820206786,1.6099527907358968,25.570068173036123,0.4204918198991724,0.6328401468582349,-2.9224253239199345,1.0017738031158794,-3.8591187153966633,-1.197964145948724,-3.4605422755435313,0.6990850740029491,7.937229222302481,5.338118058173091,0.6094970125486382,0.7021194131643174
958,0.014560104369386508,0.3932308381752392,-1.844318345313855,0.3851251605916453,21.68618440085557,0.5655007362170924,0.7453461517361273,-2.388422201195586,0.563709554747209,-2.587524998381892,-2.389530291383542,-1.6387354429528607,0.898093451948333,5.988278370108317,7.001934445017709,0.4215225769980052,0.08865399855274708
959,0.006615505694984083,0.9805258970327082,-1.0712761541632316,1.9113116284729688,14.789563864237998,0.1973039044892734,0.5861178388107158,-3.086318515859343,1.1049564449958496,-3.8971124281446374,-2.813983987595269,-0.6825531087425185,0.5618091182829893,3.7947568974577264,6.862688967514167,0.5662683566739746,0.3066972683287545
960,0.014788827004027987,1.3779549356919873,-1.6764799803411823,0.8739918150973605,17.132386628224985,0.2614144492220737,0.6105172953391897,-3.296733902055978,1.0519273745727877,-3.45293755061098,-1.6060214427037522,-3.4341690234216413,0.6216378410451896,5.973150934091699,14.054996486334971,0.8852275784036828,0.3205667566433131
961,0.027344805591818393,0.4314471830020995,-1.175585418092368,2.2863958246039147,18.379949303792436,0.20159315282186938,0.9149924279444703,-1.554078251017533,0.39632728400353007,-3.063244347689405,-2.2342356288529865,-2.001537598082532,0.6673003221613916,4.426745012219676,6.313448674239616,0.7727842065919868,0.807522751432175
962,0.021504613932305402,1.4075984678030566,-1.209963699203495,1.8333436253075415,24.31975626078208,0.13032440882961352,0.6659144652339676,-1.9342781652032204,0.44746144392334153,-2.597214546883485,-2.3447285683731978,-3.874397475611577,0.8261352110989035,5.369048109306817,9.673335469747409,0.2379607009603346,0.8130507637671741
963,0.023894986180519686,0.4678547532494184,-1.0945318932994612,1.18943552827051,10.707475995488275,0.31778570999772227,0.9379013436118963,-2.1114887509715077,0.6766707275538918,-2.8729000260893605,-1.5231367241926737,-2.747784956065501,0.807361563633803,7.78203949798402,6.010328571099989,1.0150011025124372,0.2352549886468804
964,0.012342014290826937,0.837091603401942,-1.2109856001382642,2.1361955692690526,16.41802386599841,0.4137545363081233,0.5376126865036839,-2.4874221370248026,0.47868042309426745,-1.7077590280907313,-0.7267654910088983,-1.9041372573066342,0.8515531752021738,7.805645234546473,10.708736240516547,0.19781821338036176,0.42718293288360876
965,0.02789409311472525,0.478532421745267,-2.247292164026215,0.03612140717525315,28.47311145374936,0.1713051166794288,0.5510380351898344,-2.448071292472103,1.0132851760528578,-3.1696875880510187,-2.4532144747744353,-2.1410754195724726,0.6833696193436773,2.397522422626308,6.121128722060136,0.347512968120955,0.657241210195881
966,0.017991618656881918,1.1646175153681608,-1.6755944056159815,2.273521112429481,21.435813096135334,0.14609584267059694,0.7566569434512482,-3.014747156282328,0.9337396945843757,-1.9310156824453815,-2.4181159565252672,-1.2044648546409804,0.6847712309202387,4.30744259172376,6.758703344151986,0.3410595090002523,0.216191758473916
967,0.0115890799184305,1.0902816748374762,-1.3123597997582397,0.5026537931980768,25.283343900236,0.14680226941128457,0.6188341643402422,-2.91215613119134,1.3869165954752036,-1.541337059236303,-1.272185668487208,-1.2542535812278248,0.8112971603400432,7.552697509193598,4.771938562636729,0.8432060891216258,0.3159768761708237
968,0.01843375659154415,1.3261815761309559,-2.0562018405948934,1.6371414523172154,22.252643139698655,0.24748623957318455,0.7084011521608445,-2.943227650644939,0.944501492145108,-2.924552998960176,-1.965436125251059,-1.1816812779006463,0.7279886956752106,3.0242368546891836,3.9630666541157478,0.6568847783960964,0.7798210915469004
969,0.011495904618640848,1.1547639032251353,-1.4939909654263852,1.0420076174535717,20.79839360751945,0.5762195660924742,0.5451637304985602,-2.9198129055523,0.5371206562553571,-1.7902665832427727,-2.961926266921301,-1.161094791881958,0.777199416677439,6.241354940139334,13.684671205648735,0.40192743283496773,0.38560612618603146
970,0.017194460014762155,0.8963423831661592,-2.2862235140896208,1.7423594334202372,25.247135788475276,0.1799752517887028,0.89671299874669,-2.2885435347013656,0.9140747409329004,-1.6034391255213754,-0.9682624130720208,-2.6502966561245858,0.6783580511231553,4.383046635250297,10.596496096728554,0.29920354497386714,0.5342734993125161
971,0.005105830751325721,0.4681019561406662,-2.2913892028162266,0.01759940414360706,19.716372604926654,0.40504258120761816,0.5873915095501645,-3.7264333512754826,1.2572467301307007,-3.6091326081794466,-2.4679246961647596,-2.017741070509109,0.8584153194185656,3.287319652962866,11.523943318301923,0.7270285665159899,0.33215700090099337
972,0.026640571652316924,0.5698172818293519,-2.0219560437099235,1.9454130469453403,10.017167031691201,0.40800994247079514,0.6573301440506514,-0.4273507531158649,1.0835962669355124,-3.058496164306013,-2.1845067501282327,-2.2752497987113216,0.5714575356840573,5.080411521640598,9.891162924046487,0.5545542795023835,0.24647209898286035
973,0.01568910652151721,0.7943951267697898,-1.273897395002913,2.193670658861487,23.363104265790614,0.42717485487506557,0.6451891292856533,-3.823391196084458,1.0896340393968156,-2.4443136074515417,-1.8039626560893056,-3.1934049808902207,0.6496740322345402,7.362893402178526,3.7061835373410483,0.8987753309593636,0.21465837830777254
974,0.015850937832095752,0.5506192696233013,-1.5915395127130827,2.3011279521875285,10.214227950055957,0.24843664157542023,0.8335469077426431,-1.207530631415787,1.471453991284397,-3.386631081038195,-1.449787741087522,-2.629195702578297,0.7868914212633425,2.7090166218140683,11.463481145766284,0.36693276421513593,0.15843729216275473
975,0.023654792994737155,1.377467469334703,-1.8473942241422256,1.7095881037425107,14.101289489464946,0.566639976386846,0.8652834879211697,-0.28678705578368024,1.0122625662077114,-1.7381635684513537,-1.7129289584478844,-0.969736862910902,0.8918421673268262,2.8442327007420127,5.094484619047061,0.3159346984140918,0.9075823835117646
976,0.02911944884773779,0.566224665622739,-1.7823496564247363,0.7853158949196104,24.050475361796284,0.28186905365126125,0.7515114084089545,-1.9246218442178522,1.3423667380591922,-3.6741878542401265,-1.643103241095016,-1.4962309163537997,0.8741381024279737,6.162798859286674,4.013840226136104,0.7815634866769792,0.5626851748593366
977,0.008634122079423446,0.714504271884493,-2.1382782790287185,0.468954107785743,27.220715575033193,0.12832303952511132,0.8427895706075109,-0.3983695918519512,1.4801026617403827,-1.8793660237011003,-2.7862094301764686,-2.259655313663558,0.6337520923802762,4.041775143928448,9.59972331304707,0.22152516284443452,0.28258011038463293
978,0.013865126794711732,1.3878789666849338,-2.0098343519545683,1.0655524034914972,29.745974238479537,0.3666131173374745,0.8735230715972045,-0.040540740703165934,1.4230506354758372,-2.073020656544027,-0.8757587109424412,-3.252952382706795,0.8108144281726196,4.968304798184841,8.758904473280623,0.36773764205447107,0.5301381557234286
979,0.01627922572586531,0.9603174266693781,-1.7689374491783494,1.1981639199037806,17.077896325850332,0.399737625507086,0.6134654034866931,-0.8137502672372547,0.8283133551707693,-2.4792381562570522,-1.398674591555469,-0.8378046779836912,0.5658941245232213,3.6402843892458443,7.61327671769613,0.4982772015864364,0.36126114237001605
980,0.008964641105108076,1.3851288373817459,-1.5680269279893477,0.6044755680515813,15.367642577861677,0.4671095238296462,0.5626522995460919,-0.2933523763248256,1.1557077441046186,-2.635061294778825,-2.895045275400254,-2.9511438307584745,0.5980139997747674,7.22651265516342,12.726564194185977,0.4759306237979795,0.49125008796774616
981,0.024938412599917116,0.660329717571029,-2.090010780423559,0.8315665555446897,29.463161245367417,0.10218655667553148,0.5278279117544391,-0.09757877428371309,0.4213244697629367,-1.754137023809168,-2.6334182910422936,-1.4298930564275505,0.6328010752444456,5.273591753333873,14.990823305175505,1.0734155037016302,0.04826680706492693
982,0.015649899817909527,0.9469437230264042,-2.0550265326929416,0.807103776155321,24.623420575741378,0.30065848975841614,0.5911690389251952,-1.0045081295919065,1.0885655105481682,-2.7433780551528963,-2.8165070601474134,-3.907622115763001,0.7814919486713385,6.173530338384453,8.871459971332895,0.27618304978477703,0.8924613578866585
983,0.01746092852558629,0.39410943149413197,-1.9316851905793513,2.24490651352106,12.659946874231908,0.12952812204304778,0.6670082522410179,-3.3614927438760325,1.1722493304532178,-2.7253225978085283,-0.9146508993997844,-2.462257834725057,0.7601273449598084,3.7453949118400067,4.044165076197897,0.86155585633711,0.8017082439055137
984,0.01082402838954239,0.4731633134164802,-2.1694788790548314,1.8273008003872424,12.497280329462404,0.14732622797619482,0.5254531526687267,-1.9640978494497368,1.3346098814771885,-3.809273343939052,-1.6086632999528376,-2.6209625504374827,0.819234133797203,2.0572481883275717,14.333581600219388,0.821286011682125,0.5932267269548431
985,0.013711234475889473,0.8026132103191941,-1.8774954067045297,1.6834619549271241,27.25833752259929,0.13873518210945907,0.932677575010471,-3.5319907794069474,0.9861217865346696,-2.7740869514343305,-2.8497843080853347,-2.6355910940980074,0.8545088370418468,4.961927233104773,12.560445119215771,0.8280863430629255,0.06972721641925836
986,0.009305708090135738,1.4639101866888147,-1.8402665874998863,0.13056780913475635,18.562752073789454,0.19238981818946504,0.5207642813704584,-1.180541756437269,0.4747423535958383,-3.1410663524082256,-2.5673997261140817,-2.915893138766469,0.5905339015662059,3.080859403453962,11.320344219998095,0.009352264954780438,0.8160210625128994
987,0.02375082940216284,1.232816220977722,-1.9565401492654462,1.4158681576949712,20.51019609274088,0.14349686249936658,0.8444156747858462,-0.17575863954086612,0.9111136672402649,-3.505612955443959,-2.794079569394621,-2.6597204659929083,0.8555371710481912,3.951415443173968,12.654356173265564,0.2622435546833242,0.7454249102525538
988,0.010161761550634321,1.193016579369666,-1.0615852065019729,0.3393287347458367,29.889705387087353,0.599128461637043,0.6339206203245811,-1.3050742436141398,1.257924933888797,-2.879908236630458,-0.6987894833542536,-2.5618531815810943,0.6115431846574952,3.8133362822649173,9.490962589634048,0.5040588017459408,0.4437507592253579
989,0.00605479597339656,0.6546092382227716,-1.189510078659397,1.76488109635599,19.83122982643764,0.27217804335303586,0.9291889098419779,-1.6753278949438095,0.7563648974851582,-3.804276542180755,-2.1564942288468334,-2.907590658001107,0.780936938400226,2.0298676581944575,6.840024262513074,0.7689364808542186,0.03505259845792713
990,0.01258766231793062,0.47429881116104705,-1.897615065225706,0.284093915281725,20.406059448003816,0.46938467160731323,0.6377836937853416,-0.35410590947273946,1.3798322420539948,-3.544358462999858,-2.7970065244912057,-3.6537112800468803,0.7672839247057374,6.76738327168035,8.57712766652627,0.45574674556824096,0.19837973787166036
991,0.006552300858308177,0.8639104937416824,-1.8365988770956827,1.4534063794752086,18.31084116249318,0.33449117878551,0.5597984784670323,-0.48722013573597067,0.8517774277755599,-2.429008289861441,-1.3813302756729973,-2.9035070933767635,0.8452934180908611,3.1502177125250026,5.108504405739916,0.029159819023337887,0.34219383512285373
992,0.029400564278653285,0.8143875654144732,-1.9873370682971587,2.1752121764185084,21.46322176854136,0.26198668812412074,0.9239158387666471,-2.380616861874259,1.4241681158184885,-1.8658447437049794,-2.395329940403772,-1.7372838586043429,0.8618923970102202,5.49145997195177,14.366278665872578,0.3215275223529503,0.012697878845765936
993,0.024531862537341628,0.5880844247268817,-1.2451830098015657,0.5269102874392897,18.884770466681985,0.335061584402838,0.9053348056085032,-2.9595466747552117,1.4844585039417357,-1.9418533467915517,-1.2875708587963606,-2.7084024354617133,0.5649274802984187,5.477607496057297,9.115242824217972,0.4821600571190283,0.875858890213061
994,0.02780757822911586,0.6092676354342575,-1.1470523008768039,2.0833990132007822,27.894234422086335,0.4235312625335478,0.9191964531694294,-0.5344331970065976,1.0974929302469536,-3.2810097016442747,-2.1723763045319453,-3.0596756204121114,0.8548814510145549,4.047043226564055,10.004901364015469,0.923860327546034,0.5763610026926866
995,0.01562045754203021,1.1539409971577521,-2.1412263600157244,1.2966187295700544,15.244838855516255,0.21098170025665391,0.9129865075405064,-3.50589176172292,1.1477291290765625,-1.5163793415945204,-2.1300339169973013,-1.434276841358078,0.6861986531397002,6.1374650338599555,4.741357047570193,0.5329854511127606,0.29579639292783777
996,0.02553643790020781,1.2546837222044933,-1.6317112820523336,1.8004786706173357,21.598129477562065,0.16055549425771268,0.6540096852902695,-1.1904062972729959,1.1599663184831523,-2.2988430268841054,-2.297805860961463,-2.571736351399404,0.7148841324116916,3.6509517196524284,7.447011389373929,0.4387528927237021,0.4073806099914909
997,0.015412929833266972,0.6297808925313049,-1.5260030554847002,2.054758961741985,25.523177736708114,0.3151239068764979,0.5801826526177671,-2.4230208004582527,1.046718619509396,-3.8154536117467193,-2.619382506886511,-1.2209339091603675,0.6374473053413536,2.233888386698404,11.747158255781734,0.27768636886707265,0.42093721307053544
998,0.021994707570301718,0.9238171855462765,-1.2174504735209128,1.320849584105457,13.92660946461773,0.29936124550495774,0.5951401565270242,-2.2294689367137126,0.750604866281678,-1.5256957162971831,-1.1458090454801455,-1.8597239399970573,0.8765843641780897,7.818250556496463,14.298976686878426,0.4739509139606257,0.40366397313647445
999,0.01009506549347089,0.6645203002648786,-2.1874975583771006,1.9276579189125427,23.660972337590678,0.4753624785168411,0.8704162793412298,-1.0361343642763292,1.2229510113366757,-3.260610474171437,-2.3140601902802715,-1.392989545448709,0.5912604113395998,3.600773182227727,7.175429581410551,0.9804579139240486,0.03166737827083815
