{
  "config": {
    "syph.beta_m2f": 0.2,
    "syph.time_to_undetectable": 20.0,
    "syph.p_symp_primary_f": 0.5,
    "syph.p_symp_primary_m": 0.8,
    "syph.rel_init_prev": 0.2,
    "syph_symp_test.rel_test": 1.3,
    "structuredsexual.prop_f0": 0.85,
    "structuredsexual.m1_conc": 0.05,
    "structuredsexual.client_shares": 0.15,
    "structuredsexual.dur_sw": 15.0,
    "hiv.beta_m2f": 0.025,
    "ng.beta_m2f": 0.1,
    "ct.beta_m2f": 0.1,
    "tv.beta_m2f": 0.2
  },
  "anc_probs": [
    0.2,
    0.3,
    0.4,
    0.35,
    0.55,
    0.7,
    0.85
  ],
  "seeds": [
    101,
    102,
    103
  ],
  "per_seed": [
    {
      "seed": 101,
      "nontrep_f_2016": 0.006226415094339623,
      "nontrep_m_2016": 0.002955847034915943,
      "trep_f_2016": 0.020188679245283017,
      "trep_m_2016": 0.011823388139663773,
      "fsw_prev_2019": 0.0,
      "fsw_prev_2016": 0.0,
      "fsw_prev_2030_avg": 0.0,
      "client_prev_2016": 0.0,
      "anc_prev_2010": 0.0,
      "overall_prev_f_2016": 0.001252191334835963,
      "overall_prev_f_2035_2040_mean": 0.0,
      "new_inf_2030_2040_mean": 0.0,
      "stage_share_primary_plateau": 0.0,
      "stage_share_secondary_plateau": 0.0,
      "stage_share_early_latent_plateau": 0.0,
      "stage_share_late_latent_plateau": 0.0
    },
    {
      "seed": 102,
      "nontrep_f_2016": 0.0,
      "nontrep_m_2016": 0.00018477457501847746,
      "trep_f_2016": 0.000942507068803016,
      "trep_m_2016": 0.0005543237250554324,
      "fsw_prev_2019": 0.0,
      "fsw_prev_2016": 0.0,
      "fsw_prev_2030_avg": 0.0,
      "client_prev_2016": 0.0,
      "anc_prev_2010": 0.0,
      "overall_prev_f_2016": 0.0,
      "overall_prev_f_2035_2040_mean": 0.0,
      "new_inf_2030_2040_mean": 0.0,
      "stage_share_primary_plateau": 0.0,
      "stage_share_secondary_plateau": 0.0,
      "stage_share_early_latent_plateau": 0.0,
      "stage_share_late_latent_plateau": 0.0
    },
    {
      "seed": 103,
      "nontrep_f_2016": 0.005271084337349397,
      "nontrep_m_2016": 0.002237553608055193,
      "trep_f_2016": 0.018637048192771084,
      "trep_m_2016": 0.009509602834234571,
      "fsw_prev_2019": 0.0,
      "fsw_prev_2016": 0.0,
      "fsw_prev_2030_avg": 0.0,
      "client_prev_2016": 0.0,
      "anc_prev_2010": 0.0,
      "overall_prev_f_2016": 0.001010611419909045,
      "overall_prev_f_2035_2040_mean": 0.0,
      "new_inf_2030_2040_mean": 0.0,
      "stage_share_primary_plateau": 0.0,
      "stage_share_secondary_plateau": 0.0,
      "stage_share_early_latent_plateau": 0.0,
      "stage_share_late_latent_plateau": 0.0
    }
  ],
  "mean": {
    "nontrep_f_2016": 0.0038324998105630065,
    "nontrep_m_2016": 0.0017927250726632045,
    "trep_f_2016": 0.013256078168952372,
    "trep_m_2016": 0.007295771566317925,
    "fsw_prev_2019": 0.0,
    "fsw_prev_2016": 0.0,
    "fsw_prev_2030_avg": 0.0,
    "client_prev_2016": 0.0,
    "anc_prev_2010": 0.0,
    "overall_prev_f_2016": 0.0007542675849150027,
    "overall_prev_f_2035_2040_mean": 0.0,
    "new_inf_2030_2040_mean": 0.0,
    "stage_share_primary_plateau": 0.0,
    "stage_share_secondary_plateau": 0.0,
    "stage_share_early_latent_plateau": 0.0,
    "stage_share_late_latent_plateau": 0.0
  }
}