{
  "config": {
    "syph.beta_m2f": 0.2,
    "syph.time_to_undetectable": 20.0,
    "syph.p_symp_primary_f": 0.5,
    "syph.p_symp_primary_m": 0.8,
    "syph.rel_init_prev": 0.2,
    "syph_symp_test.rel_test": 1.3,
    "structuredsexual.prop_f0": 0.55,
    "structuredsexual.m1_conc": 0.2,
    "structuredsexual.dur_sw": 15.0,
    "hiv.beta_m2f": 0.025,
    "ng.beta_m2f": 0.1,
    "ct.beta_m2f": 0.1,
    "tv.beta_m2f": 0.2
  },
  "anc_probs": [
    0.2,
    0.3,
    0.4,
    0.35,
    0.55,
    0.7,
    0.85
  ],
  "seeds": [
    101,
    102,
    103
  ],
  "per_seed": [
    {
      "seed": 101,
      "nontrep_f_2016": 0.16503737780333524,
      "nontrep_m_2016": 0.12942271880819367,
      "trep_f_2016": 0.25033544182480355,
      "trep_m_2016": 0.18864059590316573,
      "fsw_prev_2019": 0.3531746031746032,
      "fsw_prev_2016": 0.363265306122449,
      "fsw_prev_2030_avg": 0.3925338395375805,
      "client_prev_2016": 0.42071197411003236,
      "anc_prev_2010": 0.08240534521158129,
      "overall_prev_f_2016": 0.1331473497337053,
      "overall_prev_f_2035_2040_mean": 0.10363047667123639,
      "new_inf_2030_2040_mean": 20.889830000000003,
      "stage_share_primary_plateau": 0.6443262411347518,
      "stage_share_secondary_plateau": 0.3393617021276596,
      "stage_share_early_latent_plateau": 0.016312056737588652,
      "stage_share_late_latent_plateau": 0.0
    },
    {
      "seed": 102,
      "nontrep_f_2016": 0.1624143183549124,
      "nontrep_m_2016": 0.12341772151898735,
      "trep_f_2016": 0.2501904036557502,
      "trep_m_2016": 0.19005956813104988,
      "fsw_prev_2019": 0.4090909090909091,
      "fsw_prev_2016": 0.4915254237288136,
      "fsw_prev_2030_avg": 0.35161631788875314,
      "client_prev_2016": 0.40816326530612246,
      "anc_prev_2010": 0.11513859275053305,
      "overall_prev_f_2016": 0.138917004048583,
      "overall_prev_f_2035_2040_mean": 0.09819427374283704,
      "new_inf_2030_2040_mean": 19.044055000000004,
      "stage_share_primary_plateau": 0.6112231182795699,
      "stage_share_secondary_plateau": 0.3682795698924731,
      "stage_share_early_latent_plateau": 0.02049731182795699,
      "stage_share_late_latent_plateau": 0.0
    },
    {
      "seed": 103,
      "nontrep_f_2016": 0.12682464454976303,
      "nontrep_m_2016": 0.09065262365995862,
      "trep_f_2016": 0.2104265402843602,
      "trep_m_2016": 0.1549746097423359,
      "fsw_prev_2019": 0.43023255813953487,
      "fsw_prev_2016": 0.21653543307086615,
      "fsw_prev_2030_avg": 0.3980551709769282,
      "client_prev_2016": 0.20146520146520147,
      "anc_prev_2010": 0.12048192771084337,
      "overall_prev_f_2016": 0.09044715447154472,
      "overall_prev_f_2035_2040_mean": 0.10639380917618949,
      "new_inf_2030_2040_mean": 19.79684166666667,
      "stage_share_primary_plateau": 0.6336448598130842,
      "stage_share_secondary_plateau": 0.34429906542056077,
      "stage_share_early_latent_plateau": 0.02205607476635514,
      "stage_share_late_latent_plateau": 0.0
    }
  ],
  "mean": {
    "nontrep_f_2016": 0.15142544690267024,
    "nontrep_m_2016": 0.11449768799571321,
    "trep_f_2016": 0.23698412858830462,
    "trep_m_2016": 0.17789159125885048,
    "fsw_prev_2019": 0.3974993568016824,
    "fsw_prev_2016": 0.3571087209740429,
    "fsw_prev_2030_avg": 0.38073510946775396,
    "client_prev_2016": 0.34344681362711876,
    "anc_prev_2010": 0.10600862189098591,
    "overall_prev_f_2016": 0.12083716941794435,
    "overall_prev_f_2035_2040_mean": 0.10273951986342096,
    "new_inf_2030_2040_mean": 19.910242222222223,
    "stage_share_primary_plateau": 0.6297314064091353,
    "stage_share_secondary_plateau": 0.35064677914689785,
    "stage_share_early_latent_plateau": 0.019621814443966927,
    "stage_share_late_latent_plateau": 0.0
  }
}