care,pn,bp,poc,disease,metric,year,value
baseline,baseline,high,True,ng,prevalence,2027,0.016083648420661494
baseline,baseline,high,True,ng,prevalence,2028,0.014445416414152113
baseline,baseline,high,True,ng,prevalence,2029,0.015309535877074398
baseline,baseline,high,True,ng,prevalence,2030,0.014852592149439403
baseline,baseline,high,True,ng,prevalence,2031,0.014052801421730316
baseline,baseline,high,True,ng,prevalence,2032,0.015365879712421749
baseline,baseline,high,True,ng,prevalence,2033,0.013857889779388396
baseline,baseline,high,True,ng,prevalence,2034,0.014961087627537978
baseline,baseline,high,True,ng,prevalence,2035,0.01713756038167919
baseline,baseline,high,True,ng,prevalence,2036,0.016840978632102026
baseline,baseline,high,True,ng,prevalence,2037,0.01754354851415179
baseline,baseline,high,True,ng,prevalence,2038,0.01735595351817406
baseline,baseline,high,True,ng,prevalence,2039,0.01787849198719518
baseline,baseline,high,True,ng,prevalence,2040,0.019329536835893914
baseline,baseline,low,True,ng,prevalence,2027,0.017051198679037326
baseline,baseline,low,True,ng,prevalence,2028,0.016847643837912134
baseline,baseline,low,True,ng,prevalence,2029,0.017249456739250137
baseline,baseline,low,True,ng,prevalence,2030,0.01780903969725927
baseline,baseline,low,True,ng,prevalence,2031,0.017200151323212714
baseline,baseline,low,True,ng,prevalence,2032,0.017852869284786733
baseline,baseline,low,True,ng,prevalence,2033,0.01674601727572707
baseline,baseline,low,True,ng,prevalence,2034,0.01889275835487684
baseline,baseline,low,True,ng,prevalence,2035,0.02089418420593737
baseline,baseline,low,True,ng,prevalence,2036,0.020041875146576228
baseline,baseline,low,True,ng,prevalence,2037,0.020495882081337978
baseline,baseline,low,True,ng,prevalence,2038,0.020615201274277052
baseline,baseline,low,True,ng,prevalence,2039,0.020797708771412286
baseline,baseline,low,True,ng,prevalence,2040,0.023445849227751395
baseline,baseline,moderate,True,ng,prevalence,2027,0.016464832413282563
baseline,baseline,moderate,True,ng,prevalence,2028,0.015327056541725245
baseline,baseline,moderate,True,ng,prevalence,2029,0.015665362481405008
baseline,baseline,moderate,True,ng,prevalence,2030,0.016061336728491984
baseline,baseline,moderate,True,ng,prevalence,2031,0.015433345193859005
baseline,baseline,moderate,True,ng,prevalence,2032,0.016544520094360644
baseline,baseline,moderate,True,ng,prevalence,2033,0.015025014255043285
baseline,baseline,moderate,True,ng,prevalence,2034,0.016086545933879506
baseline,baseline,moderate,True,ng,prevalence,2035,0.018714659905418256
baseline,baseline,moderate,True,ng,prevalence,2036,0.01856958225004298
baseline,baseline,moderate,True,ng,prevalence,2037,0.019258292643896537
baseline,baseline,moderate,True,ng,prevalence,2038,0.01959753801857509
baseline,baseline,moderate,True,ng,prevalence,2039,0.019568490225387637
baseline,baseline,moderate,True,ng,prevalence,2040,0.021312830109999546
baseline,baseline,none,False,ng,prevalence,2027,0.014553505699841776
baseline,baseline,none,False,ng,prevalence,2028,0.01381056412817587
baseline,baseline,none,False,ng,prevalence,2029,0.012664978514527725
baseline,baseline,none,False,ng,prevalence,2030,0.012657785271067206
baseline,baseline,none,False,ng,prevalence,2031,0.012647829379957306
baseline,baseline,none,False,ng,prevalence,2032,0.013597388061756805
baseline,baseline,none,False,ng,prevalence,2033,0.013335974296405827
baseline,baseline,none,False,ng,prevalence,2034,0.014266862022962342
baseline,baseline,none,False,ng,prevalence,2035,0.015338730388379334
baseline,baseline,none,False,ng,prevalence,2036,0.014102373479023059
baseline,baseline,none,False,ng,prevalence,2037,0.014567155286332723
baseline,baseline,none,False,ng,prevalence,2038,0.014962634301622766
baseline,baseline,none,False,ng,prevalence,2039,0.015844403638587436
baseline,baseline,none,False,ng,prevalence,2040,0.017615055144044336
baseline,baseline,none,True,ng,prevalence,2027,0.017497225982172366
baseline,baseline,none,True,ng,prevalence,2028,0.018391780919960053
baseline,baseline,none,True,ng,prevalence,2029,0.019437270007642976
baseline,baseline,none,True,ng,prevalence,2030,0.02042665596341755
baseline,baseline,none,True,ng,prevalence,2031,0.019571909340078745
baseline,baseline,none,True,ng,prevalence,2032,0.020375906569837204
baseline,baseline,none,True,ng,prevalence,2033,0.019573079651551382
baseline,baseline,none,True,ng,prevalence,2034,0.021206886150688373
baseline,baseline,none,True,ng,prevalence,2035,0.023678082130486694
baseline,baseline,none,True,ng,prevalence,2036,0.022954554228813095
baseline,baseline,none,True,ng,prevalence,2037,0.022707151722825954
baseline,baseline,none,True,ng,prevalence,2038,0.023240827222365038
baseline,baseline,none,True,ng,prevalence,2039,0.024446336823596176
baseline,baseline,none,True,ng,prevalence,2040,0.026312090018437102
baseline,high,high,True,ng,prevalence,2027,0.013850425763889123
baseline,high,high,True,ng,prevalence,2028,0.009801364287841948
baseline,high,high,True,ng,prevalence,2029,0.008875090974832637
baseline,high,high,True,ng,prevalence,2030,0.00817349505340155
baseline,high,high,True,ng,prevalence,2031,0.008750158614244873
baseline,high,high,True,ng,prevalence,2032,0.008247149368678526
baseline,high,high,True,ng,prevalence,2033,0.007990872074160302
baseline,high,high,True,ng,prevalence,2034,0.008385112075138723
baseline,high,high,True,ng,prevalence,2035,0.007952323975211732
baseline,high,high,True,ng,prevalence,2036,0.007715499192688291
baseline,high,high,True,ng,prevalence,2037,0.006636334380349944
baseline,high,high,True,ng,prevalence,2038,0.0067110314787768785
baseline,high,high,True,ng,prevalence,2039,0.006437953100599636
baseline,high,high,True,ng,prevalence,2040,0.007013725546847996
baseline,high,low,True,ng,prevalence,2027,0.014631671462182236
baseline,high,low,True,ng,prevalence,2028,0.011361122644492756
baseline,high,low,True,ng,prevalence,2029,0.010515373554281882
baseline,high,low,True,ng,prevalence,2030,0.010905481879829187
baseline,high,low,True,ng,prevalence,2031,0.01046076964116269
baseline,high,low,True,ng,prevalence,2032,0.010123430398426647
baseline,high,low,True,ng,prevalence,2033,0.009994745524902442
baseline,high,low,True,ng,prevalence,2034,0.01076426594275902
baseline,high,low,True,ng,prevalence,2035,0.011804497000673448
baseline,high,low,True,ng,prevalence,2036,0.011690979423551332
baseline,high,low,True,ng,prevalence,2037,0.010789657348763103
baseline,high,low,True,ng,prevalence,2038,0.009944031940009677
baseline,high,low,True,ng,prevalence,2039,0.009880760484967369
baseline,high,low,True,ng,prevalence,2040,0.01207208872894292
baseline,high,moderate,True,ng,prevalence,2027,0.014188877178470855
baseline,high,moderate,True,ng,prevalence,2028,0.010588080890636236
baseline,high,moderate,True,ng,prevalence,2029,0.009519404168775746
baseline,high,moderate,True,ng,prevalence,2030,0.008985036591538162
baseline,high,moderate,True,ng,prevalence,2031,0.008507964830132119
baseline,high,moderate,True,ng,prevalence,2032,0.008073210561601431
baseline,high,moderate,True,ng,prevalence,2033,0.007739940536792662
baseline,high,moderate,True,ng,prevalence,2034,0.00792679754151948
baseline,high,moderate,True,ng,prevalence,2035,0.008187524788853404
baseline,high,moderate,True,ng,prevalence,2036,0.008342431754471085
baseline,high,moderate,True,ng,prevalence,2037,0.007603212779499954
baseline,high,moderate,True,ng,prevalence,2038,0.0077683540195704216
baseline,high,moderate,True,ng,prevalence,2039,0.008048153602725303
baseline,high,moderate,True,ng,prevalence,2040,0.009268029839464636
baseline,high,none,True,ng,prevalence,2027,0.015234993339209201
baseline,high,none,True,ng,prevalence,2028,0.01329042151430071
baseline,high,none,True,ng,prevalence,2029,0.012615338543663392
baseline,high,none,True,ng,prevalence,2030,0.0131188460896843
baseline,high,none,True,ng,prevalence,2031,0.012164757390672815
baseline,high,none,True,ng,prevalence,2032,0.012904325398432729
baseline,high,none,True,ng,prevalence,2033,0.012032641838586855
baseline,high,none,True,ng,prevalence,2034,0.012495618920665866
baseline,high,none,True,ng,prevalence,2035,0.014676353535824083
baseline,high,none,True,ng,prevalence,2036,0.015317520751682523
baseline,high,none,True,ng,prevalence,2037,0.013921952631549977
baseline,high,none,True,ng,prevalence,2038,0.013848548336052691
baseline,high,none,True,ng,prevalence,2039,0.013313153883421202
baseline,high,none,True,ng,prevalence,2040,0.015821819809408916
baseline,low,high,True,ng,prevalence,2027,0.01555343500103919
baseline,low,high,True,ng,prevalence,2028,0.013345854994947167
baseline,low,high,True,ng,prevalence,2029,0.013626194195973763
baseline,low,high,True,ng,prevalence,2030,0.01360346763540245
baseline,low,high,True,ng,prevalence,2031,0.012790282090547403
baseline,low,high,True,ng,prevalence,2032,0.013937419991802796
baseline,low,high,True,ng,prevalence,2033,0.012547073579356133
baseline,low,high,True,ng,prevalence,2034,0.013130665358946626
baseline,low,high,True,ng,prevalence,2035,0.01506332567801777
baseline,low,high,True,ng,prevalence,2036,0.015293391442537146
baseline,low,high,True,ng,prevalence,2037,0.01408012459877187
baseline,low,high,True,ng,prevalence,2038,0.014565961614469047
baseline,low,high,True,ng,prevalence,2039,0.01469000974532518
baseline,low,high,True,ng,prevalence,2040,0.015795801783490705
baseline,low,low,True,ng,prevalence,2027,0.016526322297469098
baseline,low,low,True,ng,prevalence,2028,0.015492134726530207
baseline,low,low,True,ng,prevalence,2029,0.01540980595325924
baseline,low,low,True,ng,prevalence,2030,0.015864904069717085
baseline,low,low,True,ng,prevalence,2031,0.015791859377900612
baseline,low,low,True,ng,prevalence,2032,0.016705813138810525
baseline,low,low,True,ng,prevalence,2033,0.01539681815040551
baseline,low,low,True,ng,prevalence,2034,0.016743113141093037
baseline,low,low,True,ng,prevalence,2035,0.0190000089161797
baseline,low,low,True,ng,prevalence,2036,0.018373498180155493
baseline,low,low,True,ng,prevalence,2037,0.019298379171572306
baseline,low,low,True,ng,prevalence,2038,0.019190694922690585
baseline,low,low,True,ng,prevalence,2039,0.019730309116581732
baseline,low,low,True,ng,prevalence,2040,0.022125054052765693
baseline,low,moderate,True,ng,prevalence,2027,0.01598402328651489
baseline,low,moderate,True,ng,prevalence,2028,0.014301011918411415
baseline,low,moderate,True,ng,prevalence,2029,0.014273068094226146
baseline,low,moderate,True,ng,prevalence,2030,0.014243966114458568
baseline,low,moderate,True,ng,prevalence,2031,0.013948898122036984
baseline,low,moderate,True,ng,prevalence,2032,0.015497900980285367
baseline,low,moderate,True,ng,prevalence,2033,0.013350244583820262
baseline,low,moderate,True,ng,prevalence,2034,0.014576124551757977
baseline,low,moderate,True,ng,prevalence,2035,0.017100613878166228
baseline,low,moderate,True,ng,prevalence,2036,0.016779324335861046
baseline,low,moderate,True,ng,prevalence,2037,0.01776080580283327
baseline,low,moderate,True,ng,prevalence,2038,0.01691204951134804
baseline,low,moderate,True,ng,prevalence,2039,0.017297808808313553
baseline,low,moderate,True,ng,prevalence,2040,0.01974977689401129
baseline,low,none,True,ng,prevalence,2027,0.01707602170190266
baseline,low,none,True,ng,prevalence,2028,0.017319259382978503
baseline,low,none,True,ng,prevalence,2029,0.0181051433082504
baseline,low,none,True,ng,prevalence,2030,0.019012109147065477
baseline,low,none,True,ng,prevalence,2031,0.017425406389119165
baseline,low,none,True,ng,prevalence,2032,0.017811441772207767
baseline,low,none,True,ng,prevalence,2033,0.017335664123179696
baseline,low,none,True,ng,prevalence,2034,0.018561870050536024
baseline,low,none,True,ng,prevalence,2035,0.02136335910698387
baseline,low,none,True,ng,prevalence,2036,0.021110336457696773
baseline,low,none,True,ng,prevalence,2037,0.021235945473099333
baseline,low,none,True,ng,prevalence,2038,0.02165620034917065
baseline,low,none,True,ng,prevalence,2039,0.022783509909149204
baseline,low,none,True,ng,prevalence,2040,0.025270785900924166
baseline,moderate,high,True,ng,prevalence,2027,0.014776481620660684
baseline,moderate,high,True,ng,prevalence,2028,0.011552345976746266
baseline,moderate,high,True,ng,prevalence,2029,0.01132503914279171
baseline,moderate,high,True,ng,prevalence,2030,0.011014660778321795
baseline,moderate,high,True,ng,prevalence,2031,0.010598990581732356
baseline,moderate,high,True,ng,prevalence,2032,0.01085500452387238
baseline,moderate,high,True,ng,prevalence,2033,0.010354765777709881
baseline,moderate,high,True,ng,prevalence,2034,0.010968705841746057
baseline,moderate,high,True,ng,prevalence,2035,0.011483484185104607
baseline,moderate,high,True,ng,prevalence,2036,0.011517163308755983
baseline,moderate,high,True,ng,prevalence,2037,0.010558966483115162
baseline,moderate,high,True,ng,prevalence,2038,0.011324783164286197
baseline,moderate,high,True,ng,prevalence,2039,0.010999170366955862
baseline,moderate,high,True,ng,prevalence,2040,0.01227847383871558
baseline,moderate,low,True,ng,prevalence,2027,0.015666249814784036
baseline,moderate,low,True,ng,prevalence,2028,0.01347144993424793
baseline,moderate,low,True,ng,prevalence,2029,0.012917929510022944
baseline,moderate,low,True,ng,prevalence,2030,0.013248566530504092
baseline,moderate,low,True,ng,prevalence,2031,0.012839604739672137
baseline,moderate,low,True,ng,prevalence,2032,0.013737344786989975
baseline,moderate,low,True,ng,prevalence,2033,0.012349456374462163
baseline,moderate,low,True,ng,prevalence,2034,0.013147694330591042
baseline,moderate,low,True,ng,prevalence,2035,0.015996248623594236
baseline,moderate,low,True,ng,prevalence,2036,0.01589765074702229
baseline,moderate,low,True,ng,prevalence,2037,0.016625571158717996
baseline,moderate,low,True,ng,prevalence,2038,0.015661806957024522
baseline,moderate,low,True,ng,prevalence,2039,0.016566674672734538
baseline,moderate,low,True,ng,prevalence,2040,0.0186875570069895
baseline,moderate,moderate,True,ng,prevalence,2027,0.01518563888148304
baseline,moderate,moderate,True,ng,prevalence,2028,0.012615191588334079
baseline,moderate,moderate,True,ng,prevalence,2029,0.012041840370950432
baseline,moderate,moderate,True,ng,prevalence,2030,0.012026290957320777
baseline,moderate,moderate,True,ng,prevalence,2031,0.011492088010665497
baseline,moderate,moderate,True,ng,prevalence,2032,0.011857697585464134
baseline,moderate,moderate,True,ng,prevalence,2033,0.011113360015659877
baseline,moderate,moderate,True,ng,prevalence,2034,0.012228749837813403
baseline,moderate,moderate,True,ng,prevalence,2035,0.014256072721292382
baseline,moderate,moderate,True,ng,prevalence,2036,0.01403881617188644
baseline,moderate,moderate,True,ng,prevalence,2037,0.012377797577819798
baseline,moderate,moderate,True,ng,prevalence,2038,0.012393721817911594
baseline,moderate,moderate,True,ng,prevalence,2039,0.012093026320650645
baseline,moderate,moderate,True,ng,prevalence,2040,0.013857896281295311
baseline,moderate,none,True,ng,prevalence,2027,0.016208263017643505
baseline,moderate,none,True,ng,prevalence,2028,0.015568238183778638
baseline,moderate,none,True,ng,prevalence,2029,0.015392762872170281
baseline,moderate,none,True,ng,prevalence,2030,0.01651697734076348
baseline,moderate,none,True,ng,prevalence,2031,0.015056923385158382
baseline,moderate,none,True,ng,prevalence,2032,0.015179817698573123
baseline,moderate,none,True,ng,prevalence,2033,0.014185982622228168
baseline,moderate,none,True,ng,prevalence,2034,0.015046548771478646
baseline,moderate,none,True,ng,prevalence,2035,0.018451148395041316
baseline,moderate,none,True,ng,prevalence,2036,0.018648386814207878
baseline,moderate,none,True,ng,prevalence,2037,0.019115526005905274
baseline,moderate,none,True,ng,prevalence,2038,0.01860835943668061
baseline,moderate,none,True,ng,prevalence,2039,0.020006070489278827
baseline,moderate,none,True,ng,prevalence,2040,0.0227931555137366
high,baseline,high,True,ng,prevalence,2027,0.01473709469254377
high,baseline,high,True,ng,prevalence,2028,0.011397396738812113
high,baseline,high,True,ng,prevalence,2029,0.009424752133504787
high,baseline,high,True,ng,prevalence,2030,0.007621875116114643
high,baseline,high,True,ng,prevalence,2031,0.006928420015594528
high,baseline,high,True,ng,prevalence,2032,0.006806564077476653
high,baseline,high,True,ng,prevalence,2033,0.005835099322534563
high,baseline,high,True,ng,prevalence,2034,0.006375341750177016
high,baseline,high,True,ng,prevalence,2035,0.007112563637308983
high,baseline,high,True,ng,prevalence,2036,0.006804983425907102
high,baseline,high,True,ng,prevalence,2037,0.006592179099966422
high,baseline,high,True,ng,prevalence,2038,0.006449951594475836
high,baseline,high,True,ng,prevalence,2039,0.006524707285781871
high,baseline,high,True,ng,prevalence,2040,0.0073153368833091025
high,baseline,low,True,ng,prevalence,2027,0.01559364929903373
high,baseline,low,True,ng,prevalence,2028,0.013171684022868623
high,baseline,low,True,ng,prevalence,2029,0.012974528693560791
high,baseline,low,True,ng,prevalence,2030,0.012635087064647185
high,baseline,low,True,ng,prevalence,2031,0.01169911657648017
high,baseline,low,True,ng,prevalence,2032,0.012603075217880507
high,baseline,low,True,ng,prevalence,2033,0.011064854923885696
high,baseline,low,True,ng,prevalence,2034,0.011634453659733575
high,baseline,low,True,ng,prevalence,2035,0.01379565057833022
high,baseline,low,True,ng,prevalence,2036,0.014675039530660978
high,baseline,low,True,ng,prevalence,2037,0.01350198778117175
high,baseline,low,True,ng,prevalence,2038,0.0141701938798317
high,baseline,low,True,ng,prevalence,2039,0.014547836720025437
high,baseline,low,True,ng,prevalence,2040,0.01692118603703706
high,baseline,moderate,True,ng,prevalence,2027,0.015043206835251186
high,baseline,moderate,True,ng,prevalence,2028,0.012010148262375364
high,baseline,moderate,True,ng,prevalence,2029,0.011373340093898662
high,baseline,moderate,True,ng,prevalence,2030,0.01009122716890443
high,baseline,moderate,True,ng,prevalence,2031,0.00928181789637937
high,baseline,moderate,True,ng,prevalence,2032,0.009619411218800961
high,baseline,moderate,True,ng,prevalence,2033,0.009277556223006602
high,baseline,moderate,True,ng,prevalence,2034,0.009348690856709235
high,baseline,moderate,True,ng,prevalence,2035,0.009818228264991772
high,baseline,moderate,True,ng,prevalence,2036,0.010032998615132526
high,baseline,moderate,True,ng,prevalence,2037,0.01039725364963398
high,baseline,moderate,True,ng,prevalence,2038,0.010710263870430298
high,baseline,moderate,True,ng,prevalence,2039,0.010266484221282332
high,baseline,moderate,True,ng,prevalence,2040,0.011676940852109333
high,baseline,none,True,ng,prevalence,2027,0.016147432049506784
high,baseline,none,True,ng,prevalence,2028,0.015129767588126055
high,baseline,none,True,ng,prevalence,2029,0.01529884226271049
high,baseline,none,True,ng,prevalence,2030,0.014914002735492798
high,baseline,none,True,ng,prevalence,2031,0.014070314686842337
high,baseline,none,True,ng,prevalence,2032,0.015133085319969958
high,baseline,none,True,ng,prevalence,2033,0.013645930096432427
high,baseline,none,True,ng,prevalence,2034,0.014366325389555668
high,baseline,none,True,ng,prevalence,2035,0.01686043269475609
high,baseline,none,True,ng,prevalence,2036,0.01753551199728106
high,baseline,none,True,ng,prevalence,2037,0.016974767802714882
high,baseline,none,True,ng,prevalence,2038,0.017414642080159796
high,baseline,none,True,ng,prevalence,2039,0.017350309388881914
high,baseline,none,True,ng,prevalence,2040,0.02027046709998784
high,high,high,True,ng,prevalence,2027,0.01250657492296009
high,high,high,True,ng,prevalence,2028,0.005639018166312536
high,high,high,True,ng,prevalence,2029,0.002985192534520287
high,high,high,True,ng,prevalence,2030,0.0020809094235046993
high,high,high,True,ng,prevalence,2031,0.0014849570901497421
high,high,high,True,ng,prevalence,2032,0.0013771729967061784
high,high,high,True,ng,prevalence,2033,0.001712736931540349
high,high,high,True,ng,prevalence,2034,0.001784748851840106
high,high,high,True,ng,prevalence,2035,0.0010281424085765796
high,high,high,True,ng,prevalence,2036,0.0008165675440779353
high,high,high,True,ng,prevalence,2037,0.0008091039994285983
high,high,high,True,ng,prevalence,2038,0.0005902545057181014
high,high,high,True,ng,prevalence,2039,0.000385751964945097
high,high,high,True,ng,prevalence,2040,0.00038810570172935336
high,high,low,True,ng,prevalence,2027,0.01318255775349372
high,high,low,True,ng,prevalence,2028,0.007682747402939015
high,high,low,True,ng,prevalence,2029,0.004819616718747322
high,high,low,True,ng,prevalence,2030,0.003906574771731588
high,high,low,True,ng,prevalence,2031,0.0026041957156457
high,high,low,True,ng,prevalence,2032,0.002443224463022512
high,high,low,True,ng,prevalence,2033,0.0022104055841753196
high,high,low,True,ng,prevalence,2034,0.0023840594858380464
high,high,low,True,ng,prevalence,2035,0.002296969155918896
high,high,low,True,ng,prevalence,2036,0.0023700577959371175
high,high,low,True,ng,prevalence,2037,0.003019745633699075
high,high,low,True,ng,prevalence,2038,0.0026300183308149458
high,high,low,True,ng,prevalence,2039,0.001987411655079028
high,high,low,True,ng,prevalence,2040,0.0020762811861489232
high,high,moderate,True,ng,prevalence,2027,0.012835557632016034
high,high,moderate,True,ng,prevalence,2028,0.00680462181984042
high,high,moderate,True,ng,prevalence,2029,0.0033715262037420065
high,high,moderate,True,ng,prevalence,2030,0.00245237156300872
high,high,moderate,True,ng,prevalence,2031,0.001994308882737825
high,high,moderate,True,ng,prevalence,2032,0.0014611750972884155
high,high,moderate,True,ng,prevalence,2033,0.0017549824352105215
high,high,moderate,True,ng,prevalence,2034,0.0016430657834512693
high,high,moderate,True,ng,prevalence,2035,0.0012616633016659746
high,high,moderate,True,ng,prevalence,2036,0.0011405637005475222
high,high,moderate,True,ng,prevalence,2037,0.0013330255733746774
high,high,moderate,True,ng,prevalence,2038,0.0011351392714062812
high,high,moderate,True,ng,prevalence,2039,0.0010602460386835984
high,high,moderate,True,ng,prevalence,2040,0.0011522072824384725
high,high,none,True,ng,prevalence,2027,0.013851750895895487
high,high,none,True,ng,prevalence,2028,0.010057156306956316
high,high,none,True,ng,prevalence,2029,0.0071786862455055596
high,high,none,True,ng,prevalence,2030,0.005616069616262794
high,high,none,True,ng,prevalence,2031,0.0051636800806891
high,high,none,True,ng,prevalence,2032,0.0044742712709798585
high,high,none,True,ng,prevalence,2033,0.00436362017586279
high,high,none,True,ng,prevalence,2034,0.004537686537174462
high,high,none,True,ng,prevalence,2035,0.0040183831972824555
high,high,none,True,ng,prevalence,2036,0.003515142805613043
high,high,none,True,ng,prevalence,2037,0.003408589658687078
high,high,none,True,ng,prevalence,2038,0.0034083525456160163
high,high,none,True,ng,prevalence,2039,0.003012521655617652
high,high,none,True,ng,prevalence,2040,0.0037067158532454294
high,low,high,True,ng,prevalence,2027,0.014208264082239597
high,low,high,True,ng,prevalence,2028,0.010454638144044359
high,low,high,True,ng,prevalence,2029,0.0073904914217550275
high,low,high,True,ng,prevalence,2030,0.005137398183482255
high,low,high,True,ng,prevalence,2031,0.004394859034105334
high,low,high,True,ng,prevalence,2032,0.004236379804910884
high,low,high,True,ng,prevalence,2033,0.004186435998385597
high,low,high,True,ng,prevalence,2034,0.004229643799273911
high,low,high,True,ng,prevalence,2035,0.003471203209620091
high,low,high,True,ng,prevalence,2036,0.003959461601480573
high,low,high,True,ng,prevalence,2037,0.0042791147685125345
high,low,high,True,ng,prevalence,2038,0.003932416440018803
high,low,high,True,ng,prevalence,2039,0.0037716911703328136
high,low,high,True,ng,prevalence,2040,0.0045614886695085274
high,low,low,True,ng,prevalence,2027,0.015100097535883603
high,low,low,True,ng,prevalence,2028,0.012399243399691718
high,low,low,True,ng,prevalence,2029,0.011670981533968016
high,low,low,True,ng,prevalence,2030,0.010427842310749797
high,low,low,True,ng,prevalence,2031,0.009422486905770758
high,low,low,True,ng,prevalence,2032,0.008605253477007666
high,low,low,True,ng,prevalence,2033,0.008843727499333048
high,low,low,True,ng,prevalence,2034,0.008927960197668772
high,low,low,True,ng,prevalence,2035,0.009558089419099755
high,low,low,True,ng,prevalence,2036,0.009528932851245541
high,low,low,True,ng,prevalence,2037,0.00885043043094268
high,low,low,True,ng,prevalence,2038,0.010151644842644367
high,low,low,True,ng,prevalence,2039,0.010355507678409532
high,low,low,True,ng,prevalence,2040,0.012837165577362097
high,low,moderate,True,ng,prevalence,2027,0.014582342600446907
high,low,moderate,True,ng,prevalence,2028,0.011181287414363776
high,low,moderate,True,ng,prevalence,2029,0.008976399233964613
high,low,moderate,True,ng,prevalence,2030,0.007254938455321212
high,low,moderate,True,ng,prevalence,2031,0.006465062702249565
high,low,moderate,True,ng,prevalence,2032,0.006350800476262543
high,low,moderate,True,ng,prevalence,2033,0.0068438954893887865
high,low,moderate,True,ng,prevalence,2034,0.0070631819994262405
high,low,moderate,True,ng,prevalence,2035,0.007478880049459356
high,low,moderate,True,ng,prevalence,2036,0.0071702858423781535
high,low,moderate,True,ng,prevalence,2037,0.006561780697804717
high,low,moderate,True,ng,prevalence,2038,0.00719570669491987
high,low,moderate,True,ng,prevalence,2039,0.0068589208565190355
high,low,moderate,True,ng,prevalence,2040,0.007742333340004628
high,low,none,True,ng,prevalence,2027,0.015720076652774174
high,low,none,True,ng,prevalence,2028,0.014624996080778802
high,low,none,True,ng,prevalence,2029,0.0142541106064577
high,low,none,True,ng,prevalence,2030,0.013856188848419378
high,low,none,True,ng,prevalence,2031,0.012804780439131322
high,low,none,True,ng,prevalence,2032,0.01343446589083031
high,low,none,True,ng,prevalence,2033,0.012323161822497309
high,low,none,True,ng,prevalence,2034,0.01250685614315813
high,low,none,True,ng,prevalence,2035,0.014919231271441092
high,low,none,True,ng,prevalence,2036,0.01594598850528693
high,low,none,True,ng,prevalence,2037,0.015275513223968074
high,low,none,True,ng,prevalence,2038,0.015065795173811982
high,low,none,True,ng,prevalence,2039,0.015602421806585724
high,low,none,True,ng,prevalence,2040,0.018920032180270836
high,moderate,high,True,ng,prevalence,2027,0.013404124597566838
high,moderate,high,True,ng,prevalence,2028,0.00865041728482415
high,moderate,high,True,ng,prevalence,2029,0.005848249709719157
high,moderate,high,True,ng,prevalence,2030,0.004425211295162353
high,moderate,high,True,ng,prevalence,2031,0.003327367970910765
high,moderate,high,True,ng,prevalence,2032,0.0027288079637461868
high,moderate,high,True,ng,prevalence,2033,0.0026200934046651117
high,moderate,high,True,ng,prevalence,2034,0.0025500353105391517
high,moderate,high,True,ng,prevalence,2035,0.0022696688556446175
high,moderate,high,True,ng,prevalence,2036,0.002124415373677009
high,moderate,high,True,ng,prevalence,2037,0.0017584078313498523
high,moderate,high,True,ng,prevalence,2038,0.001694103598778429
high,moderate,high,True,ng,prevalence,2039,0.0015567223098724142
high,moderate,high,True,ng,prevalence,2040,0.0019740813704195617
high,moderate,low,True,ng,prevalence,2027,0.014272033780560453
high,moderate,low,True,ng,prevalence,2028,0.010575436861598805
high,moderate,low,True,ng,prevalence,2029,0.008939628179883112
high,moderate,low,True,ng,prevalence,2030,0.007386545670783234
high,moderate,low,True,ng,prevalence,2031,0.00574335802201046
high,moderate,low,True,ng,prevalence,2032,0.005008062839665773
high,moderate,low,True,ng,prevalence,2033,0.00500087685901361
high,moderate,low,True,ng,prevalence,2034,0.005351588815395253
high,moderate,low,True,ng,prevalence,2035,0.00585627758231319
high,moderate,low,True,ng,prevalence,2036,0.00520546972827602
high,moderate,low,True,ng,prevalence,2037,0.005078283356500851
high,moderate,low,True,ng,prevalence,2038,0.00515346397397589
high,moderate,low,True,ng,prevalence,2039,0.005322642333967127
high,moderate,low,True,ng,prevalence,2040,0.006905919199938176
high,moderate,moderate,True,ng,prevalence,2027,0.013796123370109246
high,moderate,moderate,True,ng,prevalence,2028,0.009553959376023996
high,moderate,moderate,True,ng,prevalence,2029,0.007064774353678661
high,moderate,moderate,True,ng,prevalence,2030,0.005735180974838196
high,moderate,moderate,True,ng,prevalence,2031,0.0048559225344220625
high,moderate,moderate,True,ng,prevalence,2032,0.004319818605843279
high,moderate,moderate,True,ng,prevalence,2033,0.004613362948204376
high,moderate,moderate,True,ng,prevalence,2034,0.004128818326188023
high,moderate,moderate,True,ng,prevalence,2035,0.0032929641305626837
high,moderate,moderate,True,ng,prevalence,2036,0.0029028799643801726
high,moderate,moderate,True,ng,prevalence,2037,0.0030984971109359904
high,moderate,moderate,True,ng,prevalence,2038,0.00327325395919819
high,moderate,moderate,True,ng,prevalence,2039,0.0025527452882540907
high,moderate,moderate,True,ng,prevalence,2040,0.0026681178354369924
high,moderate,none,True,ng,prevalence,2027,0.014867140193265738
high,moderate,none,True,ng,prevalence,2028,0.01274981500626655
high,moderate,none,True,ng,prevalence,2029,0.012088873822678248
high,moderate,none,True,ng,prevalence,2030,0.011309220269103576
high,moderate,none,True,ng,prevalence,2031,0.010076762440889524
high,moderate,none,True,ng,prevalence,2032,0.009590510612390826
high,moderate,none,True,ng,prevalence,2033,0.009670679141663183
high,moderate,none,True,ng,prevalence,2034,0.009956443437328655
high,moderate,none,True,ng,prevalence,2035,0.009813936643424887
high,moderate,none,True,ng,prevalence,2036,0.009768712064682043
high,moderate,none,True,ng,prevalence,2037,0.008500783880082702
high,moderate,none,True,ng,prevalence,2038,0.009101736423356752
high,moderate,none,True,ng,prevalence,2039,0.009772039933516899
high,moderate,none,True,ng,prevalence,2040,0.011134463287413696
low,baseline,high,True,ng,prevalence,2027,0.015078100232766362
low,baseline,high,True,ng,prevalence,2028,0.012112529869934222
low,baseline,high,True,ng,prevalence,2029,0.01226264388094897
low,baseline,high,True,ng,prevalence,2030,0.010909801751016638
low,baseline,high,True,ng,prevalence,2031,0.010593878402883736
low,baseline,high,True,ng,prevalence,2032,0.010521932079731348
low,baseline,high,True,ng,prevalence,2033,0.01033010457843508
low,baseline,high,True,ng,prevalence,2034,0.01028465291664516
low,baseline,high,True,ng,prevalence,2035,0.01072411137114591
low,baseline,high,True,ng,prevalence,2036,0.00990815499823279
low,baseline,high,True,ng,prevalence,2037,0.009701411979301707
low,baseline,high,True,ng,prevalence,2038,0.01069814196916489
low,baseline,high,True,ng,prevalence,2039,0.010822259143664276
low,baseline,high,True,ng,prevalence,2040,0.012106471924065313
low,baseline,low,True,ng,prevalence,2027,0.015949489285738742
low,baseline,low,True,ng,prevalence,2028,0.01420640478972714
low,baseline,low,True,ng,prevalence,2029,0.014466322197116502
low,baseline,low,True,ng,prevalence,2030,0.014374717644422602
low,baseline,low,True,ng,prevalence,2031,0.013317637248858507
low,baseline,low,True,ng,prevalence,2032,0.014329197230346032
low,baseline,low,True,ng,prevalence,2033,0.01296343774095359
low,baseline,low,True,ng,prevalence,2034,0.013862570062635393
low,baseline,low,True,ng,prevalence,2035,0.01571538337643338
low,baseline,low,True,ng,prevalence,2036,0.016282403481403227
low,baseline,low,True,ng,prevalence,2037,0.01631024953095931
low,baseline,low,True,ng,prevalence,2038,0.01661452438386753
low,baseline,low,True,ng,prevalence,2039,0.017016859684706356
low,baseline,low,True,ng,prevalence,2040,0.019318556744411595
low,baseline,moderate,True,ng,prevalence,2027,0.015374128326330871
low,baseline,moderate,True,ng,prevalence,2028,0.01280574366425633
low,baseline,moderate,True,ng,prevalence,2029,0.01305837849297332
low,baseline,moderate,True,ng,prevalence,2030,0.012547525379826018
low,baseline,moderate,True,ng,prevalence,2031,0.011772030117640764
low,baseline,moderate,True,ng,prevalence,2032,0.013023613286280156
low,baseline,moderate,True,ng,prevalence,2033,0.011969900000582508
low,baseline,moderate,True,ng,prevalence,2034,0.011963763872510257
low,baseline,moderate,True,ng,prevalence,2035,0.01372892395583424
low,baseline,moderate,True,ng,prevalence,2036,0.013870082424831282
low,baseline,moderate,True,ng,prevalence,2037,0.013679413672604335
low,baseline,moderate,True,ng,prevalence,2038,0.014262252815084742
low,baseline,moderate,True,ng,prevalence,2039,0.01464848787779303
low,baseline,moderate,True,ng,prevalence,2040,0.016025882938305515
low,baseline,none,True,ng,prevalence,2027,0.01643393053134003
low,baseline,none,True,ng,prevalence,2028,0.016053843159957303
low,baseline,none,True,ng,prevalence,2029,0.01656794621767573
low,baseline,none,True,ng,prevalence,2030,0.016906228437807747
low,baseline,none,True,ng,prevalence,2031,0.016359895309166938
low,baseline,none,True,ng,prevalence,2032,0.017168040650336967
low,baseline,none,True,ng,prevalence,2033,0.01593097439335865
low,baseline,none,True,ng,prevalence,2034,0.01640798574817017
low,baseline,none,True,ng,prevalence,2035,0.018702262672122376
low,baseline,none,True,ng,prevalence,2036,0.018619999479640444
low,baseline,none,True,ng,prevalence,2037,0.018673405959197024
low,baseline,none,True,ng,prevalence,2038,0.01949319869548022
low,baseline,none,True,ng,prevalence,2039,0.019593805518012007
low,baseline,none,True,ng,prevalence,2040,0.022068828316477256
low,high,high,True,ng,prevalence,2027,0.012857751879265602
low,high,high,True,ng,prevalence,2028,0.007449770445109048
low,high,high,True,ng,prevalence,2029,0.0051393071568564125
low,high,high,True,ng,prevalence,2030,0.003192646987020413
low,high,high,True,ng,prevalence,2031,0.0029082855773321014
low,high,high,True,ng,prevalence,2032,0.002354811080436664
low,high,high,True,ng,prevalence,2033,0.001936547427007243
low,high,high,True,ng,prevalence,2034,0.001826496011309711
low,high,high,True,ng,prevalence,2035,0.0018966241551327365
low,high,high,True,ng,prevalence,2036,0.0018404315739342925
low,high,high,True,ng,prevalence,2037,0.0015879968184450218
low,high,high,True,ng,prevalence,2038,0.001669949822602682
low,high,high,True,ng,prevalence,2039,0.0015295889616659853
low,high,high,True,ng,prevalence,2040,0.0014939217946088401
low,high,low,True,ng,prevalence,2027,0.01352961677489763
low,high,low,True,ng,prevalence,2028,0.009434117787775698
low,high,low,True,ng,prevalence,2029,0.007336789060610735
low,high,low,True,ng,prevalence,2030,0.006280922367189188
low,high,low,True,ng,prevalence,2031,0.005012602907877703
low,high,low,True,ng,prevalence,2032,0.00494995085157635
low,high,low,True,ng,prevalence,2033,0.004990099090236415
low,high,low,True,ng,prevalence,2034,0.0041294965703811085
low,high,low,True,ng,prevalence,2035,0.0039061880729182744
low,high,low,True,ng,prevalence,2036,0.0036854301697646073
low,high,low,True,ng,prevalence,2037,0.003700301882518132
low,high,low,True,ng,prevalence,2038,0.003915468608132097
low,high,low,True,ng,prevalence,2039,0.0036928662433300154
low,high,low,True,ng,prevalence,2040,0.004208303271894742
low,high,moderate,True,ng,prevalence,2027,0.013137026491787756
low,high,moderate,True,ng,prevalence,2028,0.008632922771627846
low,high,moderate,True,ng,prevalence,2029,0.006115839687827107
low,high,moderate,True,ng,prevalence,2030,0.004717391277392157
low,high,moderate,True,ng,prevalence,2031,0.003818332770882627
low,high,moderate,True,ng,prevalence,2032,0.0029327358928329375
low,high,moderate,True,ng,prevalence,2033,0.002416944409360854
low,high,moderate,True,ng,prevalence,2034,0.0026336014328023558
low,high,moderate,True,ng,prevalence,2035,0.002720653863707745
low,high,moderate,True,ng,prevalence,2036,0.0028099913839967233
low,high,moderate,True,ng,prevalence,2037,0.002602389431043859
low,high,moderate,True,ng,prevalence,2038,0.00254859949029047
low,high,moderate,True,ng,prevalence,2039,0.002627999536154402
low,high,moderate,True,ng,prevalence,2040,0.002851952143956639
low,high,none,True,ng,prevalence,2027,0.014175017288002117
low,high,none,True,ng,prevalence,2028,0.011217923356048215
low,high,none,True,ng,prevalence,2029,0.009715898628951803
low,high,none,True,ng,prevalence,2030,0.008944915184491005
low,high,none,True,ng,prevalence,2031,0.008806785309860657
low,high,none,True,ng,prevalence,2032,0.008010877807128653
low,high,none,True,ng,prevalence,2033,0.007234251416196479
low,high,none,True,ng,prevalence,2034,0.006851876219272643
low,high,none,True,ng,prevalence,2035,0.007288927783393073
low,high,none,True,ng,prevalence,2036,0.006533664405900985
low,high,none,True,ng,prevalence,2037,0.005731331736973591
low,high,none,True,ng,prevalence,2038,0.0064178997571912475
low,high,none,True,ng,prevalence,2039,0.00670850832963058
low,high,none,True,ng,prevalence,2040,0.008617072912011622
low,low,high,True,ng,prevalence,2027,0.014530110511054736
low,low,high,True,ng,prevalence,2028,0.010941209357461259
low,low,high,True,ng,prevalence,2029,0.010447773102834543
low,low,high,True,ng,prevalence,2030,0.007895297383937941
low,low,high,True,ng,prevalence,2031,0.0072173383703094205
low,low,high,True,ng,prevalence,2032,0.006541578834940701
low,low,high,True,ng,prevalence,2033,0.007195509835836238
low,low,high,True,ng,prevalence,2034,0.007421446131090135
low,low,high,True,ng,prevalence,2035,0.00746107209445467
low,low,high,True,ng,prevalence,2036,0.00731098132512509
low,low,high,True,ng,prevalence,2037,0.007607276411623146
low,low,high,True,ng,prevalence,2038,0.008347460433561864
low,low,high,True,ng,prevalence,2039,0.00890950935856002
low,low,high,True,ng,prevalence,2040,0.01008524602335719
low,low,low,True,ng,prevalence,2027,0.015411461791881636
low,low,low,True,ng,prevalence,2028,0.012918072853566692
low,low,low,True,ng,prevalence,2029,0.012775006625258536
low,low,low,True,ng,prevalence,2030,0.012747420822196301
low,low,low,True,ng,prevalence,2031,0.011884665132326538
low,low,low,True,ng,prevalence,2032,0.013338709318953122
low,low,low,True,ng,prevalence,2033,0.012055296417019665
low,low,low,True,ng,prevalence,2034,0.012397997326338634
low,low,low,True,ng,prevalence,2035,0.013487668151067481
low,low,low,True,ng,prevalence,2036,0.014393738946258786
low,low,low,True,ng,prevalence,2037,0.01357124145564544
low,low,low,True,ng,prevalence,2038,0.014399148973619902
low,low,low,True,ng,prevalence,2039,0.0150136647982928
low,low,low,True,ng,prevalence,2040,0.017163734711832253
low,low,moderate,True,ng,prevalence,2027,0.01487458354392444
low,low,moderate,True,ng,prevalence,2028,0.011451843255988744
low,low,moderate,True,ng,prevalence,2029,0.011484312010009552
low,low,moderate,True,ng,prevalence,2030,0.01061173490286103
low,low,moderate,True,ng,prevalence,2031,0.009533994130551704
low,low,moderate,True,ng,prevalence,2032,0.009250929970367708
low,low,moderate,True,ng,prevalence,2033,0.009357698818815718
low,low,moderate,True,ng,prevalence,2034,0.009946101378168745
low,low,moderate,True,ng,prevalence,2035,0.009683045952935964
low,low,moderate,True,ng,prevalence,2036,0.008886399210196686
low,low,moderate,True,ng,prevalence,2037,0.008882580631905924
low,low,moderate,True,ng,prevalence,2038,0.010906923932624924
low,low,moderate,True,ng,prevalence,2039,0.01194371034811618
low,low,moderate,True,ng,prevalence,2040,0.01469876823036954
low,low,none,True,ng,prevalence,2027,0.016008823153842777
low,low,none,True,ng,prevalence,2028,0.015323744215029666
low,low,none,True,ng,prevalence,2029,0.015400088310730337
low,low,none,True,ng,prevalence,2030,0.01555527437230846
low,low,none,True,ng,prevalence,2031,0.014428080464109627
low,low,none,True,ng,prevalence,2032,0.0152705316496484
low,low,none,True,ng,prevalence,2033,0.014360020274447721
low,low,none,True,ng,prevalence,2034,0.014426373249260212
low,low,none,True,ng,prevalence,2035,0.016149664484256893
low,low,none,True,ng,prevalence,2036,0.016701887724044868
low,low,none,True,ng,prevalence,2037,0.01742637092187017
low,low,none,True,ng,prevalence,2038,0.017690692787009656
low,low,none,True,ng,prevalence,2039,0.01779541045961256
low,low,none,True,ng,prevalence,2040,0.020612968404247027
low,moderate,high,True,ng,prevalence,2027,0.013746608738315397
low,moderate,high,True,ng,prevalence,2028,0.009367303777640999
low,moderate,high,True,ng,prevalence,2029,0.008027290658840405
low,moderate,high,True,ng,prevalence,2030,0.005934378180202121
low,moderate,high,True,ng,prevalence,2031,0.004946890285728319
low,moderate,high,True,ng,prevalence,2032,0.003676362986344437
low,moderate,high,True,ng,prevalence,2033,0.0031881183595113076
low,moderate,high,True,ng,prevalence,2034,0.0036645165055507268
low,moderate,high,True,ng,prevalence,2035,0.003811653236031134
low,moderate,high,True,ng,prevalence,2036,0.004400203385713281
low,moderate,high,True,ng,prevalence,2037,0.003799425019921343
low,moderate,high,True,ng,prevalence,2038,0.003733646318707034
low,moderate,high,True,ng,prevalence,2039,0.0034969625631299413
low,moderate,high,True,ng,prevalence,2040,0.003743718794263026
low,moderate,low,True,ng,prevalence,2027,0.01459079516918994
low,moderate,low,True,ng,prevalence,2028,0.011135371998021264
low,moderate,low,True,ng,prevalence,2029,0.010488039676465926
low,moderate,low,True,ng,prevalence,2030,0.010166625733858459
low,moderate,low,True,ng,prevalence,2031,0.008852529497805451
low,moderate,low,True,ng,prevalence,2032,0.008322863884529482
low,moderate,low,True,ng,prevalence,2033,0.008738107691831786
low,moderate,low,True,ng,prevalence,2034,0.008868874581217993
low,moderate,low,True,ng,prevalence,2035,0.009221752916202202
low,moderate,low,True,ng,prevalence,2036,0.00904768372337974
low,moderate,low,True,ng,prevalence,2037,0.008660879817205092
low,moderate,low,True,ng,prevalence,2038,0.008979934349385824
low,moderate,low,True,ng,prevalence,2039,0.008271467978077218
low,moderate,low,True,ng,prevalence,2040,0.009807465255001086
low,moderate,moderate,True,ng,prevalence,2027,0.014090062225855843
low,moderate,moderate,True,ng,prevalence,2028,0.010150241141370784
low,moderate,moderate,True,ng,prevalence,2029,0.009371170403533883
low,moderate,moderate,True,ng,prevalence,2030,0.008136129698287179
low,moderate,moderate,True,ng,prevalence,2031,0.006834095493332362
low,moderate,moderate,True,ng,prevalence,2032,0.005784074978468877
low,moderate,moderate,True,ng,prevalence,2033,0.005935127592431246
low,moderate,moderate,True,ng,prevalence,2034,0.006200746126631285
low,moderate,moderate,True,ng,prevalence,2035,0.006363856654758503
low,moderate,moderate,True,ng,prevalence,2036,0.00637150229143108
low,moderate,moderate,True,ng,prevalence,2037,0.006472238992665675
low,moderate,moderate,True,ng,prevalence,2038,0.007215759845199889
low,moderate,moderate,True,ng,prevalence,2039,0.007091779830608063
low,moderate,moderate,True,ng,prevalence,2040,0.008453290536527769
low,moderate,none,True,ng,prevalence,2027,0.015158786061084988
low,moderate,none,True,ng,prevalence,2028,0.013341510038920076
low,moderate,none,True,ng,prevalence,2029,0.0128601058552839
low,moderate,none,True,ng,prevalence,2030,0.012678566013017364
low,moderate,none,True,ng,prevalence,2031,0.011930381735275521
low,moderate,none,True,ng,prevalence,2032,0.012037471876900964
low,moderate,none,True,ng,prevalence,2033,0.010895593004807197
low,moderate,none,True,ng,prevalence,2034,0.01109826790942807
low,moderate,none,True,ng,prevalence,2035,0.01307074023508048
low,moderate,none,True,ng,prevalence,2036,0.01342496247402051
low,moderate,none,True,ng,prevalence,2037,0.013365469327943974
low,moderate,none,True,ng,prevalence,2038,0.01311554869048891
low,moderate,none,True,ng,prevalence,2039,0.012971046405607218
low,moderate,none,True,ng,prevalence,2040,0.016236976212158954
moderate,baseline,high,True,ng,prevalence,2027,0.01487711673481092
moderate,baseline,high,True,ng,prevalence,2028,0.011619699909878987
moderate,baseline,high,True,ng,prevalence,2029,0.011207063559448675
moderate,baseline,high,True,ng,prevalence,2030,0.009478569705481561
moderate,baseline,high,True,ng,prevalence,2031,0.008666594132758994
moderate,baseline,high,True,ng,prevalence,2032,0.008997599821465033
moderate,baseline,high,True,ng,prevalence,2033,0.0084183835281311
moderate,baseline,high,True,ng,prevalence,2034,0.008889999241097766
moderate,baseline,high,True,ng,prevalence,2035,0.009164413864886927
moderate,baseline,high,True,ng,prevalence,2036,0.00881432160492373
moderate,baseline,high,True,ng,prevalence,2037,0.008601231264423763
moderate,baseline,high,True,ng,prevalence,2038,0.00899954063331759
moderate,baseline,high,True,ng,prevalence,2039,0.008462397637146526
moderate,baseline,high,True,ng,prevalence,2040,0.009296819357483834
moderate,baseline,low,True,ng,prevalence,2027,0.015750088540988937
moderate,baseline,low,True,ng,prevalence,2028,0.013673227767811774
moderate,baseline,low,True,ng,prevalence,2029,0.013891582009488253
moderate,baseline,low,True,ng,prevalence,2030,0.013559291094179868
moderate,baseline,low,True,ng,prevalence,2031,0.012528048469076536
moderate,baseline,low,True,ng,prevalence,2032,0.013573059958016026
moderate,baseline,low,True,ng,prevalence,2033,0.012665757666146898
moderate,baseline,low,True,ng,prevalence,2034,0.012843982928670648
moderate,baseline,low,True,ng,prevalence,2035,0.014939553194927967
moderate,baseline,low,True,ng,prevalence,2036,0.015363210510851651
moderate,baseline,low,True,ng,prevalence,2037,0.015292234394586355
moderate,baseline,low,True,ng,prevalence,2038,0.015700679310082417
moderate,baseline,low,True,ng,prevalence,2039,0.01586309890412758
moderate,baseline,low,True,ng,prevalence,2040,0.018167766895829367
moderate,baseline,moderate,True,ng,prevalence,2027,0.015174413907727644
moderate,baseline,moderate,True,ng,prevalence,2028,0.012338942532765924
moderate,baseline,moderate,True,ng,prevalence,2029,0.012385834533770434
moderate,baseline,moderate,True,ng,prevalence,2030,0.011885736329470974
moderate,baseline,moderate,True,ng,prevalence,2031,0.01072463899922203
moderate,baseline,moderate,True,ng,prevalence,2032,0.011897420651221192
moderate,baseline,moderate,True,ng,prevalence,2033,0.010718979197519348
moderate,baseline,moderate,True,ng,prevalence,2034,0.010592452300685014
moderate,baseline,moderate,True,ng,prevalence,2035,0.01246354787773837
moderate,baseline,moderate,True,ng,prevalence,2036,0.01223364623187937
moderate,baseline,moderate,True,ng,prevalence,2037,0.011307773562354295
moderate,baseline,moderate,True,ng,prevalence,2038,0.012164648737225217
moderate,baseline,moderate,True,ng,prevalence,2039,0.012455300627695802
moderate,baseline,moderate,True,ng,prevalence,2040,0.013815360007226713
moderate,baseline,none,True,ng,prevalence,2027,0.016259445352065915
moderate,baseline,none,True,ng,prevalence,2028,0.015599621087012483
moderate,baseline,none,True,ng,prevalence,2029,0.016198946936221603
moderate,baseline,none,True,ng,prevalence,2030,0.016190387542633054
moderate,baseline,none,True,ng,prevalence,2031,0.015301822831505834
moderate,baseline,none,True,ng,prevalence,2032,0.01611869920657972
moderate,baseline,none,True,ng,prevalence,2033,0.014622242669638384
moderate,baseline,none,True,ng,prevalence,2034,0.015215100586742586
moderate,baseline,none,True,ng,prevalence,2035,0.017723009238312368
moderate,baseline,none,True,ng,prevalence,2036,0.01807907489695351
moderate,baseline,none,True,ng,prevalence,2037,0.01838982306790025
moderate,baseline,none,True,ng,prevalence,2038,0.018765193564894173
moderate,baseline,none,True,ng,prevalence,2039,0.01884787879004135
moderate,baseline,none,True,ng,prevalence,2040,0.02169472877330429
moderate,high,high,True,ng,prevalence,2027,0.012625091810492869
moderate,high,high,True,ng,prevalence,2028,0.006640367676780438
moderate,high,high,True,ng,prevalence,2029,0.00404889622204481
moderate,high,high,True,ng,prevalence,2030,0.002412076857806702
moderate,high,high,True,ng,prevalence,2031,0.002198031223631657
moderate,high,high,True,ng,prevalence,2032,0.0020853021715522856
moderate,high,high,True,ng,prevalence,2033,0.0016303554495213416
moderate,high,high,True,ng,prevalence,2034,0.0016264852575841294
moderate,high,high,True,ng,prevalence,2035,0.0010915366680900782
moderate,high,high,True,ng,prevalence,2036,0.000841127536140137
moderate,high,high,True,ng,prevalence,2037,0.0006565845959716568
moderate,high,high,True,ng,prevalence,2038,0.0003697596671615081
moderate,high,high,True,ng,prevalence,2039,0.0002561969458445412
moderate,high,high,True,ng,prevalence,2040,0.00017573727277719807
moderate,high,low,True,ng,prevalence,2027,0.013289859397112622
moderate,high,low,True,ng,prevalence,2028,0.009002567507338197
moderate,high,low,True,ng,prevalence,2029,0.006419702180986515
moderate,high,low,True,ng,prevalence,2030,0.005110390107064538
moderate,high,low,True,ng,prevalence,2031,0.0036619405033729785
moderate,high,low,True,ng,prevalence,2032,0.0030135742953509618
moderate,high,low,True,ng,prevalence,2033,0.0028846817524602183
moderate,high,low,True,ng,prevalence,2034,0.002986258384149361
moderate,high,low,True,ng,prevalence,2035,0.002500705472727186
moderate,high,low,True,ng,prevalence,2036,0.002553735387752776
moderate,high,low,True,ng,prevalence,2037,0.002719765241853865
moderate,high,low,True,ng,prevalence,2038,0.0024127657623861723
moderate,high,low,True,ng,prevalence,2039,0.002185686255643072
moderate,high,low,True,ng,prevalence,2040,0.002190791492470773
moderate,high,moderate,True,ng,prevalence,2027,0.0129245405320211
moderate,high,moderate,True,ng,prevalence,2028,0.00789793570121477
moderate,high,moderate,True,ng,prevalence,2029,0.004538180334233079
moderate,high,moderate,True,ng,prevalence,2030,0.0033651072588070834
moderate,high,moderate,True,ng,prevalence,2031,0.003118957761044461
moderate,high,moderate,True,ng,prevalence,2032,0.0026536268537040537
moderate,high,moderate,True,ng,prevalence,2033,0.002692636764079679
moderate,high,moderate,True,ng,prevalence,2034,0.0027777612872321817
moderate,high,moderate,True,ng,prevalence,2035,0.0026446794181639284
moderate,high,moderate,True,ng,prevalence,2036,0.002448825063433978
moderate,high,moderate,True,ng,prevalence,2037,0.0022525958959557545
moderate,high,moderate,True,ng,prevalence,2038,0.0023454388147207037
moderate,high,moderate,True,ng,prevalence,2039,0.0020525856903199887
moderate,high,moderate,True,ng,prevalence,2040,0.0023154195716693507
moderate,high,none,True,ng,prevalence,2027,0.013956696653337725
moderate,high,none,True,ng,prevalence,2028,0.010831315842579427
moderate,high,none,True,ng,prevalence,2029,0.00846974719263791
moderate,high,none,True,ng,prevalence,2030,0.007244976077772611
moderate,high,none,True,ng,prevalence,2031,0.006915882355426538
moderate,high,none,True,ng,prevalence,2032,0.006705116774917736
moderate,high,none,True,ng,prevalence,2033,0.006226891594327493
moderate,high,none,True,ng,prevalence,2034,0.006165844510512725
moderate,high,none,True,ng,prevalence,2035,0.006443264163233528
moderate,high,none,True,ng,prevalence,2036,0.006487397697359616
moderate,high,none,True,ng,prevalence,2037,0.005706326694328318
moderate,high,none,True,ng,prevalence,2038,0.00614831150348157
moderate,high,none,True,ng,prevalence,2039,0.006065150827725458
moderate,high,none,True,ng,prevalence,2040,0.007839707728249136
moderate,low,high,True,ng,prevalence,2027,0.01434503347350367
moderate,low,high,True,ng,prevalence,2028,0.010670370546996492
moderate,low,high,True,ng,prevalence,2029,0.009236721437610004
moderate,low,high,True,ng,prevalence,2030,0.006861544454070265
moderate,low,high,True,ng,prevalence,2031,0.006193417725352919
moderate,low,high,True,ng,prevalence,2032,0.0058314292851228714
moderate,low,high,True,ng,prevalence,2033,0.005323387307435922
moderate,low,high,True,ng,prevalence,2034,0.00533311778412748
moderate,low,high,True,ng,prevalence,2035,0.005477981099308247
moderate,low,high,True,ng,prevalence,2036,0.004913929195509455
moderate,low,high,True,ng,prevalence,2037,0.004488858933130243
moderate,low,high,True,ng,prevalence,2038,0.004956873766807428
moderate,low,high,True,ng,prevalence,2039,0.005707864035029427
moderate,low,high,True,ng,prevalence,2040,0.006642747574114223
moderate,low,low,True,ng,prevalence,2027,0.01520507668413732
moderate,low,low,True,ng,prevalence,2028,0.012565209195912887
moderate,low,low,True,ng,prevalence,2029,0.012386656237510858
moderate,low,low,True,ng,prevalence,2030,0.011966823729064529
moderate,low,low,True,ng,prevalence,2031,0.011112737951536496
moderate,low,low,True,ng,prevalence,2032,0.010819739021349098
moderate,low,low,True,ng,prevalence,2033,0.010987373992754838
moderate,low,low,True,ng,prevalence,2034,0.011371073362980322
moderate,low,low,True,ng,prevalence,2035,0.012744160994550077
moderate,low,low,True,ng,prevalence,2036,0.012632886081964551
moderate,low,low,True,ng,prevalence,2037,0.011635939270713574
moderate,low,low,True,ng,prevalence,2038,0.011795870182018503
moderate,low,low,True,ng,prevalence,2039,0.012000277650214714
moderate,low,low,True,ng,prevalence,2040,0.014637919062974689
moderate,low,moderate,True,ng,prevalence,2027,0.014693068396248865
moderate,low,moderate,True,ng,prevalence,2028,0.011253330913220245
moderate,low,moderate,True,ng,prevalence,2029,0.01088968819610923
moderate,low,moderate,True,ng,prevalence,2030,0.00953296331912858
moderate,low,moderate,True,ng,prevalence,2031,0.008616180554993084
moderate,low,moderate,True,ng,prevalence,2032,0.007732579350359715
moderate,low,moderate,True,ng,prevalence,2033,0.008056331315488528
moderate,low,moderate,True,ng,prevalence,2034,0.009290142458334113
moderate,low,moderate,True,ng,prevalence,2035,0.010488630203472446
moderate,low,moderate,True,ng,prevalence,2036,0.008956235330409543
moderate,low,moderate,True,ng,prevalence,2037,0.007754991851237805
moderate,low,moderate,True,ng,prevalence,2038,0.009284348943196664
moderate,low,moderate,True,ng,prevalence,2039,0.010009260257694016
moderate,low,moderate,True,ng,prevalence,2040,0.012067020535220113
moderate,low,none,True,ng,prevalence,2027,0.0158091794926264
moderate,low,none,True,ng,prevalence,2028,0.014907015850227467
moderate,low,none,True,ng,prevalence,2029,0.01487526432930604
moderate,low,none,True,ng,prevalence,2030,0.014838350461426217
moderate,low,none,True,ng,prevalence,2031,0.013588863105822154
moderate,low,none,True,ng,prevalence,2032,0.014299803420222492
moderate,low,none,True,ng,prevalence,2033,0.013818999825575754
moderate,low,none,True,ng,prevalence,2034,0.01379369700946861
moderate,low,none,True,ng,prevalence,2035,0.01619504712989432
moderate,low,none,True,ng,prevalence,2036,0.01713565592266168
moderate,low,none,True,ng,prevalence,2037,0.01668347647208102
moderate,low,none,True,ng,prevalence,2038,0.01713537794981026
moderate,low,none,True,ng,prevalence,2039,0.017245374416712506
moderate,low,none,True,ng,prevalence,2040,0.02011739527616726
moderate,moderate,high,True,ng,prevalence,2027,0.01353501896116791
moderate,moderate,high,True,ng,prevalence,2028,0.00912867310632404
moderate,moderate,high,True,ng,prevalence,2029,0.007448703610148942
moderate,moderate,high,True,ng,prevalence,2030,0.005665660442937582
moderate,moderate,high,True,ng,prevalence,2031,0.0049307699547017515
moderate,moderate,high,True,ng,prevalence,2032,0.00412196767966483
moderate,moderate,high,True,ng,prevalence,2033,0.0033761235529241734
moderate,moderate,high,True,ng,prevalence,2034,0.0026825461563998827
moderate,moderate,high,True,ng,prevalence,2035,0.0025432946920027617
moderate,moderate,high,True,ng,prevalence,2036,0.002222836208236575
moderate,moderate,high,True,ng,prevalence,2037,0.0023170458008716283
moderate,moderate,high,True,ng,prevalence,2038,0.002303625589873552
moderate,moderate,high,True,ng,prevalence,2039,0.0023853423528114935
moderate,moderate,high,True,ng,prevalence,2040,0.0026835316700938605
moderate,moderate,low,True,ng,prevalence,2027,0.014372316445429828
moderate,moderate,low,True,ng,prevalence,2028,0.01072496762446499
moderate,moderate,low,True,ng,prevalence,2029,0.010062498436409774
moderate,moderate,low,True,ng,prevalence,2030,0.008664616135521863
moderate,moderate,low,True,ng,prevalence,2031,0.007136823181824873
moderate,moderate,low,True,ng,prevalence,2032,0.007211633196204946
moderate,moderate,low,True,ng,prevalence,2033,0.007434970423829362
moderate,moderate,low,True,ng,prevalence,2034,0.00786035210972499
moderate,moderate,low,True,ng,prevalence,2035,0.007919312076288331
moderate,moderate,low,True,ng,prevalence,2036,0.007212992656305895
moderate,moderate,low,True,ng,prevalence,2037,0.006643751461178462
moderate,moderate,low,True,ng,prevalence,2038,0.007201148089960821
moderate,moderate,low,True,ng,prevalence,2039,0.007281979551496435
moderate,moderate,low,True,ng,prevalence,2040,0.009280034318343297
moderate,moderate,moderate,True,ng,prevalence,2027,0.01390332945653382
moderate,moderate,moderate,True,ng,prevalence,2028,0.009689120231860731
moderate,moderate,moderate,True,ng,prevalence,2029,0.00862284991572459
moderate,moderate,moderate,True,ng,prevalence,2030,0.00694320369909959
moderate,moderate,moderate,True,ng,prevalence,2031,0.006056523996884321
moderate,moderate,moderate,True,ng,prevalence,2032,0.00491233306705222
moderate,moderate,moderate,True,ng,prevalence,2033,0.0049511502603090465
moderate,moderate,moderate,True,ng,prevalence,2034,0.005233772177990136
moderate,moderate,moderate,True,ng,prevalence,2035,0.005160086095527224
moderate,moderate,moderate,True,ng,prevalence,2036,0.005304129354254119
moderate,moderate,moderate,True,ng,prevalence,2037,0.005392885279059289
moderate,moderate,moderate,True,ng,prevalence,2038,0.005871830649100952
moderate,moderate,moderate,True,ng,prevalence,2039,0.005908714694139846
moderate,moderate,moderate,True,ng,prevalence,2040,0.007078169833237493
moderate,moderate,none,True,ng,prevalence,2027,0.014950389751027826
moderate,moderate,none,True,ng,prevalence,2028,0.012903460179338012
moderate,moderate,none,True,ng,prevalence,2029,0.012583858989520335
moderate,moderate,none,True,ng,prevalence,2030,0.012078493954547328
moderate,moderate,none,True,ng,prevalence,2031,0.010871942493048556
moderate,moderate,none,True,ng,prevalence,2032,0.011087348099522356
moderate,moderate,none,True,ng,prevalence,2033,0.009905401994850896
moderate,moderate,none,True,ng,prevalence,2034,0.009825242724505408
moderate,moderate,none,True,ng,prevalence,2035,0.012365736711498754
moderate,moderate,none,True,ng,prevalence,2036,0.011736253791774866
moderate,moderate,none,True,ng,prevalence,2037,0.010968849680987727
moderate,moderate,none,True,ng,prevalence,2038,0.011931885774909171
moderate,moderate,none,True,ng,prevalence,2039,0.012941078187252575
moderate,moderate,none,True,ng,prevalence,2040,0.015067515205008559
baseline,baseline,high,True,ng,new_inf,2027,1123518.0
baseline,baseline,high,True,ng,new_inf,2028,1066794.0
baseline,baseline,high,True,ng,new_inf,2029,1143180.0
baseline,baseline,high,True,ng,new_inf,2030,1123518.0
baseline,baseline,high,True,ng,new_inf,2031,1105770.0
baseline,baseline,high,True,ng,new_inf,2032,1160232.0
baseline,baseline,high,True,ng,new_inf,2033,1092024.0
baseline,baseline,high,True,ng,new_inf,2034,1297170.0
baseline,baseline,high,True,ng,new_inf,2035,1366248.0
baseline,baseline,high,True,ng,new_inf,2036,1367118.0
baseline,baseline,high,True,ng,new_inf,2037,1400526.0
baseline,baseline,high,True,ng,new_inf,2038,1481958.0
baseline,baseline,high,True,ng,new_inf,2039,1518672.0
baseline,baseline,high,True,ng,new_inf,2040,128412.0
baseline,baseline,low,True,ng,new_inf,2027,1213998.0
baseline,baseline,low,True,ng,new_inf,2028,1231050.0
baseline,baseline,low,True,ng,new_inf,2029,1322574.0
baseline,baseline,low,True,ng,new_inf,2030,1372338.0
baseline,baseline,low,True,ng,new_inf,2031,1338756.0
baseline,baseline,low,True,ng,new_inf,2032,1410618.0
baseline,baseline,low,True,ng,new_inf,2033,1372164.0
baseline,baseline,low,True,ng,new_inf,2034,1612806.0
baseline,baseline,low,True,ng,new_inf,2035,1614372.0
baseline,baseline,low,True,ng,new_inf,2036,1637340.0
baseline,baseline,low,True,ng,new_inf,2037,1665006.0
baseline,baseline,low,True,ng,new_inf,2038,1758618.0
baseline,baseline,low,True,ng,new_inf,2039,1821084.0
baseline,baseline,low,True,ng,new_inf,2040,157992.0
baseline,baseline,moderate,True,ng,new_inf,2027,1164060.0
baseline,baseline,moderate,True,ng,new_inf,2028,1125432.0
baseline,baseline,moderate,True,ng,new_inf,2029,1178328.0
baseline,baseline,moderate,True,ng,new_inf,2030,1237140.0
baseline,baseline,moderate,True,ng,new_inf,2031,1224612.0
baseline,baseline,moderate,True,ng,new_inf,2032,1303086.0
baseline,baseline,moderate,True,ng,new_inf,2033,1208778.0
baseline,baseline,moderate,True,ng,new_inf,2034,1423494.0
baseline,baseline,moderate,True,ng,new_inf,2035,1493964.0
baseline,baseline,moderate,True,ng,new_inf,2036,1481610.0
baseline,baseline,moderate,True,ng,new_inf,2037,1562346.0
baseline,baseline,moderate,True,ng,new_inf,2038,1650390.0
baseline,baseline,moderate,True,ng,new_inf,2039,1685364.0
baseline,baseline,moderate,True,ng,new_inf,2040,141114.0
baseline,baseline,none,False,ng,new_inf,2027,960132.0
baseline,baseline,none,False,ng,new_inf,2028,921678.0
baseline,baseline,none,False,ng,new_inf,2029,905148.0
baseline,baseline,none,False,ng,new_inf,2030,925680.0
baseline,baseline,none,False,ng,new_inf,2031,965526.0
baseline,baseline,none,False,ng,new_inf,2032,1026426.0
baseline,baseline,none,False,ng,new_inf,2033,1022772.0
baseline,baseline,none,False,ng,new_inf,2034,1120734.0
baseline,baseline,none,False,ng,new_inf,2035,1150314.0
baseline,baseline,none,False,ng,new_inf,2036,1096374.0
baseline,baseline,none,False,ng,new_inf,2037,1131174.0
baseline,baseline,none,False,ng,new_inf,2038,1238184.0
baseline,baseline,none,False,ng,new_inf,2039,1322922.0
baseline,baseline,none,False,ng,new_inf,2040,139548.0
baseline,baseline,none,True,ng,new_inf,2027,1295430.0
baseline,baseline,none,True,ng,new_inf,2028,1388346.0
baseline,baseline,none,True,ng,new_inf,2029,1512930.0
baseline,baseline,none,True,ng,new_inf,2030,1600626.0
baseline,baseline,none,True,ng,new_inf,2031,1545294.0
baseline,baseline,none,True,ng,new_inf,2032,1641690.0
baseline,baseline,none,True,ng,new_inf,2033,1598016.0
baseline,baseline,none,True,ng,new_inf,2034,1741392.0
baseline,baseline,none,True,ng,new_inf,2035,1886334.0
baseline,baseline,none,True,ng,new_inf,2036,1867542.0
baseline,baseline,none,True,ng,new_inf,2037,1873110.0
baseline,baseline,none,True,ng,new_inf,2038,2004480.0
baseline,baseline,none,True,ng,new_inf,2039,2093220.0
baseline,baseline,none,True,ng,new_inf,2040,171738.0
baseline,high,high,True,ng,new_inf,2027,1007460.0
baseline,high,high,True,ng,new_inf,2028,781086.0
baseline,high,high,True,ng,new_inf,2029,672858.0
baseline,high,high,True,ng,new_inf,2030,673902.0
baseline,high,high,True,ng,new_inf,2031,741240.0
baseline,high,high,True,ng,new_inf,2032,670074.0
baseline,high,high,True,ng,new_inf,2033,685386.0
baseline,high,high,True,ng,new_inf,2034,728364.0
baseline,high,high,True,ng,new_inf,2035,718446.0
baseline,high,high,True,ng,new_inf,2036,689388.0
baseline,high,high,True,ng,new_inf,2037,641538.0
baseline,high,high,True,ng,new_inf,2038,656850.0
baseline,high,high,True,ng,new_inf,2039,646410.0
baseline,high,high,True,ng,new_inf,2040,54636.0
baseline,high,low,True,ng,new_inf,2027,1125780.0
baseline,high,low,True,ng,new_inf,2028,960828.0
baseline,high,low,True,ng,new_inf,2029,924114.0
baseline,high,low,True,ng,new_inf,2030,927246.0
baseline,high,low,True,ng,new_inf,2031,928116.0
baseline,high,low,True,ng,new_inf,2032,899232.0
baseline,high,low,True,ng,new_inf,2033,928986.0
baseline,high,low,True,ng,new_inf,2034,1102116.0
baseline,high,low,True,ng,new_inf,2035,1085934.0
baseline,high,low,True,ng,new_inf,2036,1117776.0
baseline,high,low,True,ng,new_inf,2037,1066272.0
baseline,high,low,True,ng,new_inf,2038,989712.0
baseline,high,low,True,ng,new_inf,2039,1078626.0
baseline,high,low,True,ng,new_inf,2040,98832.0
baseline,high,moderate,True,ng,new_inf,2027,1072014.0
baseline,high,moderate,True,ng,new_inf,2028,873132.0
baseline,high,moderate,True,ng,new_inf,2029,796398.0
baseline,high,moderate,True,ng,new_inf,2030,752898.0
baseline,high,moderate,True,ng,new_inf,2031,714792.0
baseline,high,moderate,True,ng,new_inf,2032,704004.0
baseline,high,moderate,True,ng,new_inf,2033,683298.0
baseline,high,moderate,True,ng,new_inf,2034,719838.0
baseline,high,moderate,True,ng,new_inf,2035,761598.0
baseline,high,moderate,True,ng,new_inf,2036,791874.0
baseline,high,moderate,True,ng,new_inf,2037,742806.0
baseline,high,moderate,True,ng,new_inf,2038,794136.0
baseline,high,moderate,True,ng,new_inf,2039,847032.0
baseline,high,moderate,True,ng,new_inf,2040,69426.0
baseline,high,none,True,ng,new_inf,2027,1218174.0
baseline,high,none,True,ng,new_inf,2028,1186158.0
baseline,high,none,True,ng,new_inf,2029,1154316.0
baseline,high,none,True,ng,new_inf,2030,1248276.0
baseline,high,none,True,ng,new_inf,2031,1179546.0
baseline,high,none,True,ng,new_inf,2032,1269678.0
baseline,high,none,True,ng,new_inf,2033,1168236.0
baseline,high,none,True,ng,new_inf,2034,1290732.0
baseline,high,none,True,ng,new_inf,2035,1495182.0
baseline,high,none,True,ng,new_inf,2036,1511364.0
baseline,high,none,True,ng,new_inf,2037,1469256.0
baseline,high,none,True,ng,new_inf,2038,1485090.0
baseline,high,none,True,ng,new_inf,2039,1491876.0
baseline,high,none,True,ng,new_inf,2040,129456.0
baseline,low,high,True,ng,new_inf,2027,1102290.0
baseline,low,high,True,ng,new_inf,2028,986232.0
baseline,low,high,True,ng,new_inf,2029,1055484.0
baseline,low,high,True,ng,new_inf,2030,1053396.0
baseline,low,high,True,ng,new_inf,2031,1027296.0
baseline,low,high,True,ng,new_inf,2032,1103856.0
baseline,low,high,True,ng,new_inf,2033,1016160.0
baseline,low,high,True,ng,new_inf,2034,1179894.0
baseline,low,high,True,ng,new_inf,2035,1286208.0
baseline,low,high,True,ng,new_inf,2036,1263588.0
baseline,low,high,True,ng,new_inf,2037,1177980.0
baseline,low,high,True,ng,new_inf,2038,1245666.0
baseline,low,high,True,ng,new_inf,2039,1310568.0
baseline,low,high,True,ng,new_inf,2040,106662.0
baseline,low,low,True,ng,new_inf,2027,1207560.0
baseline,low,low,True,ng,new_inf,2028,1164060.0
baseline,low,low,True,ng,new_inf,2029,1217826.0
baseline,low,low,True,ng,new_inf,2030,1283076.0
baseline,low,low,True,ng,new_inf,2031,1286556.0
baseline,low,low,True,ng,new_inf,2032,1355634.0
baseline,low,low,True,ng,new_inf,2033,1302216.0
baseline,low,low,True,ng,new_inf,2034,1508754.0
baseline,low,low,True,ng,new_inf,2035,1560606.0
baseline,low,low,True,ng,new_inf,2036,1535550.0
baseline,low,low,True,ng,new_inf,2037,1625160.0
baseline,low,low,True,ng,new_inf,2038,1712682.0
baseline,low,low,True,ng,new_inf,2039,1771668.0
baseline,low,low,True,ng,new_inf,2040,150162.0
baseline,low,moderate,True,ng,new_inf,2027,1152576.0
baseline,low,moderate,True,ng,new_inf,2028,1062792.0
baseline,low,moderate,True,ng,new_inf,2029,1107510.0
baseline,low,moderate,True,ng,new_inf,2030,1135524.0
baseline,low,moderate,True,ng,new_inf,2031,1160232.0
baseline,low,moderate,True,ng,new_inf,2032,1255932.0
baseline,low,moderate,True,ng,new_inf,2033,1106640.0
baseline,low,moderate,True,ng,new_inf,2034,1342584.0
baseline,low,moderate,True,ng,new_inf,2035,1428888.0
baseline,low,moderate,True,ng,new_inf,2036,1387302.0
baseline,low,moderate,True,ng,new_inf,2037,1479174.0
baseline,low,moderate,True,ng,new_inf,2038,1565826.0
baseline,low,moderate,True,ng,new_inf,2039,1592796.0
baseline,low,moderate,True,ng,new_inf,2040,139548.0
baseline,low,none,True,ng,new_inf,2027,1290732.0
baseline,low,none,True,ng,new_inf,2028,1339800.0
baseline,low,none,True,ng,new_inf,2029,1437240.0
baseline,low,none,True,ng,new_inf,2030,1533810.0
baseline,low,none,True,ng,new_inf,2031,1437762.0
baseline,low,none,True,ng,new_inf,2032,1504578.0
baseline,low,none,True,ng,new_inf,2033,1503012.0
baseline,low,none,True,ng,new_inf,2034,1695456.0
baseline,low,none,True,ng,new_inf,2035,1785588.0
baseline,low,none,True,ng,new_inf,2036,1759140.0
baseline,low,none,True,ng,new_inf,2037,1809078.0
baseline,low,none,True,ng,new_inf,2038,1927224.0
baseline,low,none,True,ng,new_inf,2039,2017704.0
baseline,low,none,True,ng,new_inf,2040,171042.0
baseline,moderate,high,True,ng,new_inf,2027,1059834.0
baseline,moderate,high,True,ng,new_inf,2028,897318.0
baseline,moderate,high,True,ng,new_inf,2029,857124.0
baseline,moderate,high,True,ng,new_inf,2030,835026.0
baseline,moderate,high,True,ng,new_inf,2031,879744.0
baseline,moderate,high,True,ng,new_inf,2032,905496.0
baseline,moderate,high,True,ng,new_inf,2033,876612.0
baseline,moderate,high,True,ng,new_inf,2034,992148.0
baseline,moderate,high,True,ng,new_inf,2035,976140.0
baseline,moderate,high,True,ng,new_inf,2036,983100.0
baseline,moderate,high,True,ng,new_inf,2037,945168.0
baseline,moderate,high,True,ng,new_inf,2038,1026252.0
baseline,moderate,high,True,ng,new_inf,2039,1035648.0
baseline,moderate,high,True,ng,new_inf,2040,88740.0
baseline,moderate,low,True,ng,new_inf,2027,1166148.0
baseline,moderate,low,True,ng,new_inf,2028,1079148.0
baseline,moderate,low,True,ng,new_inf,2029,1077060.0
baseline,moderate,low,True,ng,new_inf,2030,1151010.0
baseline,moderate,low,True,ng,new_inf,2031,1143006.0
baseline,moderate,low,True,ng,new_inf,2032,1244622.0
baseline,moderate,low,True,ng,new_inf,2033,1078626.0
baseline,moderate,low,True,ng,new_inf,2034,1274724.0
baseline,moderate,low,True,ng,new_inf,2035,1465602.0
baseline,moderate,low,True,ng,new_inf,2036,1410444.0
baseline,moderate,low,True,ng,new_inf,2037,1457250.0
baseline,moderate,low,True,ng,new_inf,2038,1534506.0
baseline,moderate,low,True,ng,new_inf,2039,1591926.0
baseline,moderate,low,True,ng,new_inf,2040,138156.0
baseline,moderate,moderate,True,ng,new_inf,2027,1117080.0
baseline,moderate,moderate,True,ng,new_inf,2028,990060.0
baseline,moderate,moderate,True,ng,new_inf,2029,976836.0
baseline,moderate,moderate,True,ng,new_inf,2030,920808.0
baseline,moderate,moderate,True,ng,new_inf,2031,998586.0
baseline,moderate,moderate,True,ng,new_inf,2032,1040694.0
baseline,moderate,moderate,True,ng,new_inf,2033,971442.0
baseline,moderate,moderate,True,ng,new_inf,2034,1121778.0
baseline,moderate,moderate,True,ng,new_inf,2035,1235226.0
baseline,moderate,moderate,True,ng,new_inf,2036,1215912.0
baseline,moderate,moderate,True,ng,new_inf,2037,1114644.0
baseline,moderate,moderate,True,ng,new_inf,2038,1154664.0
baseline,moderate,moderate,True,ng,new_inf,2039,1168410.0
baseline,moderate,moderate,True,ng,new_inf,2040,99876.0
baseline,moderate,none,True,ng,new_inf,2027,1259238.0
baseline,moderate,none,True,ng,new_inf,2028,1280466.0
baseline,moderate,none,True,ng,new_inf,2029,1320486.0
baseline,moderate,none,True,ng,new_inf,2030,1417230.0
baseline,moderate,none,True,ng,new_inf,2031,1328316.0
baseline,moderate,none,True,ng,new_inf,2032,1382604.0
baseline,moderate,none,True,ng,new_inf,2033,1291602.0
baseline,moderate,none,True,ng,new_inf,2034,1458294.0
baseline,moderate,none,True,ng,new_inf,2035,1654740.0
baseline,moderate,none,True,ng,new_inf,2036,1646562.0
baseline,moderate,none,True,ng,new_inf,2037,1694934.0
baseline,moderate,none,True,ng,new_inf,2038,1833090.0
baseline,moderate,none,True,ng,new_inf,2039,1910346.0
baseline,moderate,none,True,ng,new_inf,2040,162516.0
high,baseline,high,True,ng,new_inf,2027,1054614.0
high,baseline,high,True,ng,new_inf,2028,878526.0
high,baseline,high,True,ng,new_inf,2029,662070.0
high,baseline,high,True,ng,new_inf,2030,590556.0
high,baseline,high,True,ng,new_inf,2031,563934.0
high,baseline,high,True,ng,new_inf,2032,571938.0
high,baseline,high,True,ng,new_inf,2033,511908.0
high,baseline,high,True,ng,new_inf,2034,590208.0
high,baseline,high,True,ng,new_inf,2035,645540.0
high,baseline,high,True,ng,new_inf,2036,624138.0
high,baseline,high,True,ng,new_inf,2037,600300.0
high,baseline,high,True,ng,new_inf,2038,635274.0
high,baseline,high,True,ng,new_inf,2039,641712.0
high,baseline,high,True,ng,new_inf,2040,54114.0
high,baseline,low,True,ng,new_inf,2027,1156230.0
high,baseline,low,True,ng,new_inf,2028,1089762.0
high,baseline,low,True,ng,new_inf,2029,1068882.0
high,baseline,low,True,ng,new_inf,2030,1043826.0
high,baseline,low,True,ng,new_inf,2031,1041738.0
high,baseline,low,True,ng,new_inf,2032,1099680.0
high,baseline,low,True,ng,new_inf,2033,986928.0
high,baseline,low,True,ng,new_inf,2034,1209300.0
high,baseline,low,True,ng,new_inf,2035,1333014.0
high,baseline,low,True,ng,new_inf,2036,1347108.0
high,baseline,low,True,ng,new_inf,2037,1263240.0
high,baseline,low,True,ng,new_inf,2038,1385562.0
high,baseline,low,True,ng,new_inf,2039,1504404.0
high,baseline,low,True,ng,new_inf,2040,127368.0
high,baseline,moderate,True,ng,new_inf,2027,1098114.0
high,baseline,moderate,True,ng,new_inf,2028,988494.0
high,baseline,moderate,True,ng,new_inf,2029,852774.0
high,baseline,moderate,True,ng,new_inf,2030,800400.0
high,baseline,moderate,True,ng,new_inf,2031,785088.0
high,baseline,moderate,True,ng,new_inf,2032,812928.0
high,baseline,moderate,True,ng,new_inf,2033,810318.0
high,baseline,moderate,True,ng,new_inf,2034,882702.0
high,baseline,moderate,True,ng,new_inf,2035,868260.0
high,baseline,moderate,True,ng,new_inf,2036,920982.0
high,baseline,moderate,True,ng,new_inf,2037,997020.0
high,baseline,moderate,True,ng,new_inf,2038,1021728.0
high,baseline,moderate,True,ng,new_inf,2039,1020336.0
high,baseline,moderate,True,ng,new_inf,2040,83868.0
high,baseline,none,True,ng,new_inf,2027,1244100.0
high,baseline,none,True,ng,new_inf,2028,1279074.0
high,baseline,none,True,ng,new_inf,2029,1345542.0
high,baseline,none,True,ng,new_inf,2030,1313004.0
high,baseline,none,True,ng,new_inf,2031,1319094.0
high,baseline,none,True,ng,new_inf,2032,1326054.0
high,baseline,none,True,ng,new_inf,2033,1225482.0
high,baseline,none,True,ng,new_inf,2034,1489440.0
high,baseline,none,True,ng,new_inf,2035,1595754.0
high,baseline,none,True,ng,new_inf,2036,1594188.0
high,baseline,none,True,ng,new_inf,2037,1676142.0
high,baseline,none,True,ng,new_inf,2038,1808904.0
high,baseline,none,True,ng,new_inf,2039,1842486.0
high,baseline,none,True,ng,new_inf,2040,155556.0
high,high,high,True,ng,new_inf,2027,922026.0
high,high,high,True,ng,new_inf,2028,437436.0
high,high,high,True,ng,new_inf,2029,239772.0
high,high,high,True,ng,new_inf,2030,156078.0
high,high,high,True,ng,new_inf,2031,154512.0
high,high,high,True,ng,new_inf,2032,120060.0
high,high,high,True,ng,new_inf,2033,143376.0
high,high,high,True,ng,new_inf,2034,141288.0
high,high,high,True,ng,new_inf,2035,78126.0
high,high,high,True,ng,new_inf,2036,71688.0
high,high,high,True,ng,new_inf,2037,73080.0
high,high,high,True,ng,new_inf,2038,48372.0
high,high,high,True,ng,new_inf,2039,39846.0
high,high,high,True,ng,new_inf,2040,3828.0
high,high,low,True,ng,new_inf,2027,1063140.0
high,high,low,True,ng,new_inf,2028,640668.0
high,high,low,True,ng,new_inf,2029,437958.0
high,high,low,True,ng,new_inf,2030,352872.0
high,high,low,True,ng,new_inf,2031,272136.0
high,high,low,True,ng,new_inf,2032,247254.0
high,high,low,True,ng,new_inf,2033,219762.0
high,high,low,True,ng,new_inf,2034,220110.0
high,high,low,True,ng,new_inf,2035,194706.0
high,high,low,True,ng,new_inf,2036,217674.0
high,high,low,True,ng,new_inf,2037,261870.0
high,high,low,True,ng,new_inf,2038,224982.0
high,high,low,True,ng,new_inf,2039,183222.0
high,high,low,True,ng,new_inf,2040,14268.0
high,high,moderate,True,ng,new_inf,2027,997542.0
high,high,moderate,True,ng,new_inf,2028,538704.0
high,high,moderate,True,ng,new_inf,2029,275616.0
high,high,moderate,True,ng,new_inf,2030,212628.0
high,high,moderate,True,ng,new_inf,2031,182178.0
high,high,moderate,True,ng,new_inf,2032,132936.0
high,high,moderate,True,ng,new_inf,2033,147030.0
high,high,moderate,True,ng,new_inf,2034,129978.0
high,high,moderate,True,ng,new_inf,2035,104226.0
high,high,moderate,True,ng,new_inf,2036,102486.0
high,high,moderate,True,ng,new_inf,2037,111534.0
high,high,moderate,True,ng,new_inf,2038,107532.0
high,high,moderate,True,ng,new_inf,2039,100398.0
high,high,moderate,True,ng,new_inf,2040,8004.0
high,high,none,True,ng,new_inf,2027,1169628.0
high,high,none,True,ng,new_inf,2028,927420.0
high,high,none,True,ng,new_inf,2029,681210.0
high,high,none,True,ng,new_inf,2030,581160.0
high,high,none,True,ng,new_inf,2031,574548.0
high,high,none,True,ng,new_inf,2032,461970.0
high,high,none,True,ng,new_inf,2033,478848.0
high,high,none,True,ng,new_inf,2034,518694.0
high,high,none,True,ng,new_inf,2035,452400.0
high,high,none,True,ng,new_inf,2036,419862.0
high,high,none,True,ng,new_inf,2037,369924.0
high,high,none,True,ng,new_inf,2038,428562.0
high,high,none,True,ng,new_inf,2039,401070.0
high,high,none,True,ng,new_inf,2040,36192.0
high,low,high,True,ng,new_inf,2027,1033386.0
high,low,high,True,ng,new_inf,2028,745242.0
high,low,high,True,ng,new_inf,2029,526872.0
high,low,high,True,ng,new_inf,2030,393762.0
high,low,high,True,ng,new_inf,2031,372360.0
high,low,high,True,ng,new_inf,2032,373752.0
high,low,high,True,ng,new_inf,2033,340518.0
high,low,high,True,ng,new_inf,2034,334254.0
high,low,high,True,ng,new_inf,2035,328860.0
high,low,high,True,ng,new_inf,2036,335646.0
high,low,high,True,ng,new_inf,2037,336690.0
high,low,high,True,ng,new_inf,2038,393936.0
high,low,high,True,ng,new_inf,2039,393240.0
high,low,high,True,ng,new_inf,2040,35496.0
high,low,low,True,ng,new_inf,2027,1147356.0
high,low,low,True,ng,new_inf,2028,1053396.0
high,low,low,True,ng,new_inf,2029,945342.0
high,low,low,True,ng,new_inf,2030,863910.0
high,low,low,True,ng,new_inf,2031,851034.0
high,low,low,True,ng,new_inf,2032,767862.0
high,low,low,True,ng,new_inf,2033,812406.0
high,low,low,True,ng,new_inf,2034,841290.0
high,low,low,True,ng,new_inf,2035,933858.0
high,low,low,True,ng,new_inf,2036,929856.0
high,low,low,True,ng,new_inf,2037,884094.0
high,low,low,True,ng,new_inf,2038,1060704.0
high,low,low,True,ng,new_inf,2039,1122474.0
high,low,low,True,ng,new_inf,2040,99354.0
high,low,moderate,True,ng,new_inf,2027,1082454.0
high,low,moderate,True,ng,new_inf,2028,894360.0
high,low,moderate,True,ng,new_inf,2029,673554.0
high,low,moderate,True,ng,new_inf,2030,599430.0
high,low,moderate,True,ng,new_inf,2031,577506.0
high,low,moderate,True,ng,new_inf,2032,575070.0
high,low,moderate,True,ng,new_inf,2033,638058.0
high,low,moderate,True,ng,new_inf,2034,679644.0
high,low,moderate,True,ng,new_inf,2035,714444.0
high,low,moderate,True,ng,new_inf,2036,662418.0
high,low,moderate,True,ng,new_inf,2037,647802.0
high,low,moderate,True,ng,new_inf,2038,725754.0
high,low,moderate,True,ng,new_inf,2039,715488.0
high,low,moderate,True,ng,new_inf,2040,53766.0
high,low,none,True,ng,new_inf,2027,1238880.0
high,low,none,True,ng,new_inf,2028,1251930.0
high,low,none,True,ng,new_inf,2029,1262892.0
high,low,none,True,ng,new_inf,2030,1275072.0
high,low,none,True,ng,new_inf,2031,1240446.0
high,low,none,True,ng,new_inf,2032,1260282.0
high,low,none,True,ng,new_inf,2033,1143180.0
high,low,none,True,ng,new_inf,2034,1329012.0
high,low,none,True,ng,new_inf,2035,1541988.0
high,low,none,True,ng,new_inf,2036,1567044.0
high,low,none,True,ng,new_inf,2037,1571568.0
high,low,none,True,ng,new_inf,2038,1691976.0
high,low,none,True,ng,new_inf,2039,1769406.0
high,low,none,True,ng,new_inf,2040,153990.0
high,moderate,high,True,ng,new_inf,2027,994932.0
high,moderate,high,True,ng,new_inf,2028,635622.0
high,moderate,high,True,ng,new_inf,2029,444222.0
high,moderate,high,True,ng,new_inf,2030,354612.0
high,moderate,high,True,ng,new_inf,2031,281880.0
high,moderate,high,True,ng,new_inf,2032,252996.0
high,moderate,high,True,ng,new_inf,2033,220284.0
high,moderate,high,True,ng,new_inf,2034,195750.0
high,moderate,high,True,ng,new_inf,2035,234378.0
high,moderate,high,True,ng,new_inf,2036,189834.0
high,moderate,high,True,ng,new_inf,2037,176436.0
high,moderate,high,True,ng,new_inf,2038,168432.0
high,moderate,high,True,ng,new_inf,2039,151032.0
high,moderate,high,True,ng,new_inf,2040,14790.0
high,moderate,low,True,ng,new_inf,2027,1101768.0
high,moderate,low,True,ng,new_inf,2028,900276.0
high,moderate,low,True,ng,new_inf,2029,743850.0
high,moderate,low,True,ng,new_inf,2030,656328.0
high,moderate,low,True,ng,new_inf,2031,539748.0
high,moderate,low,True,ng,new_inf,2032,463710.0
high,moderate,low,True,ng,new_inf,2033,496422.0
high,moderate,low,True,ng,new_inf,2034,544446.0
high,moderate,low,True,ng,new_inf,2035,610392.0
high,moderate,low,True,ng,new_inf,2036,546882.0
high,moderate,low,True,ng,new_inf,2037,524436.0
high,moderate,low,True,ng,new_inf,2038,564630.0
high,moderate,low,True,ng,new_inf,2039,614916.0
high,moderate,low,True,ng,new_inf,2040,59856.0
high,moderate,moderate,True,ng,new_inf,2027,1040694.0
high,moderate,moderate,True,ng,new_inf,2028,790134.0
high,moderate,moderate,True,ng,new_inf,2029,559410.0
high,moderate,moderate,True,ng,new_inf,2030,490680.0
high,moderate,moderate,True,ng,new_inf,2031,448572.0
high,moderate,moderate,True,ng,new_inf,2032,396024.0
high,moderate,moderate,True,ng,new_inf,2033,441264.0
high,moderate,moderate,True,ng,new_inf,2034,396894.0
high,moderate,moderate,True,ng,new_inf,2035,317028.0
high,moderate,moderate,True,ng,new_inf,2036,294756.0
high,moderate,moderate,True,ng,new_inf,2037,337038.0
high,moderate,moderate,True,ng,new_inf,2038,335646.0
high,moderate,moderate,True,ng,new_inf,2039,269178.0
high,moderate,moderate,True,ng,new_inf,2040,19140.0
high,moderate,none,True,ng,new_inf,2027,1204428.0
high,moderate,none,True,ng,new_inf,2028,1180764.0
high,moderate,none,True,ng,new_inf,2029,1062792.0
high,moderate,none,True,ng,new_inf,2030,1082454.0
high,moderate,none,True,ng,new_inf,2031,986406.0
high,moderate,none,True,ng,new_inf,2032,963786.0
high,moderate,none,True,ng,new_inf,2033,999108.0
high,moderate,none,True,ng,new_inf,2034,1066098.0
high,moderate,none,True,ng,new_inf,2035,1022598.0
high,moderate,none,True,ng,new_inf,2036,1074624.0
high,moderate,none,True,ng,new_inf,2037,947430.0
high,moderate,none,True,ng,new_inf,2038,1102464.0
high,moderate,none,True,ng,new_inf,2039,1148748.0
high,moderate,none,True,ng,new_inf,2040,94134.0
low,baseline,high,True,ng,new_inf,2027,1083324.0
low,baseline,high,True,ng,new_inf,2028,928116.0
low,baseline,high,True,ng,new_inf,2029,887748.0
low,baseline,high,True,ng,new_inf,2030,837810.0
low,baseline,high,True,ng,new_inf,2031,834330.0
low,baseline,high,True,ng,new_inf,2032,839376.0
low,baseline,high,True,ng,new_inf,2033,842334.0
low,baseline,high,True,ng,new_inf,2034,857994.0
low,baseline,high,True,ng,new_inf,2035,908454.0
low,baseline,high,True,ng,new_inf,2036,834504.0
low,baseline,high,True,ng,new_inf,2037,862866.0
low,baseline,high,True,ng,new_inf,2038,1002762.0
low,baseline,high,True,ng,new_inf,2039,1001544.0
low,baseline,high,True,ng,new_inf,2040,82824.0
low,baseline,low,True,ng,new_inf,2027,1185636.0
low,baseline,low,True,ng,new_inf,2028,1131174.0
low,baseline,low,True,ng,new_inf,2029,1192944.0
low,baseline,low,True,ng,new_inf,2030,1215216.0
low,baseline,low,True,ng,new_inf,2031,1145442.0
low,baseline,low,True,ng,new_inf,2032,1199034.0
low,baseline,low,True,ng,new_inf,2033,1150140.0
low,baseline,low,True,ng,new_inf,2034,1347630.0
low,baseline,low,True,ng,new_inf,2035,1423842.0
low,baseline,low,True,ng,new_inf,2036,1475346.0
low,baseline,low,True,ng,new_inf,2037,1510146.0
low,baseline,low,True,ng,new_inf,2038,1571568.0
low,baseline,low,True,ng,new_inf,2039,1628466.0
low,baseline,low,True,ng,new_inf,2040,140418.0
low,baseline,moderate,True,ng,new_inf,2027,1127520.0
low,baseline,moderate,True,ng,new_inf,2028,1014072.0
low,baseline,moderate,True,ng,new_inf,2029,1051830.0
low,baseline,moderate,True,ng,new_inf,2030,1049394.0
low,baseline,moderate,True,ng,new_inf,2031,1008156.0
low,baseline,moderate,True,ng,new_inf,2032,1082280.0
low,baseline,moderate,True,ng,new_inf,2033,1037214.0
low,baseline,moderate,True,ng,new_inf,2034,1136046.0
low,baseline,moderate,True,ng,new_inf,2035,1231920.0
low,baseline,moderate,True,ng,new_inf,2036,1247058.0
low,baseline,moderate,True,ng,new_inf,2037,1236444.0
low,baseline,moderate,True,ng,new_inf,2038,1305000.0
low,baseline,moderate,True,ng,new_inf,2039,1389216.0
low,baseline,moderate,True,ng,new_inf,2040,114318.0
low,baseline,none,True,ng,new_inf,2027,1272288.0
low,baseline,none,True,ng,new_inf,2028,1302564.0
low,baseline,none,True,ng,new_inf,2029,1407834.0
low,baseline,none,True,ng,new_inf,2030,1445418.0
low,baseline,none,True,ng,new_inf,2031,1443678.0
low,baseline,none,True,ng,new_inf,2032,1422972.0
low,baseline,none,True,ng,new_inf,2033,1423494.0
low,baseline,none,True,ng,new_inf,2034,1599582.0
low,baseline,none,True,ng,new_inf,2035,1637340.0
low,baseline,none,True,ng,new_inf,2036,1681362.0
low,baseline,none,True,ng,new_inf,2037,1708854.0
low,baseline,none,True,ng,new_inf,2038,1864236.0
low,baseline,none,True,ng,new_inf,2039,1878678.0
low,baseline,none,True,ng,new_inf,2040,156600.0
low,high,high,True,ng,new_inf,2027,950214.0
low,high,high,True,ng,new_inf,2028,574200.0
low,high,high,True,ng,new_inf,2029,404724.0
low,high,high,True,ng,new_inf,2030,281706.0
low,high,high,True,ng,new_inf,2031,278052.0
low,high,high,True,ng,new_inf,2032,204798.0
low,high,high,True,ng,new_inf,2033,178524.0
low,high,high,True,ng,new_inf,2034,169650.0
low,high,high,True,ng,new_inf,2035,195924.0
low,high,high,True,ng,new_inf,2036,178002.0
low,high,high,True,ng,new_inf,2037,157296.0
low,high,high,True,ng,new_inf,2038,177654.0
low,high,high,True,ng,new_inf,2039,158340.0
low,high,high,True,ng,new_inf,2040,13050.0
low,high,low,True,ng,new_inf,2027,1088544.0
low,high,low,True,ng,new_inf,2028,827196.0
low,high,low,True,ng,new_inf,2029,617874.0
low,high,low,True,ng,new_inf,2030,569850.0
low,high,low,True,ng,new_inf,2031,491550.0
low,high,low,True,ng,new_inf,2032,506340.0
low,high,low,True,ng,new_inf,2033,503034.0
low,high,low,True,ng,new_inf,2034,424734.0
low,high,low,True,ng,new_inf,2035,419340.0
low,high,low,True,ng,new_inf,2036,390456.0
low,high,low,True,ng,new_inf,2037,404376.0
low,high,low,True,ng,new_inf,2038,446310.0
low,high,low,True,ng,new_inf,2039,464232.0
low,high,low,True,ng,new_inf,2040,38802.0
low,high,moderate,True,ng,new_inf,2027,1021728.0
low,high,moderate,True,ng,new_inf,2028,697218.0
low,high,moderate,True,ng,new_inf,2029,487374.0
low,high,moderate,True,ng,new_inf,2030,438828.0
low,high,moderate,True,ng,new_inf,2031,343998.0
low,high,moderate,True,ng,new_inf,2032,280140.0
low,high,moderate,True,ng,new_inf,2033,231246.0
low,high,moderate,True,ng,new_inf,2034,283446.0
low,high,moderate,True,ng,new_inf,2035,268656.0
low,high,moderate,True,ng,new_inf,2036,284664.0
low,high,moderate,True,ng,new_inf,2037,296322.0
low,high,moderate,True,ng,new_inf,2038,284142.0
low,high,moderate,True,ng,new_inf,2039,306066.0
low,high,moderate,True,ng,new_inf,2040,24186.0
low,high,none,True,ng,new_inf,2027,1188420.0
low,high,none,True,ng,new_inf,2028,1088892.0
low,high,none,True,ng,new_inf,2029,865476.0
low,high,none,True,ng,new_inf,2030,877308.0
low,high,none,True,ng,new_inf,2031,894882.0
low,high,none,True,ng,new_inf,2032,819366.0
low,high,none,True,ng,new_inf,2033,759510.0
low,high,none,True,ng,new_inf,2034,765774.0
low,high,none,True,ng,new_inf,2035,810666.0
low,high,none,True,ng,new_inf,2036,733062.0
low,high,none,True,ng,new_inf,2037,666072.0
low,high,none,True,ng,new_inf,2038,785958.0
low,high,none,True,ng,new_inf,2039,843726.0
low,high,none,True,ng,new_inf,2040,72732.0
low,low,high,True,ng,new_inf,2027,1058268.0
low,low,high,True,ng,new_inf,2028,874872.0
low,low,high,True,ng,new_inf,2029,736020.0
low,low,high,True,ng,new_inf,2030,609348.0
low,low,high,True,ng,new_inf,2031,588468.0
low,low,high,True,ng,new_inf,2032,543228.0
low,low,high,True,ng,new_inf,2033,626748.0
low,low,high,True,ng,new_inf,2034,635622.0
low,low,high,True,ng,new_inf,2035,667638.0
low,low,high,True,ng,new_inf,2036,653370.0
low,low,high,True,ng,new_inf,2037,718272.0
low,low,high,True,ng,new_inf,2038,803880.0
low,low,high,True,ng,new_inf,2039,874176.0
low,low,high,True,ng,new_inf,2040,69252.0
low,low,low,True,ng,new_inf,2027,1179198.0
low,low,low,True,ng,new_inf,2028,1070274.0
low,low,low,True,ng,new_inf,2029,1113600.0
low,low,low,True,ng,new_inf,2030,1114992.0
low,low,low,True,ng,new_inf,2031,1084542.0
low,low,low,True,ng,new_inf,2032,1180590.0
low,low,low,True,ng,new_inf,2033,1096896.0
low,low,low,True,ng,new_inf,2034,1219044.0
low,low,low,True,ng,new_inf,2035,1337538.0
low,low,low,True,ng,new_inf,2036,1337538.0
low,low,low,True,ng,new_inf,2037,1276986.0
low,low,low,True,ng,new_inf,2038,1424364.0
low,low,low,True,ng,new_inf,2039,1529634.0
low,low,low,True,ng,new_inf,2040,129108.0
low,low,moderate,True,ng,new_inf,2027,1113774.0
low,low,moderate,True,ng,new_inf,2028,928290.0
low,low,moderate,True,ng,new_inf,2029,909672.0
low,low,moderate,True,ng,new_inf,2030,840420.0
low,low,moderate,True,ng,new_inf,2031,787524.0
low,low,moderate,True,ng,new_inf,2032,790656.0
low,low,moderate,True,ng,new_inf,2033,810840.0
low,low,moderate,True,ng,new_inf,2034,866694.0
low,low,moderate,True,ng,new_inf,2035,867216.0
low,low,moderate,True,ng,new_inf,2036,782652.0
low,low,moderate,True,ng,new_inf,2037,882006.0
low,low,moderate,True,ng,new_inf,2038,1060008.0
low,low,moderate,True,ng,new_inf,2039,1208082.0
low,low,moderate,True,ng,new_inf,2040,103878.0
low,low,none,True,ng,new_inf,2027,1267938.0
low,low,none,True,ng,new_inf,2028,1269678.0
low,low,none,True,ng,new_inf,2029,1347282.0
low,low,none,True,ng,new_inf,2030,1359810.0
low,low,none,True,ng,new_inf,2031,1342236.0
low,low,none,True,ng,new_inf,2032,1356156.0
low,low,none,True,ng,new_inf,2033,1357374.0
low,low,none,True,ng,new_inf,2034,1455336.0
low,low,none,True,ng,new_inf,2035,1544772.0
low,low,none,True,ng,new_inf,2036,1568958.0
low,low,none,True,ng,new_inf,2037,1652130.0
low,low,none,True,ng,new_inf,2038,1758792.0
low,low,none,True,ng,new_inf,2039,1815516.0
low,low,none,True,ng,new_inf,2040,154512.0
low,moderate,high,True,ng,new_inf,2027,1010940.0
low,moderate,high,True,ng,new_inf,2028,759858.0
low,moderate,high,True,ng,new_inf,2029,592470.0
low,moderate,high,True,ng,new_inf,2030,478674.0
low,moderate,high,True,ng,new_inf,2031,409422.0
low,moderate,high,True,ng,new_inf,2032,309720.0
low,moderate,high,True,ng,new_inf,2033,293886.0
low,moderate,high,True,ng,new_inf,2034,348174.0
low,moderate,high,True,ng,new_inf,2035,362442.0
low,moderate,high,True,ng,new_inf,2036,424560.0
low,moderate,high,True,ng,new_inf,2037,370794.0
low,moderate,high,True,ng,new_inf,2038,386628.0
low,moderate,high,True,ng,new_inf,2039,352002.0
low,moderate,high,True,ng,new_inf,2040,26274.0
low,moderate,low,True,ng,new_inf,2027,1133088.0
low,moderate,low,True,ng,new_inf,2028,981360.0
low,moderate,low,True,ng,new_inf,2029,958044.0
low,moderate,low,True,ng,new_inf,2030,880788.0
low,moderate,low,True,ng,new_inf,2031,781956.0
low,moderate,low,True,ng,new_inf,2032,783348.0
low,moderate,low,True,ng,new_inf,2033,834678.0
low,moderate,low,True,ng,new_inf,2034,835896.0
low,moderate,low,True,ng,new_inf,2035,908802.0
low,moderate,low,True,ng,new_inf,2036,892446.0
low,moderate,low,True,ng,new_inf,2037,877830.0
low,moderate,low,True,ng,new_inf,2038,942558.0
low,moderate,low,True,ng,new_inf,2039,915240.0
low,moderate,low,True,ng,new_inf,2040,75690.0
low,moderate,moderate,True,ng,new_inf,2027,1073406.0
low,moderate,moderate,True,ng,new_inf,2028,863214.0
low,moderate,moderate,True,ng,new_inf,2029,772212.0
low,moderate,moderate,True,ng,new_inf,2030,678426.0
low,moderate,moderate,True,ng,new_inf,2031,591426.0
low,moderate,moderate,True,ng,new_inf,2032,519390.0
low,moderate,moderate,True,ng,new_inf,2033,553842.0
low,moderate,moderate,True,ng,new_inf,2034,588816.0
low,moderate,moderate,True,ng,new_inf,2035,604998.0
low,moderate,moderate,True,ng,new_inf,2036,592644.0
low,moderate,moderate,True,ng,new_inf,2037,663462.0
low,moderate,moderate,True,ng,new_inf,2038,720534.0
low,moderate,moderate,True,ng,new_inf,2039,755334.0
low,moderate,moderate,True,ng,new_inf,2040,61596.0
low,moderate,none,True,ng,new_inf,2027,1232790.0
low,moderate,none,True,ng,new_inf,2028,1202688.0
low,moderate,none,True,ng,new_inf,2029,1210170.0
low,moderate,none,True,ng,new_inf,2030,1201992.0
low,moderate,none,True,ng,new_inf,2031,1192248.0
low,moderate,none,True,ng,new_inf,2032,1209126.0
low,moderate,none,True,ng,new_inf,2033,1129260.0
low,moderate,none,True,ng,new_inf,2034,1205472.0
low,moderate,none,True,ng,new_inf,2035,1438458.0
low,moderate,none,True,ng,new_inf,2036,1394958.0
low,moderate,none,True,ng,new_inf,2037,1415490.0
low,moderate,none,True,ng,new_inf,2038,1405746.0
low,moderate,none,True,ng,new_inf,2039,1482480.0
low,moderate,none,True,ng,new_inf,2040,131196.0
moderate,baseline,high,True,ng,new_inf,2027,1069056.0
moderate,baseline,high,True,ng,new_inf,2028,919416.0
moderate,baseline,high,True,ng,new_inf,2029,772386.0
moderate,baseline,high,True,ng,new_inf,2030,721578.0
moderate,baseline,high,True,ng,new_inf,2031,689562.0
moderate,baseline,high,True,ng,new_inf,2032,741762.0
moderate,baseline,high,True,ng,new_inf,2033,719490.0
moderate,baseline,high,True,ng,new_inf,2034,769428.0
moderate,baseline,high,True,ng,new_inf,2035,787524.0
moderate,baseline,high,True,ng,new_inf,2036,769950.0
moderate,baseline,high,True,ng,new_inf,2037,795354.0
moderate,baseline,high,True,ng,new_inf,2038,847206.0
moderate,baseline,high,True,ng,new_inf,2039,807708.0
moderate,baseline,high,True,ng,new_inf,2040,66468.0
moderate,baseline,low,True,ng,new_inf,2027,1175544.0
moderate,baseline,low,True,ng,new_inf,2028,1119516.0
moderate,baseline,low,True,ng,new_inf,2029,1164582.0
moderate,baseline,low,True,ng,new_inf,2030,1173804.0
moderate,baseline,low,True,ng,new_inf,2031,1093764.0
moderate,baseline,low,True,ng,new_inf,2032,1192770.0
moderate,baseline,low,True,ng,new_inf,2033,1137960.0
moderate,baseline,low,True,ng,new_inf,2034,1262022.0
moderate,baseline,low,True,ng,new_inf,2035,1361028.0
moderate,baseline,low,True,ng,new_inf,2036,1406616.0
moderate,baseline,low,True,ng,new_inf,2037,1453596.0
moderate,baseline,low,True,ng,new_inf,2038,1563564.0
moderate,baseline,low,True,ng,new_inf,2039,1599582.0
moderate,baseline,low,True,ng,new_inf,2040,137808.0
moderate,baseline,moderate,True,ng,new_inf,2027,1115166.0
moderate,baseline,moderate,True,ng,new_inf,2028,999456.0
moderate,baseline,moderate,True,ng,new_inf,2029,948474.0
moderate,baseline,moderate,True,ng,new_inf,2030,949344.0
moderate,baseline,moderate,True,ng,new_inf,2031,948822.0
moderate,baseline,moderate,True,ng,new_inf,2032,1010070.0
moderate,baseline,moderate,True,ng,new_inf,2033,931770.0
moderate,baseline,moderate,True,ng,new_inf,2034,1025382.0
moderate,baseline,moderate,True,ng,new_inf,2035,1093416.0
moderate,baseline,moderate,True,ng,new_inf,2036,1081236.0
moderate,baseline,moderate,True,ng,new_inf,2037,1037040.0
moderate,baseline,moderate,True,ng,new_inf,2038,1161102.0
moderate,baseline,moderate,True,ng,new_inf,2039,1197294.0
moderate,baseline,moderate,True,ng,new_inf,2040,103704.0
moderate,baseline,none,True,ng,new_inf,2027,1263762.0
moderate,baseline,none,True,ng,new_inf,2028,1304304.0
moderate,baseline,none,True,ng,new_inf,2029,1376862.0
moderate,baseline,none,True,ng,new_inf,2030,1406790.0
moderate,baseline,none,True,ng,new_inf,2031,1390782.0
moderate,baseline,none,True,ng,new_inf,2032,1379124.0
moderate,baseline,none,True,ng,new_inf,2033,1334058.0
moderate,baseline,none,True,ng,new_inf,2034,1559562.0
moderate,baseline,none,True,ng,new_inf,2035,1659438.0
moderate,baseline,none,True,ng,new_inf,2036,1666398.0
moderate,baseline,none,True,ng,new_inf,2037,1673184.0
moderate,baseline,none,True,ng,new_inf,2038,1817082.0
moderate,baseline,none,True,ng,new_inf,2039,1886508.0
moderate,baseline,none,True,ng,new_inf,2040,155730.0
moderate,high,high,True,ng,new_inf,2027,939774.0
moderate,high,high,True,ng,new_inf,2028,510516.0
moderate,high,high,True,ng,new_inf,2029,313200.0
moderate,high,high,True,ng,new_inf,2030,199230.0
moderate,high,high,True,ng,new_inf,2031,205668.0
moderate,high,high,True,ng,new_inf,2032,194010.0
moderate,high,high,True,ng,new_inf,2033,141114.0
moderate,high,high,True,ng,new_inf,2034,126324.0
moderate,high,high,True,ng,new_inf,2035,120408.0
moderate,high,high,True,ng,new_inf,2036,69078.0
moderate,high,high,True,ng,new_inf,2037,57942.0
moderate,high,high,True,ng,new_inf,2038,38106.0
moderate,high,high,True,ng,new_inf,2039,26622.0
moderate,high,high,True,ng,new_inf,2040,1740.0
moderate,high,low,True,ng,new_inf,2027,1078452.0
moderate,high,low,True,ng,new_inf,2028,764208.0
moderate,high,low,True,ng,new_inf,2029,547752.0
moderate,high,low,True,ng,new_inf,2030,451182.0
moderate,high,low,True,ng,new_inf,2031,352350.0
moderate,high,low,True,ng,new_inf,2032,295452.0
moderate,high,low,True,ng,new_inf,2033,278574.0
moderate,high,low,True,ng,new_inf,2034,252126.0
moderate,high,low,True,ng,new_inf,2035,258564.0
moderate,high,low,True,ng,new_inf,2036,267090.0
moderate,high,low,True,ng,new_inf,2037,248994.0
moderate,high,low,True,ng,new_inf,2038,268134.0
moderate,high,low,True,ng,new_inf,2039,193662.0
moderate,high,low,True,ng,new_inf,2040,16356.0
moderate,high,moderate,True,ng,new_inf,2027,1012854.0
moderate,high,moderate,True,ng,new_inf,2028,631272.0
moderate,high,moderate,True,ng,new_inf,2029,353394.0
moderate,high,moderate,True,ng,new_inf,2030,301890.0
moderate,high,moderate,True,ng,new_inf,2031,288144.0
moderate,high,moderate,True,ng,new_inf,2032,252996.0
moderate,high,moderate,True,ng,new_inf,2033,284838.0
moderate,high,moderate,True,ng,new_inf,2034,280140.0
moderate,high,moderate,True,ng,new_inf,2035,280662.0
moderate,high,moderate,True,ng,new_inf,2036,254040.0
moderate,high,moderate,True,ng,new_inf,2037,256476.0
moderate,high,moderate,True,ng,new_inf,2038,249516.0
moderate,high,moderate,True,ng,new_inf,2039,225678.0
moderate,high,moderate,True,ng,new_inf,2040,16182.0
moderate,high,none,True,ng,new_inf,2027,1183026.0
moderate,high,none,True,ng,new_inf,2028,1029732.0
moderate,high,none,True,ng,new_inf,2029,764730.0
moderate,high,none,True,ng,new_inf,2030,727842.0
moderate,high,none,True,ng,new_inf,2031,715140.0
moderate,high,none,True,ng,new_inf,2032,708354.0
moderate,high,none,True,ng,new_inf,2033,686604.0
moderate,high,none,True,ng,new_inf,2034,707310.0
moderate,high,none,True,ng,new_inf,2035,728016.0
moderate,high,none,True,ng,new_inf,2036,745764.0
moderate,high,none,True,ng,new_inf,2037,702960.0
moderate,high,none,True,ng,new_inf,2038,789264.0
moderate,high,none,True,ng,new_inf,2039,777258.0
moderate,high,none,True,ng,new_inf,2040,66816.0
moderate,low,high,True,ng,new_inf,2027,1051308.0
moderate,low,high,True,ng,new_inf,2028,829632.0
moderate,low,high,True,ng,new_inf,2029,661896.0
moderate,low,high,True,ng,new_inf,2030,531744.0
moderate,low,high,True,ng,new_inf,2031,511038.0
moderate,low,high,True,ng,new_inf,2032,486156.0
moderate,low,high,True,ng,new_inf,2033,465798.0
moderate,low,high,True,ng,new_inf,2034,479196.0
moderate,low,high,True,ng,new_inf,2035,485460.0
moderate,low,high,True,ng,new_inf,2036,423864.0
moderate,low,high,True,ng,new_inf,2037,425256.0
moderate,low,high,True,ng,new_inf,2038,497466.0
moderate,low,high,True,ng,new_inf,2039,580116.0
moderate,low,high,True,ng,new_inf,2040,48198.0
moderate,low,low,True,ng,new_inf,2027,1166322.0
moderate,low,low,True,ng,new_inf,2028,1067838.0
moderate,low,low,True,ng,new_inf,2029,1072884.0
moderate,low,low,True,ng,new_inf,2030,1064184.0
moderate,low,low,True,ng,new_inf,2031,978402.0
moderate,low,low,True,ng,new_inf,2032,939078.0
moderate,low,low,True,ng,new_inf,2033,991452.0
moderate,low,low,True,ng,new_inf,2034,1063488.0
moderate,low,low,True,ng,new_inf,2035,1177806.0
moderate,low,low,True,ng,new_inf,2036,1198686.0
moderate,low,low,True,ng,new_inf,2037,1102116.0
moderate,low,low,True,ng,new_inf,2038,1176066.0
moderate,low,low,True,ng,new_inf,2039,1271766.0
moderate,low,low,True,ng,new_inf,2040,105270.0
moderate,low,moderate,True,ng,new_inf,2027,1098114.0
moderate,low,moderate,True,ng,new_inf,2028,934206.0
moderate,low,moderate,True,ng,new_inf,2029,806490.0
moderate,low,moderate,True,ng,new_inf,2030,761946.0
moderate,low,moderate,True,ng,new_inf,2031,730974.0
moderate,low,moderate,True,ng,new_inf,2032,648672.0
moderate,low,moderate,True,ng,new_inf,2033,737760.0
moderate,low,moderate,True,ng,new_inf,2034,865128.0
moderate,low,moderate,True,ng,new_inf,2035,955260.0
moderate,low,moderate,True,ng,new_inf,2036,816756.0
moderate,low,moderate,True,ng,new_inf,2037,738456.0
moderate,low,moderate,True,ng,new_inf,2038,944298.0
moderate,low,moderate,True,ng,new_inf,2039,1036692.0
moderate,low,moderate,True,ng,new_inf,2040,84912.0
moderate,low,none,True,ng,new_inf,2027,1258020.0
moderate,low,none,True,ng,new_inf,2028,1270200.0
moderate,low,none,True,ng,new_inf,2029,1316832.0
moderate,low,none,True,ng,new_inf,2030,1339104.0
moderate,low,none,True,ng,new_inf,2031,1300128.0
moderate,low,none,True,ng,new_inf,2032,1329708.0
moderate,low,none,True,ng,new_inf,2033,1300476.0
moderate,low,none,True,ng,new_inf,2034,1432194.0
moderate,low,none,True,ng,new_inf,2035,1569480.0
moderate,low,none,True,ng,new_inf,2036,1611066.0
moderate,low,none,True,ng,new_inf,2037,1620636.0
moderate,low,none,True,ng,new_inf,2038,1740348.0
moderate,low,none,True,ng,new_inf,2039,1783500.0
moderate,low,none,True,ng,new_inf,2040,148944.0
moderate,moderate,high,True,ng,new_inf,2027,1001022.0
moderate,moderate,high,True,ng,new_inf,2028,709572.0
moderate,moderate,high,True,ng,new_inf,2029,554886.0
moderate,moderate,high,True,ng,new_inf,2030,459534.0
moderate,moderate,high,True,ng,new_inf,2031,427170.0
moderate,moderate,high,True,ng,new_inf,2032,362790.0
moderate,moderate,high,True,ng,new_inf,2033,296322.0
moderate,moderate,high,True,ng,new_inf,2034,248124.0
moderate,moderate,high,True,ng,new_inf,2035,236814.0
moderate,moderate,high,True,ng,new_inf,2036,204624.0
moderate,moderate,high,True,ng,new_inf,2037,203058.0
moderate,moderate,high,True,ng,new_inf,2038,231420.0
moderate,moderate,high,True,ng,new_inf,2039,258042.0
moderate,moderate,high,True,ng,new_inf,2040,21576.0
moderate,moderate,low,True,ng,new_inf,2027,1123170.0
moderate,moderate,low,True,ng,new_inf,2028,977184.0
moderate,moderate,low,True,ng,new_inf,2029,898188.0
moderate,moderate,low,True,ng,new_inf,2030,749418.0
moderate,moderate,low,True,ng,new_inf,2031,655806.0
moderate,moderate,low,True,ng,new_inf,2032,698610.0
moderate,moderate,low,True,ng,new_inf,2033,729930.0
moderate,moderate,low,True,ng,new_inf,2034,812580.0
moderate,moderate,low,True,ng,new_inf,2035,779694.0
moderate,moderate,low,True,ng,new_inf,2036,722970.0
moderate,moderate,low,True,ng,new_inf,2037,673206.0
moderate,moderate,low,True,ng,new_inf,2038,786480.0
moderate,moderate,low,True,ng,new_inf,2039,836070.0
moderate,moderate,low,True,ng,new_inf,2040,73776.0
moderate,moderate,moderate,True,ng,new_inf,2027,1060704.0
moderate,moderate,moderate,True,ng,new_inf,2028,846858.0
moderate,moderate,moderate,True,ng,new_inf,2029,697392.0
moderate,moderate,moderate,True,ng,new_inf,2030,579942.0
moderate,moderate,moderate,True,ng,new_inf,2031,551754.0
moderate,moderate,moderate,True,ng,new_inf,2032,454662.0
moderate,moderate,moderate,True,ng,new_inf,2033,485286.0
moderate,moderate,moderate,True,ng,new_inf,2034,515214.0
moderate,moderate,moderate,True,ng,new_inf,2035,508254.0
moderate,moderate,moderate,True,ng,new_inf,2036,523392.0
moderate,moderate,moderate,True,ng,new_inf,2037,544446.0
moderate,moderate,moderate,True,ng,new_inf,2038,612828.0
moderate,moderate,moderate,True,ng,new_inf,2039,621528.0
moderate,moderate,moderate,True,ng,new_inf,2040,52200.0
moderate,moderate,none,True,ng,new_inf,2027,1223916.0
moderate,moderate,none,True,ng,new_inf,2028,1200426.0
moderate,moderate,none,True,ng,new_inf,2029,1180068.0
moderate,moderate,none,True,ng,new_inf,2030,1156404.0
moderate,moderate,none,True,ng,new_inf,2031,1029732.0
moderate,moderate,none,True,ng,new_inf,2032,1104552.0
moderate,moderate,none,True,ng,new_inf,2033,1017204.0
moderate,moderate,none,True,ng,new_inf,2034,1111686.0
moderate,moderate,none,True,ng,new_inf,2035,1329360.0
moderate,moderate,none,True,ng,new_inf,2036,1234878.0
moderate,moderate,none,True,ng,new_inf,2037,1190334.0
moderate,moderate,none,True,ng,new_inf,2038,1348848.0
moderate,moderate,none,True,ng,new_inf,2039,1497792.0
moderate,moderate,none,True,ng,new_inf,2040,119364.0
baseline,baseline,high,True,ct,prevalence,2027,0.10325025004902288
baseline,baseline,high,True,ct,prevalence,2028,0.09803524039563757
baseline,baseline,high,True,ct,prevalence,2029,0.09633922189297842
baseline,baseline,high,True,ct,prevalence,2030,0.09541616037332996
baseline,baseline,high,True,ct,prevalence,2031,0.09516119378178764
baseline,baseline,high,True,ct,prevalence,2032,0.09532404172018616
baseline,baseline,high,True,ct,prevalence,2033,0.09628721251000341
baseline,baseline,high,True,ct,prevalence,2034,0.09491711683305656
baseline,baseline,high,True,ct,prevalence,2035,0.09382898119907683
baseline,baseline,high,True,ct,prevalence,2036,0.0960317201888952
baseline,baseline,high,True,ct,prevalence,2037,0.09597572669095147
baseline,baseline,high,True,ct,prevalence,2038,0.09736598318704152
baseline,baseline,high,True,ct,prevalence,2039,0.10025740162345606
baseline,baseline,high,True,ct,prevalence,2040,0.10315986365186806
baseline,baseline,low,True,ct,prevalence,2027,0.10484037194252505
baseline,baseline,low,True,ct,prevalence,2028,0.1027614735642873
baseline,baseline,low,True,ct,prevalence,2029,0.10252818485145301
baseline,baseline,low,True,ct,prevalence,2030,0.10171235264647871
baseline,baseline,low,True,ct,prevalence,2031,0.1027431492380654
baseline,baseline,low,True,ct,prevalence,2032,0.10361987890868471
baseline,baseline,low,True,ct,prevalence,2033,0.1045313131887418
baseline,baseline,low,True,ct,prevalence,2034,0.10384769880542229
baseline,baseline,low,True,ct,prevalence,2035,0.10256693910260195
baseline,baseline,low,True,ct,prevalence,2036,0.10414799674865172
baseline,baseline,low,True,ct,prevalence,2037,0.10380248114841825
baseline,baseline,low,True,ct,prevalence,2038,0.10466726256044126
baseline,baseline,low,True,ct,prevalence,2039,0.10598501144239067
baseline,baseline,low,True,ct,prevalence,2040,0.10883750489166748
baseline,baseline,moderate,True,ct,prevalence,2027,0.10395929102968116
baseline,baseline,moderate,True,ct,prevalence,2028,0.10004893281307672
baseline,baseline,moderate,True,ct,prevalence,2029,0.09896129563202327
baseline,baseline,moderate,True,ct,prevalence,2030,0.09877806079450493
baseline,baseline,moderate,True,ct,prevalence,2031,0.09952571845251869
baseline,baseline,moderate,True,ct,prevalence,2032,0.10012845612821726
baseline,baseline,moderate,True,ct,prevalence,2033,0.10106987295722729
baseline,baseline,moderate,True,ct,prevalence,2034,0.09909297034050749
baseline,baseline,moderate,True,ct,prevalence,2035,0.09733771666036992
baseline,baseline,moderate,True,ct,prevalence,2036,0.09892175953998286
baseline,baseline,moderate,True,ct,prevalence,2037,0.09894094628238814
baseline,baseline,moderate,True,ct,prevalence,2038,0.10113277808090451
baseline,baseline,moderate,True,ct,prevalence,2039,0.10321023157253992
baseline,baseline,moderate,True,ct,prevalence,2040,0.10553543028025932
baseline,baseline,none,False,ct,prevalence,2027,0.10356759774113451
baseline,baseline,none,False,ct,prevalence,2028,0.10350080373599338
baseline,baseline,none,False,ct,prevalence,2029,0.10317262480054239
baseline,baseline,none,False,ct,prevalence,2030,0.1025451691787755
baseline,baseline,none,False,ct,prevalence,2031,0.10241066672698766
baseline,baseline,none,False,ct,prevalence,2032,0.10133870414492085
baseline,baseline,none,False,ct,prevalence,2033,0.10227496538306027
baseline,baseline,none,False,ct,prevalence,2034,0.10359383435413712
baseline,baseline,none,False,ct,prevalence,2035,0.10320238046856067
baseline,baseline,none,False,ct,prevalence,2036,0.10455031001344606
baseline,baseline,none,False,ct,prevalence,2037,0.10365304332250336
baseline,baseline,none,False,ct,prevalence,2038,0.10455998866358159
baseline,baseline,none,False,ct,prevalence,2039,0.10613111718653552
baseline,baseline,none,False,ct,prevalence,2040,0.10889856533315159
baseline,baseline,none,True,ct,prevalence,2027,0.10558020478821276
baseline,baseline,none,True,ct,prevalence,2028,0.10552844850844827
baseline,baseline,none,True,ct,prevalence,2029,0.1060609141243237
baseline,baseline,none,True,ct,prevalence,2030,0.10622924165703256
baseline,baseline,none,True,ct,prevalence,2031,0.10690557815178767
baseline,baseline,none,True,ct,prevalence,2032,0.1087573477261454
baseline,baseline,none,True,ct,prevalence,2033,0.10995460173925878
baseline,baseline,none,True,ct,prevalence,2034,0.10817167188476429
baseline,baseline,none,True,ct,prevalence,2035,0.10637153234055245
baseline,baseline,none,True,ct,prevalence,2036,0.107978397334105
baseline,baseline,none,True,ct,prevalence,2037,0.10855158087999035
baseline,baseline,none,True,ct,prevalence,2038,0.11092740257739445
baseline,baseline,none,True,ct,prevalence,2039,0.1129065420701674
baseline,baseline,none,True,ct,prevalence,2040,0.11603742735967988
baseline,high,high,True,ct,prevalence,2027,0.09636664744143578
baseline,high,high,True,ct,prevalence,2028,0.08047248221327832
baseline,high,high,True,ct,prevalence,2029,0.07384742004657038
baseline,high,high,True,ct,prevalence,2030,0.0712192044404441
baseline,high,high,True,ct,prevalence,2031,0.0696738951921426
baseline,high,high,True,ct,prevalence,2032,0.06770553627527627
baseline,high,high,True,ct,prevalence,2033,0.06657881669956625
baseline,high,high,True,ct,prevalence,2034,0.06670152021437208
baseline,high,high,True,ct,prevalence,2035,0.06622978484456346
baseline,high,high,True,ct,prevalence,2036,0.06688281762102753
baseline,high,high,True,ct,prevalence,2037,0.06911460579637026
baseline,high,high,True,ct,prevalence,2038,0.06940935976425017
baseline,high,high,True,ct,prevalence,2039,0.07066694379712782
baseline,high,high,True,ct,prevalence,2040,0.07324399553168935
baseline,high,low,True,ct,prevalence,2027,0.09806984768423156
baseline,high,low,True,ct,prevalence,2028,0.0845473848559494
baseline,high,low,True,ct,prevalence,2029,0.0784774145246985
baseline,high,low,True,ct,prevalence,2030,0.07561367165468341
baseline,high,low,True,ct,prevalence,2031,0.0736532265399806
baseline,high,low,True,ct,prevalence,2032,0.07269234526320738
baseline,high,low,True,ct,prevalence,2033,0.07177221860976377
baseline,high,low,True,ct,prevalence,2034,0.07208773425068848
baseline,high,low,True,ct,prevalence,2035,0.07273366337004293
baseline,high,low,True,ct,prevalence,2036,0.07397024143044761
baseline,high,low,True,ct,prevalence,2037,0.07520275516132556
baseline,high,low,True,ct,prevalence,2038,0.07384687156016448
baseline,high,low,True,ct,prevalence,2039,0.07471277654563427
baseline,high,low,True,ct,prevalence,2040,0.07808519853378812
baseline,high,moderate,True,ct,prevalence,2027,0.09711312653802434
baseline,high,moderate,True,ct,prevalence,2028,0.08234676632419131
baseline,high,moderate,True,ct,prevalence,2029,0.07585990625880948
baseline,high,moderate,True,ct,prevalence,2030,0.07353961009241347
baseline,high,moderate,True,ct,prevalence,2031,0.07163374676316839
baseline,high,moderate,True,ct,prevalence,2032,0.07075517964886001
baseline,high,moderate,True,ct,prevalence,2033,0.06936094351372771
baseline,high,moderate,True,ct,prevalence,2034,0.06972029042148964
baseline,high,moderate,True,ct,prevalence,2035,0.0699254324811085
baseline,high,moderate,True,ct,prevalence,2036,0.07037863982809728
baseline,high,moderate,True,ct,prevalence,2037,0.07136314312215901
baseline,high,moderate,True,ct,prevalence,2038,0.0705782282022768
baseline,high,moderate,True,ct,prevalence,2039,0.07149977330111054
baseline,high,moderate,True,ct,prevalence,2040,0.07539104818751848
baseline,high,none,True,ct,prevalence,2027,0.09897795513439071
baseline,high,none,True,ct,prevalence,2028,0.08760124832078685
baseline,high,none,True,ct,prevalence,2029,0.08295547398876507
baseline,high,none,True,ct,prevalence,2030,0.0793843765223065
baseline,high,none,True,ct,prevalence,2031,0.07782036804329766
baseline,high,none,True,ct,prevalence,2032,0.07812262702833175
baseline,high,none,True,ct,prevalence,2033,0.07722866301612093
baseline,high,none,True,ct,prevalence,2034,0.07703357763865495
baseline,high,none,True,ct,prevalence,2035,0.07706090179851359
baseline,high,none,True,ct,prevalence,2036,0.07754556134428327
baseline,high,none,True,ct,prevalence,2037,0.07834649717155656
baseline,high,none,True,ct,prevalence,2038,0.07878640570720549
baseline,high,none,True,ct,prevalence,2039,0.08021202597493182
baseline,high,none,True,ct,prevalence,2040,0.08316811248723707
baseline,low,high,True,ct,prevalence,2027,0.10203271718951287
baseline,low,high,True,ct,prevalence,2028,0.0945613875544519
baseline,low,high,True,ct,prevalence,2029,0.09193025173772093
baseline,low,high,True,ct,prevalence,2030,0.09001721270045919
baseline,low,high,True,ct,prevalence,2031,0.08928524005090166
baseline,low,high,True,ct,prevalence,2032,0.08909902406941902
baseline,low,high,True,ct,prevalence,2033,0.08891279347333021
baseline,low,high,True,ct,prevalence,2034,0.08815240176982507
baseline,low,high,True,ct,prevalence,2035,0.08857465607533285
baseline,low,high,True,ct,prevalence,2036,0.09116722012091569
baseline,low,high,True,ct,prevalence,2037,0.09166272745923001
baseline,low,high,True,ct,prevalence,2038,0.09206932062927013
baseline,low,high,True,ct,prevalence,2039,0.09349651637845363
baseline,low,high,True,ct,prevalence,2040,0.0956859239491948
baseline,low,low,True,ct,prevalence,2027,0.10364173458405804
baseline,low,low,True,ct,prevalence,2028,0.09956044321610083
baseline,low,low,True,ct,prevalence,2029,0.09790249186260389
baseline,low,low,True,ct,prevalence,2030,0.09627278608826925
baseline,low,low,True,ct,prevalence,2031,0.09724085619748937
baseline,low,low,True,ct,prevalence,2032,0.09802945805338967
baseline,low,low,True,ct,prevalence,2033,0.09839749335073122
baseline,low,low,True,ct,prevalence,2034,0.09787947880690293
baseline,low,low,True,ct,prevalence,2035,0.0967342958164886
baseline,low,low,True,ct,prevalence,2036,0.098783821065584
baseline,low,low,True,ct,prevalence,2037,0.09970268982629385
baseline,low,low,True,ct,prevalence,2038,0.09964225231524003
baseline,low,low,True,ct,prevalence,2039,0.10035075265966235
baseline,low,low,True,ct,prevalence,2040,0.10381381887409687
baseline,low,moderate,True,ct,prevalence,2027,0.10269432194235054
baseline,low,moderate,True,ct,prevalence,2028,0.09681256247795753
baseline,low,moderate,True,ct,prevalence,2029,0.09474389823700016
baseline,low,moderate,True,ct,prevalence,2030,0.09366652339417739
baseline,low,moderate,True,ct,prevalence,2031,0.09361252920218781
baseline,low,moderate,True,ct,prevalence,2032,0.09354388248661957
baseline,low,moderate,True,ct,prevalence,2033,0.09347970330231564
baseline,low,moderate,True,ct,prevalence,2034,0.09328851849125093
baseline,low,moderate,True,ct,prevalence,2035,0.09179120243374138
baseline,low,moderate,True,ct,prevalence,2036,0.0936892682800887
baseline,low,moderate,True,ct,prevalence,2037,0.0946171893326056
baseline,low,moderate,True,ct,prevalence,2038,0.0950869962541562
baseline,low,moderate,True,ct,prevalence,2039,0.09658585270303086
baseline,low,moderate,True,ct,prevalence,2040,0.09950169580438648
baseline,low,none,True,ct,prevalence,2027,0.10444082002191783
baseline,low,none,True,ct,prevalence,2028,0.10244319082742304
baseline,low,none,True,ct,prevalence,2029,0.10166058847025013
baseline,low,none,True,ct,prevalence,2030,0.10076765184178453
baseline,low,none,True,ct,prevalence,2031,0.1015005942126271
baseline,low,none,True,ct,prevalence,2032,0.10274323562038876
baseline,low,none,True,ct,prevalence,2033,0.10345033079661729
baseline,low,none,True,ct,prevalence,2034,0.10255370712159391
baseline,low,none,True,ct,prevalence,2035,0.10159489698049602
baseline,low,none,True,ct,prevalence,2036,0.10360368706519456
baseline,low,none,True,ct,prevalence,2037,0.1037031141043657
baseline,low,none,True,ct,prevalence,2038,0.1047284397020631
baseline,low,none,True,ct,prevalence,2039,0.10665685035075498
baseline,low,none,True,ct,prevalence,2040,0.10928791675683354
baseline,moderate,high,True,ct,prevalence,2027,0.09944214278525189
baseline,moderate,high,True,ct,prevalence,2028,0.08811288410086723
baseline,moderate,high,True,ct,prevalence,2029,0.08317949649783576
baseline,moderate,high,True,ct,prevalence,2030,0.08118982995175192
baseline,moderate,high,True,ct,prevalence,2031,0.07973664949029118
baseline,moderate,high,True,ct,prevalence,2032,0.07851493282564638
baseline,moderate,high,True,ct,prevalence,2033,0.07906278738547254
baseline,moderate,high,True,ct,prevalence,2034,0.0790072195433695
baseline,moderate,high,True,ct,prevalence,2035,0.0782832925121805
baseline,moderate,high,True,ct,prevalence,2036,0.07965680063749705
baseline,moderate,high,True,ct,prevalence,2037,0.08062274253789539
baseline,moderate,high,True,ct,prevalence,2038,0.08093871896117619
baseline,moderate,high,True,ct,prevalence,2039,0.08262621468266707
baseline,moderate,high,True,ct,prevalence,2040,0.08593397600661803
baseline,moderate,low,True,ct,prevalence,2027,0.10125924747354187
baseline,moderate,low,True,ct,prevalence,2028,0.09298528683654009
baseline,moderate,low,True,ct,prevalence,2029,0.08851275863458888
baseline,moderate,low,True,ct,prevalence,2030,0.08693847431542526
baseline,moderate,low,True,ct,prevalence,2031,0.08679507828808013
baseline,moderate,low,True,ct,prevalence,2032,0.08637820636772808
baseline,moderate,low,True,ct,prevalence,2033,0.08692134352379507
baseline,moderate,low,True,ct,prevalence,2034,0.08713674744083408
baseline,moderate,low,True,ct,prevalence,2035,0.0861760786917966
baseline,moderate,low,True,ct,prevalence,2036,0.08714619726049357
baseline,moderate,low,True,ct,prevalence,2037,0.08818919098663078
baseline,moderate,low,True,ct,prevalence,2038,0.08950651188008249
baseline,moderate,low,True,ct,prevalence,2039,0.09067197617426091
baseline,moderate,low,True,ct,prevalence,2040,0.09387290140355102
baseline,moderate,moderate,True,ct,prevalence,2027,0.1001238162022245
baseline,moderate,moderate,True,ct,prevalence,2028,0.09009425001327595
baseline,moderate,moderate,True,ct,prevalence,2029,0.08559979938892062
baseline,moderate,moderate,True,ct,prevalence,2030,0.08412839959517279
baseline,moderate,moderate,True,ct,prevalence,2031,0.08342631738496382
baseline,moderate,moderate,True,ct,prevalence,2032,0.08326141964257822
baseline,moderate,moderate,True,ct,prevalence,2033,0.0839100418744737
baseline,moderate,moderate,True,ct,prevalence,2034,0.08441646584992377
baseline,moderate,moderate,True,ct,prevalence,2035,0.08254737058239547
baseline,moderate,moderate,True,ct,prevalence,2036,0.08357566703107945
baseline,moderate,moderate,True,ct,prevalence,2037,0.08379691800242693
baseline,moderate,moderate,True,ct,prevalence,2038,0.08440084048639487
baseline,moderate,moderate,True,ct,prevalence,2039,0.08608921414867376
baseline,moderate,moderate,True,ct,prevalence,2040,0.08888950729170057
baseline,moderate,none,True,ct,prevalence,2027,0.10213624618336663
baseline,moderate,none,True,ct,prevalence,2028,0.09628529421202411
baseline,moderate,none,True,ct,prevalence,2029,0.09307409073644943
baseline,moderate,none,True,ct,prevalence,2030,0.09118481657492064
baseline,moderate,none,True,ct,prevalence,2031,0.09094874694997965
baseline,moderate,none,True,ct,prevalence,2032,0.09180814099830445
baseline,moderate,none,True,ct,prevalence,2033,0.09217595709307005
baseline,moderate,none,True,ct,prevalence,2034,0.09153388828454753
baseline,moderate,none,True,ct,prevalence,2035,0.09106648926107243
baseline,moderate,none,True,ct,prevalence,2036,0.09167211696033718
baseline,moderate,none,True,ct,prevalence,2037,0.09264937481125816
baseline,moderate,none,True,ct,prevalence,2038,0.0937423843156483
baseline,moderate,none,True,ct,prevalence,2039,0.09527883360213497
baseline,moderate,none,True,ct,prevalence,2040,0.09907330980668105
high,baseline,high,True,ct,prevalence,2027,0.09984068219476003
high,baseline,high,True,ct,prevalence,2028,0.08709250435472786
high,baseline,high,True,ct,prevalence,2029,0.08211515671867023
high,baseline,high,True,ct,prevalence,2030,0.08084099450454131
high,baseline,high,True,ct,prevalence,2031,0.07822030187592657
high,baseline,high,True,ct,prevalence,2032,0.07686373742594119
high,baseline,high,True,ct,prevalence,2033,0.07743416447060093
high,baseline,high,True,ct,prevalence,2034,0.07664646828716162
high,baseline,high,True,ct,prevalence,2035,0.0763684682285308
high,baseline,high,True,ct,prevalence,2036,0.07835399722966635
high,baseline,high,True,ct,prevalence,2037,0.07875036837638304
high,baseline,high,True,ct,prevalence,2038,0.07855736291448037
high,baseline,high,True,ct,prevalence,2039,0.0801955600929383
high,baseline,high,True,ct,prevalence,2040,0.08270349731867307
high,baseline,low,True,ct,prevalence,2027,0.10162933179133864
high,baseline,low,True,ct,prevalence,2028,0.09243729724508094
high,baseline,low,True,ct,prevalence,2029,0.08764946727774155
high,baseline,low,True,ct,prevalence,2030,0.08638818225964816
high,baseline,low,True,ct,prevalence,2031,0.08645773412458466
high,baseline,low,True,ct,prevalence,2032,0.08650369894363921
high,baseline,low,True,ct,prevalence,2033,0.08704208846942026
high,baseline,low,True,ct,prevalence,2034,0.08611437081460224
high,baseline,low,True,ct,prevalence,2035,0.08488858454545266
high,baseline,low,True,ct,prevalence,2036,0.08540240828207653
high,baseline,low,True,ct,prevalence,2037,0.08616348894886627
high,baseline,low,True,ct,prevalence,2038,0.08845790431087652
high,baseline,low,True,ct,prevalence,2039,0.08941444975733584
high,baseline,low,True,ct,prevalence,2040,0.09241268583897504
high,baseline,moderate,True,ct,prevalence,2027,0.10066755510972633
high,baseline,moderate,True,ct,prevalence,2028,0.08950937751179613
high,baseline,moderate,True,ct,prevalence,2029,0.0842594098785973
high,baseline,moderate,True,ct,prevalence,2030,0.08342676268844047
high,baseline,moderate,True,ct,prevalence,2031,0.08232362598049395
high,baseline,moderate,True,ct,prevalence,2032,0.08204414871850652
high,baseline,moderate,True,ct,prevalence,2033,0.08190499622261534
high,baseline,moderate,True,ct,prevalence,2034,0.0811489722004248
high,baseline,moderate,True,ct,prevalence,2035,0.08054942066370094
high,baseline,moderate,True,ct,prevalence,2036,0.08181739913563288
high,baseline,moderate,True,ct,prevalence,2037,0.08227496121599645
high,baseline,moderate,True,ct,prevalence,2038,0.08367274940084982
high,baseline,moderate,True,ct,prevalence,2039,0.08519120799337819
high,baseline,moderate,True,ct,prevalence,2040,0.08833262711896964
high,baseline,none,True,ct,prevalence,2027,0.1024490383665575
high,baseline,none,True,ct,prevalence,2028,0.09540819051826226
high,baseline,none,True,ct,prevalence,2029,0.09243980322031418
high,baseline,none,True,ct,prevalence,2030,0.0921924146760969
high,baseline,none,True,ct,prevalence,2031,0.09190777899599893
high,baseline,none,True,ct,prevalence,2032,0.09214492709019301
high,baseline,none,True,ct,prevalence,2033,0.09272087005869956
high,baseline,none,True,ct,prevalence,2034,0.09196052268132945
high,baseline,none,True,ct,prevalence,2035,0.09058566639361938
high,baseline,none,True,ct,prevalence,2036,0.09103452035960688
high,baseline,none,True,ct,prevalence,2037,0.09184814179319715
high,baseline,none,True,ct,prevalence,2038,0.09439057791357919
high,baseline,none,True,ct,prevalence,2039,0.09448196480149362
high,baseline,none,True,ct,prevalence,2040,0.09778124958647912
high,high,high,True,ct,prevalence,2027,0.09245806349892846
high,high,high,True,ct,prevalence,2028,0.06785052985132826
high,high,high,True,ct,prevalence,2029,0.05874514658251615
high,high,high,True,ct,prevalence,2030,0.05496387588409897
high,high,high,True,ct,prevalence,2031,0.05239755719167123
high,high,high,True,ct,prevalence,2032,0.050430183402525565
high,high,high,True,ct,prevalence,2033,0.049193792913888985
high,high,high,True,ct,prevalence,2034,0.04953961533284985
high,high,high,True,ct,prevalence,2035,0.04938455919775374
high,high,high,True,ct,prevalence,2036,0.050307085099038605
high,high,high,True,ct,prevalence,2037,0.04877743488916088
high,high,high,True,ct,prevalence,2038,0.049836303742861535
high,high,high,True,ct,prevalence,2039,0.05132241400723967
high,high,high,True,ct,prevalence,2040,0.05488741964989241
high,high,low,True,ct,prevalence,2027,0.09426652364002334
high,high,low,True,ct,prevalence,2028,0.07243540195897823
high,high,low,True,ct,prevalence,2029,0.06354096261706041
high,high,low,True,ct,prevalence,2030,0.059312055472282264
high,high,low,True,ct,prevalence,2031,0.05689407673846349
high,high,low,True,ct,prevalence,2032,0.05616864008286587
high,high,low,True,ct,prevalence,2033,0.05481293218675792
high,high,low,True,ct,prevalence,2034,0.05412168958537104
high,high,low,True,ct,prevalence,2035,0.05472768227648729
high,high,low,True,ct,prevalence,2036,0.05583017638542861
high,high,low,True,ct,prevalence,2037,0.05395233341834073
high,high,low,True,ct,prevalence,2038,0.05469656177432282
high,high,low,True,ct,prevalence,2039,0.0573185889625157
high,high,low,True,ct,prevalence,2040,0.06055779315778402
high,high,moderate,True,ct,prevalence,2027,0.09323782356461759
high,high,moderate,True,ct,prevalence,2028,0.06991395610155782
high,high,moderate,True,ct,prevalence,2029,0.06102280764577419
high,high,moderate,True,ct,prevalence,2030,0.05717092733927702
high,high,moderate,True,ct,prevalence,2031,0.05512336293205307
high,high,moderate,True,ct,prevalence,2032,0.05395748155041537
high,high,moderate,True,ct,prevalence,2033,0.05316333057899038
high,high,moderate,True,ct,prevalence,2034,0.05308294886658178
high,high,moderate,True,ct,prevalence,2035,0.052428417894140614
high,high,moderate,True,ct,prevalence,2036,0.051908134851297874
high,high,moderate,True,ct,prevalence,2037,0.051246125897189986
high,high,moderate,True,ct,prevalence,2038,0.053660891507501585
high,high,moderate,True,ct,prevalence,2039,0.05356469037014687
high,high,moderate,True,ct,prevalence,2040,0.058330178963052384
high,high,none,True,ct,prevalence,2027,0.09522975262976084
high,high,none,True,ct,prevalence,2028,0.07549818001145243
high,high,none,True,ct,prevalence,2029,0.06790455582662065
high,high,none,True,ct,prevalence,2030,0.06297706144745964
high,high,none,True,ct,prevalence,2031,0.060352058528973386
high,high,none,True,ct,prevalence,2032,0.059628514956632336
high,high,none,True,ct,prevalence,2033,0.05914253925305094
high,high,none,True,ct,prevalence,2034,0.05858298346213542
high,high,none,True,ct,prevalence,2035,0.0594164398376123
high,high,none,True,ct,prevalence,2036,0.06043551816176146
high,high,none,True,ct,prevalence,2037,0.06056843030219681
high,high,none,True,ct,prevalence,2038,0.06222796091925205
high,high,none,True,ct,prevalence,2039,0.06292034382052167
high,high,none,True,ct,prevalence,2040,0.06672968435629112
high,low,high,True,ct,prevalence,2027,0.09846910281573923
high,low,high,True,ct,prevalence,2028,0.08326522891216032
high,low,high,True,ct,prevalence,2029,0.07702186908516734
high,low,high,True,ct,prevalence,2030,0.07510761007705424
high,low,high,True,ct,prevalence,2031,0.07315615041897264
high,low,high,True,ct,prevalence,2032,0.07094362934265037
high,low,high,True,ct,prevalence,2033,0.07120192488123875
high,low,high,True,ct,prevalence,2034,0.07005784142756806
high,low,high,True,ct,prevalence,2035,0.06926575167482733
high,low,high,True,ct,prevalence,2036,0.0709196074534733
high,low,high,True,ct,prevalence,2037,0.0711961296676944
high,low,high,True,ct,prevalence,2038,0.07291996938273079
high,low,high,True,ct,prevalence,2039,0.07384044959542121
high,low,high,True,ct,prevalence,2040,0.0764958126220944
high,low,low,True,ct,prevalence,2027,0.10028052770530071
high,low,low,True,ct,prevalence,2028,0.08869313895122558
high,low,low,True,ct,prevalence,2029,0.08322263076817801
high,low,low,True,ct,prevalence,2030,0.08159584300336185
high,low,low,True,ct,prevalence,2031,0.08102532013596879
high,low,low,True,ct,prevalence,2032,0.080028798130143
high,low,low,True,ct,prevalence,2033,0.07979481013494893
high,low,low,True,ct,prevalence,2034,0.07883676682295904
high,low,low,True,ct,prevalence,2035,0.0781679517131605
high,low,low,True,ct,prevalence,2036,0.07945168726079181
high,low,low,True,ct,prevalence,2037,0.08147535873989223
high,low,low,True,ct,prevalence,2038,0.08253673422569135
high,low,low,True,ct,prevalence,2039,0.08307139732570593
high,low,low,True,ct,prevalence,2040,0.08575516617934316
high,low,moderate,True,ct,prevalence,2027,0.09925920000400416
high,low,moderate,True,ct,prevalence,2028,0.08584491404074891
high,low,moderate,True,ct,prevalence,2029,0.079929483068414
high,low,moderate,True,ct,prevalence,2030,0.07893134951649669
high,low,moderate,True,ct,prevalence,2031,0.07724823702496003
high,low,moderate,True,ct,prevalence,2032,0.07561222128150925
high,low,moderate,True,ct,prevalence,2033,0.0753943775750508
high,low,moderate,True,ct,prevalence,2034,0.07465488879033344
high,low,moderate,True,ct,prevalence,2035,0.07397680592065205
high,low,moderate,True,ct,prevalence,2036,0.07586003867125911
high,low,moderate,True,ct,prevalence,2037,0.07635922616908039
high,low,moderate,True,ct,prevalence,2038,0.07776323279833994
high,low,moderate,True,ct,prevalence,2039,0.07908182866577033
high,low,moderate,True,ct,prevalence,2040,0.08240551456398111
high,low,none,True,ct,prevalence,2027,0.10117050935628136
high,low,none,True,ct,prevalence,2028,0.09187782347263293
high,low,none,True,ct,prevalence,2029,0.0877949944652627
high,low,none,True,ct,prevalence,2030,0.08654628034760706
high,low,none,True,ct,prevalence,2031,0.08670748180368834
high,low,none,True,ct,prevalence,2032,0.08569763640183312
high,low,none,True,ct,prevalence,2033,0.0849940365495231
high,low,none,True,ct,prevalence,2034,0.08464101791315001
high,low,none,True,ct,prevalence,2035,0.0850262973402233
high,low,none,True,ct,prevalence,2036,0.08597934410250248
high,low,none,True,ct,prevalence,2037,0.08670928691982993
high,low,none,True,ct,prevalence,2038,0.08811210160677636
high,low,none,True,ct,prevalence,2039,0.08893354325148761
high,low,none,True,ct,prevalence,2040,0.09288160033465989
high,moderate,high,True,ct,prevalence,2027,0.09568806676896692
high,moderate,high,True,ct,prevalence,2028,0.07617156315554749
high,moderate,high,True,ct,prevalence,2029,0.06789750807517722
high,moderate,high,True,ct,prevalence,2030,0.06555237673848426
high,moderate,high,True,ct,prevalence,2031,0.06357157440622078
high,moderate,high,True,ct,prevalence,2032,0.06135308864319829
high,moderate,high,True,ct,prevalence,2033,0.06234451989498545
high,moderate,high,True,ct,prevalence,2034,0.061635994915796036
high,moderate,high,True,ct,prevalence,2035,0.061654819480870496
high,moderate,high,True,ct,prevalence,2036,0.061678268479283184
high,moderate,high,True,ct,prevalence,2037,0.061707230008369376
high,moderate,high,True,ct,prevalence,2038,0.06279566913986298
high,moderate,high,True,ct,prevalence,2039,0.06357590278174637
high,moderate,high,True,ct,prevalence,2040,0.06579184151946306
high,moderate,low,True,ct,prevalence,2027,0.09765212503069293
high,moderate,low,True,ct,prevalence,2028,0.08112847255087915
high,moderate,low,True,ct,prevalence,2029,0.07347435004925637
high,moderate,low,True,ct,prevalence,2030,0.0715431716259329
high,moderate,low,True,ct,prevalence,2031,0.07045146923489472
high,moderate,low,True,ct,prevalence,2032,0.06921713003353942
high,moderate,low,True,ct,prevalence,2033,0.06962260039429112
high,moderate,low,True,ct,prevalence,2034,0.06805790001723945
high,moderate,low,True,ct,prevalence,2035,0.06875934419014731
high,moderate,low,True,ct,prevalence,2036,0.06861472751234929
high,moderate,low,True,ct,prevalence,2037,0.06900434551763368
high,moderate,low,True,ct,prevalence,2038,0.07039175082309719
high,moderate,low,True,ct,prevalence,2039,0.0713505807949437
high,moderate,low,True,ct,prevalence,2040,0.07517680283525308
high,moderate,moderate,True,ct,prevalence,2027,0.0964800925966702
high,moderate,moderate,True,ct,prevalence,2028,0.07833953364757716
high,moderate,moderate,True,ct,prevalence,2029,0.07078603883817428
high,moderate,moderate,True,ct,prevalence,2030,0.0690687863308607
high,moderate,moderate,True,ct,prevalence,2031,0.06748805499908964
high,moderate,moderate,True,ct,prevalence,2032,0.06495868132244882
high,moderate,moderate,True,ct,prevalence,2033,0.06438755782635767
high,moderate,moderate,True,ct,prevalence,2034,0.06382296622666575
high,moderate,moderate,True,ct,prevalence,2035,0.0642385644249956
high,moderate,moderate,True,ct,prevalence,2036,0.0653450148779187
high,moderate,moderate,True,ct,prevalence,2037,0.06668485834333027
high,moderate,moderate,True,ct,prevalence,2038,0.06739348302259361
high,moderate,moderate,True,ct,prevalence,2039,0.06814715420110559
high,moderate,moderate,True,ct,prevalence,2040,0.07164888417966775
high,moderate,none,True,ct,prevalence,2027,0.09857477728360518
high,moderate,none,True,ct,prevalence,2028,0.0845975919454623
high,moderate,none,True,ct,prevalence,2029,0.07848226336379789
high,moderate,none,True,ct,prevalence,2030,0.07601416612659741
high,moderate,none,True,ct,prevalence,2031,0.0753523778921639
high,moderate,none,True,ct,prevalence,2032,0.07351155367409169
high,moderate,none,True,ct,prevalence,2033,0.07378336904411319
high,moderate,none,True,ct,prevalence,2034,0.07386930769332792
high,moderate,none,True,ct,prevalence,2035,0.07410346232536971
high,moderate,none,True,ct,prevalence,2036,0.07408836669743799
high,moderate,none,True,ct,prevalence,2037,0.07500616439328898
high,moderate,none,True,ct,prevalence,2038,0.07596146001098915
high,moderate,none,True,ct,prevalence,2039,0.07660679931515912
high,moderate,none,True,ct,prevalence,2040,0.08093438061795113
low,baseline,high,True,ct,prevalence,2027,0.10105909866287288
low,baseline,high,True,ct,prevalence,2028,0.09114851889182615
low,baseline,high,True,ct,prevalence,2029,0.08728277807528381
low,baseline,high,True,ct,prevalence,2030,0.08681389607876719
low,baseline,high,True,ct,prevalence,2031,0.08516329922342751
low,baseline,high,True,ct,prevalence,2032,0.08444565097521121
low,baseline,high,True,ct,prevalence,2033,0.08489321376457842
low,baseline,high,True,ct,prevalence,2034,0.08253848869162901
low,baseline,high,True,ct,prevalence,2035,0.08120551920525818
low,baseline,high,True,ct,prevalence,2036,0.0830644790041324
low,baseline,high,True,ct,prevalence,2037,0.08374948895116083
low,baseline,high,True,ct,prevalence,2038,0.08387590985542409
low,baseline,high,True,ct,prevalence,2039,0.08559990417166943
low,baseline,high,True,ct,prevalence,2040,0.08861819320023509
low,baseline,low,True,ct,prevalence,2027,0.1027284869362894
low,baseline,low,True,ct,prevalence,2028,0.09618689292789713
low,baseline,low,True,ct,prevalence,2029,0.0931684405142488
low,baseline,low,True,ct,prevalence,2030,0.09241872703314932
low,baseline,low,True,ct,prevalence,2031,0.09325769026791267
low,baseline,low,True,ct,prevalence,2032,0.0931597751607451
low,baseline,low,True,ct,prevalence,2033,0.0930804175982365
low,baseline,low,True,ct,prevalence,2034,0.09140762565639018
low,baseline,low,True,ct,prevalence,2035,0.0896412541271455
low,baseline,low,True,ct,prevalence,2036,0.09141717912935901
low,baseline,low,True,ct,prevalence,2037,0.09227690566531813
low,baseline,low,True,ct,prevalence,2038,0.0930511533716725
low,baseline,low,True,ct,prevalence,2039,0.0936686227965086
low,baseline,low,True,ct,prevalence,2040,0.0973200206171639
low,baseline,moderate,True,ct,prevalence,2027,0.10178693716234541
low,baseline,moderate,True,ct,prevalence,2028,0.09333656036419329
low,baseline,moderate,True,ct,prevalence,2029,0.08979107782551714
low,baseline,moderate,True,ct,prevalence,2030,0.08932822180067615
low,baseline,moderate,True,ct,prevalence,2031,0.08905224242685736
low,baseline,moderate,True,ct,prevalence,2032,0.08933798070563606
low,baseline,moderate,True,ct,prevalence,2033,0.08912256639689667
low,baseline,moderate,True,ct,prevalence,2034,0.086962782167847
low,baseline,moderate,True,ct,prevalence,2035,0.08553162774657871
low,baseline,moderate,True,ct,prevalence,2036,0.08704874551209893
low,baseline,moderate,True,ct,prevalence,2037,0.08732491886943267
low,baseline,moderate,True,ct,prevalence,2038,0.0888882317786299
low,baseline,moderate,True,ct,prevalence,2039,0.09073874729882532
low,baseline,moderate,True,ct,prevalence,2040,0.09338436669975973
low,baseline,none,True,ct,prevalence,2027,0.10347184564162366
low,baseline,none,True,ct,prevalence,2028,0.09890794710056303
low,baseline,none,True,ct,prevalence,2029,0.0971831987366186
low,baseline,none,True,ct,prevalence,2030,0.09766727494752428
low,baseline,none,True,ct,prevalence,2031,0.09842303595256902
low,baseline,none,True,ct,prevalence,2032,0.09844556267474751
low,baseline,none,True,ct,prevalence,2033,0.09844794941290373
low,baseline,none,True,ct,prevalence,2034,0.09718350001007894
low,baseline,none,True,ct,prevalence,2035,0.0957664631475471
low,baseline,none,True,ct,prevalence,2036,0.09774842903457069
low,baseline,none,True,ct,prevalence,2037,0.09877721304270373
low,baseline,none,True,ct,prevalence,2038,0.1002351932205879
low,baseline,none,True,ct,prevalence,2039,0.10093522605827503
low,baseline,none,True,ct,prevalence,2040,0.10423690401214303
low,high,high,True,ct,prevalence,2027,0.093793736504891
low,high,high,True,ct,prevalence,2028,0.0720933055782749
low,high,high,True,ct,prevalence,2029,0.06390560814564539
low,high,high,True,ct,prevalence,2030,0.060392039904901884
low,high,high,True,ct,prevalence,2031,0.05790753415888289
low,high,high,True,ct,prevalence,2032,0.05618705061437792
low,high,high,True,ct,prevalence,2033,0.0554557660010504
low,high,high,True,ct,prevalence,2034,0.055431029033982705
low,high,high,True,ct,prevalence,2035,0.05470153015279093
low,high,high,True,ct,prevalence,2036,0.05544266356332985
low,high,high,True,ct,prevalence,2037,0.0561850762287176
low,high,high,True,ct,prevalence,2038,0.05700160948596683
low,high,high,True,ct,prevalence,2039,0.05886849115133623
low,high,high,True,ct,prevalence,2040,0.06032106160588039
low,high,low,True,ct,prevalence,2027,0.09550539069551396
low,high,low,True,ct,prevalence,2028,0.07658218827131476
low,high,low,True,ct,prevalence,2029,0.06793593857714943
low,high,low,True,ct,prevalence,2030,0.06466954299828084
low,high,low,True,ct,prevalence,2031,0.0623420576556736
low,high,low,True,ct,prevalence,2032,0.06101438017877322
low,high,low,True,ct,prevalence,2033,0.05993096114793258
low,high,low,True,ct,prevalence,2034,0.05998717159577971
low,high,low,True,ct,prevalence,2035,0.060205835887386164
low,high,low,True,ct,prevalence,2036,0.06159830199883083
low,high,low,True,ct,prevalence,2037,0.0615895244874541
low,high,low,True,ct,prevalence,2038,0.06265099886778541
low,high,low,True,ct,prevalence,2039,0.06419301768586348
low,high,low,True,ct,prevalence,2040,0.06684525123088515
low,high,moderate,True,ct,prevalence,2027,0.09450771326485388
low,high,moderate,True,ct,prevalence,2028,0.07404993273062783
low,high,moderate,True,ct,prevalence,2029,0.06576779054928623
low,high,moderate,True,ct,prevalence,2030,0.06229333890841902
low,high,moderate,True,ct,prevalence,2031,0.06037748984764759
low,high,moderate,True,ct,prevalence,2032,0.05863610880981579
low,high,moderate,True,ct,prevalence,2033,0.057504606651993286
low,high,moderate,True,ct,prevalence,2034,0.057602984970248086
low,high,moderate,True,ct,prevalence,2035,0.05754880879309339
low,high,moderate,True,ct,prevalence,2036,0.05919812962045928
low,high,moderate,True,ct,prevalence,2037,0.058980607657350005
low,high,moderate,True,ct,prevalence,2038,0.059736102724963214
low,high,moderate,True,ct,prevalence,2039,0.06075689639960434
low,high,moderate,True,ct,prevalence,2040,0.06344703583699775
low,high,none,True,ct,prevalence,2027,0.096393126653479
low,high,none,True,ct,prevalence,2028,0.07956003445865518
low,high,none,True,ct,prevalence,2029,0.07219447612189257
low,high,none,True,ct,prevalence,2030,0.067830531343886
low,high,none,True,ct,prevalence,2031,0.06625647099505974
low,high,none,True,ct,prevalence,2032,0.06562350788130648
low,high,none,True,ct,prevalence,2033,0.06538284069585812
low,high,none,True,ct,prevalence,2034,0.06542326828885017
low,high,none,True,ct,prevalence,2035,0.06609307391016318
low,high,none,True,ct,prevalence,2036,0.06621320095171736
low,high,none,True,ct,prevalence,2037,0.06655287659762664
low,high,none,True,ct,prevalence,2038,0.06769059456231974
low,high,none,True,ct,prevalence,2039,0.06790820197763807
low,high,none,True,ct,prevalence,2040,0.07167841896575164
low,low,high,True,ct,prevalence,2027,0.09976524716309676
low,low,high,True,ct,prevalence,2028,0.08730638975650783
low,low,high,True,ct,prevalence,2029,0.0824450008748812
low,low,high,True,ct,prevalence,2030,0.08089210269388239
low,low,high,True,ct,prevalence,2031,0.07906634658152291
low,low,high,True,ct,prevalence,2032,0.07814975424166232
low,low,high,True,ct,prevalence,2033,0.07808836128841887
low,low,high,True,ct,prevalence,2034,0.0762318519218715
low,low,high,True,ct,prevalence,2035,0.076004712864979
low,low,high,True,ct,prevalence,2036,0.07756601354293309
low,low,high,True,ct,prevalence,2037,0.07714657512931367
low,low,high,True,ct,prevalence,2038,0.07834109231450838
low,low,high,True,ct,prevalence,2039,0.0795588589435087
low,low,high,True,ct,prevalence,2040,0.08267921124754782
low,low,low,True,ct,prevalence,2027,0.10144535442188629
low,low,low,True,ct,prevalence,2028,0.09243645878164732
low,low,low,True,ct,prevalence,2029,0.08815665746999803
low,low,low,True,ct,prevalence,2030,0.0867608302233958
low,low,low,True,ct,prevalence,2031,0.08683041930026214
low,low,low,True,ct,prevalence,2032,0.08592662868811955
low,low,low,True,ct,prevalence,2033,0.08569270879370339
low,low,low,True,ct,prevalence,2034,0.08472437092836102
low,low,low,True,ct,prevalence,2035,0.08422677691288163
low,low,low,True,ct,prevalence,2036,0.08541313552953647
low,low,low,True,ct,prevalence,2037,0.08661067424319989
low,low,low,True,ct,prevalence,2038,0.0878279085903515
low,low,low,True,ct,prevalence,2039,0.08765246148195903
low,low,low,True,ct,prevalence,2040,0.09060668877077274
low,low,moderate,True,ct,prevalence,2027,0.10044445025486633
low,low,moderate,True,ct,prevalence,2028,0.08956403440634561
low,low,moderate,True,ct,prevalence,2029,0.08512665259179131
low,low,moderate,True,ct,prevalence,2030,0.08433974280267212
low,low,moderate,True,ct,prevalence,2031,0.08288894196252036
low,low,moderate,True,ct,prevalence,2032,0.08154941088302871
low,low,moderate,True,ct,prevalence,2033,0.08111929219870742
low,low,moderate,True,ct,prevalence,2034,0.07982106739525821
low,low,moderate,True,ct,prevalence,2035,0.07945062814157997
low,low,moderate,True,ct,prevalence,2036,0.08064047003765332
low,low,moderate,True,ct,prevalence,2037,0.08108080133477584
low,low,moderate,True,ct,prevalence,2038,0.08206799104764687
low,low,moderate,True,ct,prevalence,2039,0.08357999209836485
low,low,moderate,True,ct,prevalence,2040,0.08638468920135901
low,low,none,True,ct,prevalence,2027,0.10224684590614681
low,low,none,True,ct,prevalence,2028,0.09538016681645563
low,low,none,True,ct,prevalence,2029,0.09230432312513029
low,low,none,True,ct,prevalence,2030,0.09149365354707649
low,low,none,True,ct,prevalence,2031,0.09193575707493054
low,low,none,True,ct,prevalence,2032,0.09155169251126358
low,low,none,True,ct,prevalence,2033,0.09085384564985707
low,low,none,True,ct,prevalence,2034,0.08985387511744511
low,low,none,True,ct,prevalence,2035,0.08982729127960659
low,low,none,True,ct,prevalence,2036,0.09180417227837852
low,low,none,True,ct,prevalence,2037,0.09235788295879173
low,low,none,True,ct,prevalence,2038,0.09304956718388135
low,low,none,True,ct,prevalence,2039,0.09424206339687255
low,low,none,True,ct,prevalence,2040,0.09770996408595789
low,moderate,high,True,ct,prevalence,2027,0.09699020607117201
low,moderate,high,True,ct,prevalence,2028,0.0801003111215887
low,moderate,high,True,ct,prevalence,2029,0.07328815636110611
low,moderate,high,True,ct,prevalence,2030,0.07123919293710139
low,moderate,high,True,ct,prevalence,2031,0.06902564398324638
low,moderate,high,True,ct,prevalence,2032,0.06794517222758892
low,moderate,high,True,ct,prevalence,2033,0.0678612883154005
low,moderate,high,True,ct,prevalence,2034,0.06605936377553243
low,moderate,high,True,ct,prevalence,2035,0.06649168430573224
low,moderate,high,True,ct,prevalence,2036,0.06662188363974875
low,moderate,high,True,ct,prevalence,2037,0.06618441961063096
low,moderate,high,True,ct,prevalence,2038,0.06682766580546984
low,moderate,high,True,ct,prevalence,2039,0.06834666346752996
low,moderate,high,True,ct,prevalence,2040,0.07141005618136032
low,moderate,low,True,ct,prevalence,2027,0.0988386333315499
low,moderate,low,True,ct,prevalence,2028,0.08514418261937147
low,moderate,low,True,ct,prevalence,2029,0.07840705272640922
low,moderate,low,True,ct,prevalence,2030,0.07712334545275346
low,moderate,low,True,ct,prevalence,2031,0.07545517437174416
low,moderate,low,True,ct,prevalence,2032,0.07471615078901132
low,moderate,low,True,ct,prevalence,2033,0.07516284480865709
low,moderate,low,True,ct,prevalence,2034,0.074349739501301
low,moderate,low,True,ct,prevalence,2035,0.07432280460584814
low,moderate,low,True,ct,prevalence,2036,0.07416712179638575
low,moderate,low,True,ct,prevalence,2037,0.07480880459110631
low,moderate,low,True,ct,prevalence,2038,0.0751988790389668
low,moderate,low,True,ct,prevalence,2039,0.07651229612575663
low,moderate,low,True,ct,prevalence,2040,0.07971507982421913
low,moderate,moderate,True,ct,prevalence,2027,0.09768460806615198
low,moderate,moderate,True,ct,prevalence,2028,0.08206574302184987
low,moderate,moderate,True,ct,prevalence,2029,0.07603698489563152
low,moderate,moderate,True,ct,prevalence,2030,0.07459385268891949
low,moderate,moderate,True,ct,prevalence,2031,0.07242546874017715
low,moderate,moderate,True,ct,prevalence,2032,0.07065422646066385
low,moderate,moderate,True,ct,prevalence,2033,0.07036917343780844
low,moderate,moderate,True,ct,prevalence,2034,0.06932087082310291
low,moderate,moderate,True,ct,prevalence,2035,0.06931691032744455
low,moderate,moderate,True,ct,prevalence,2036,0.06991768308389086
low,moderate,moderate,True,ct,prevalence,2037,0.07041346669730329
low,moderate,moderate,True,ct,prevalence,2038,0.07103566204887643
low,moderate,moderate,True,ct,prevalence,2039,0.07340096970644885
low,moderate,moderate,True,ct,prevalence,2040,0.07684733052727981
low,moderate,none,True,ct,prevalence,2027,0.09967869868333723
low,moderate,none,True,ct,prevalence,2028,0.08838497608421492
low,moderate,none,True,ct,prevalence,2029,0.08318047647019694
low,moderate,none,True,ct,prevalence,2030,0.08135947567303933
low,moderate,none,True,ct,prevalence,2031,0.08076636091151859
low,moderate,none,True,ct,prevalence,2032,0.08009793008272495
low,moderate,none,True,ct,prevalence,2033,0.08085679291653364
low,moderate,none,True,ct,prevalence,2034,0.07938772676560095
low,moderate,none,True,ct,prevalence,2035,0.07876910353564262
low,moderate,none,True,ct,prevalence,2036,0.0794283358632707
low,moderate,none,True,ct,prevalence,2037,0.08003079766156995
low,moderate,none,True,ct,prevalence,2038,0.08089096151650524
low,moderate,none,True,ct,prevalence,2039,0.08208899701994529
low,moderate,none,True,ct,prevalence,2040,0.08602929008760171
moderate,baseline,high,True,ct,prevalence,2027,0.10041598021516543
moderate,baseline,high,True,ct,prevalence,2028,0.0891239676407985
moderate,baseline,high,True,ct,prevalence,2029,0.08477512696699394
moderate,baseline,high,True,ct,prevalence,2030,0.0838014336092815
moderate,baseline,high,True,ct,prevalence,2031,0.08129259383102715
moderate,baseline,high,True,ct,prevalence,2032,0.08032810179085244
moderate,baseline,high,True,ct,prevalence,2033,0.08093532252826377
moderate,baseline,high,True,ct,prevalence,2034,0.07951266988898227
moderate,baseline,high,True,ct,prevalence,2035,0.0788689226933504
moderate,baseline,high,True,ct,prevalence,2036,0.08108904261028946
moderate,baseline,high,True,ct,prevalence,2037,0.08171033872311491
moderate,baseline,high,True,ct,prevalence,2038,0.08128374237545061
moderate,baseline,high,True,ct,prevalence,2039,0.08241403822563785
moderate,baseline,high,True,ct,prevalence,2040,0.08623120823058042
moderate,baseline,low,True,ct,prevalence,2027,0.10213766788683057
moderate,baseline,low,True,ct,prevalence,2028,0.09440120451236492
moderate,baseline,low,True,ct,prevalence,2029,0.09050352091013773
moderate,baseline,low,True,ct,prevalence,2030,0.08919196470337196
moderate,baseline,low,True,ct,prevalence,2031,0.08986662859381248
moderate,baseline,low,True,ct,prevalence,2032,0.08933325529981137
moderate,baseline,low,True,ct,prevalence,2033,0.08978909763744068
moderate,baseline,low,True,ct,prevalence,2034,0.08894928293032478
moderate,baseline,low,True,ct,prevalence,2035,0.08768582941343571
moderate,baseline,low,True,ct,prevalence,2036,0.08867206280336025
moderate,baseline,low,True,ct,prevalence,2037,0.08985737795902318
moderate,baseline,low,True,ct,prevalence,2038,0.0907943758941343
moderate,baseline,low,True,ct,prevalence,2039,0.09098204633224768
moderate,baseline,low,True,ct,prevalence,2040,0.0945352351851543
moderate,baseline,moderate,True,ct,prevalence,2027,0.10116744747537501
moderate,baseline,moderate,True,ct,prevalence,2028,0.09148553098310006
moderate,baseline,moderate,True,ct,prevalence,2029,0.08692373145685628
moderate,baseline,moderate,True,ct,prevalence,2030,0.08615676534915967
moderate,baseline,moderate,True,ct,prevalence,2031,0.0853397010948019
moderate,baseline,moderate,True,ct,prevalence,2032,0.08509784812437161
moderate,baseline,moderate,True,ct,prevalence,2033,0.08579701912676722
moderate,baseline,moderate,True,ct,prevalence,2034,0.08409407254346875
moderate,baseline,moderate,True,ct,prevalence,2035,0.08295253049119247
moderate,baseline,moderate,True,ct,prevalence,2036,0.08460937278558714
moderate,baseline,moderate,True,ct,prevalence,2037,0.08479558352485392
moderate,baseline,moderate,True,ct,prevalence,2038,0.08628966573656174
moderate,baseline,moderate,True,ct,prevalence,2039,0.08788901344259523
moderate,baseline,moderate,True,ct,prevalence,2040,0.09091780131824365
moderate,baseline,none,True,ct,prevalence,2027,0.10291554446513673
moderate,baseline,none,True,ct,prevalence,2028,0.09724136607478093
moderate,baseline,none,True,ct,prevalence,2029,0.09496518651313016
moderate,baseline,none,True,ct,prevalence,2030,0.09488357718999224
moderate,baseline,none,True,ct,prevalence,2031,0.09502972214790334
moderate,baseline,none,True,ct,prevalence,2032,0.09475673726741597
moderate,baseline,none,True,ct,prevalence,2033,0.09519056205402888
moderate,baseline,none,True,ct,prevalence,2034,0.09427730338771714
moderate,baseline,none,True,ct,prevalence,2035,0.09259652588307252
moderate,baseline,none,True,ct,prevalence,2036,0.09412867072917558
moderate,baseline,none,True,ct,prevalence,2037,0.09580014991046669
moderate,baseline,none,True,ct,prevalence,2038,0.0978615757155551
moderate,baseline,none,True,ct,prevalence,2039,0.09817808495895247
moderate,baseline,none,True,ct,prevalence,2040,0.10149964693241051
moderate,high,high,True,ct,prevalence,2027,0.0930866324156998
moderate,high,high,True,ct,prevalence,2028,0.07007130005342979
moderate,high,high,True,ct,prevalence,2029,0.06122569468557704
moderate,high,high,True,ct,prevalence,2030,0.057436539556582254
moderate,high,high,True,ct,prevalence,2031,0.05479283781911631
moderate,high,high,True,ct,prevalence,2032,0.05284125149128229
moderate,high,high,True,ct,prevalence,2033,0.05236034578620123
moderate,high,high,True,ct,prevalence,2034,0.05290340689769155
moderate,high,high,True,ct,prevalence,2035,0.05276773068877681
moderate,high,high,True,ct,prevalence,2036,0.05356992719036925
moderate,high,high,True,ct,prevalence,2037,0.05295583408491248
moderate,high,high,True,ct,prevalence,2038,0.053378527552801515
moderate,high,high,True,ct,prevalence,2039,0.055541530547727966
moderate,high,high,True,ct,prevalence,2040,0.057163927926122404
moderate,high,low,True,ct,prevalence,2027,0.09481046495906839
moderate,high,low,True,ct,prevalence,2028,0.07440247000578745
moderate,high,low,True,ct,prevalence,2029,0.06573719295488564
moderate,high,low,True,ct,prevalence,2030,0.06251297401980886
moderate,high,low,True,ct,prevalence,2031,0.06016090554177692
moderate,high,low,True,ct,prevalence,2032,0.05846665245297651
moderate,high,low,True,ct,prevalence,2033,0.0578270408852785
moderate,high,low,True,ct,prevalence,2034,0.05746139620220405
moderate,high,low,True,ct,prevalence,2035,0.05737642081483747
moderate,high,low,True,ct,prevalence,2036,0.05839350101212765
moderate,high,low,True,ct,prevalence,2037,0.05941956474355664
moderate,high,low,True,ct,prevalence,2038,0.05959881606893773
moderate,high,low,True,ct,prevalence,2039,0.060411786515780094
moderate,high,low,True,ct,prevalence,2040,0.06305557103350021
moderate,high,moderate,True,ct,prevalence,2027,0.09381245323576756
moderate,high,moderate,True,ct,prevalence,2028,0.07206537925432145
moderate,high,moderate,True,ct,prevalence,2029,0.0635520282807014
moderate,high,moderate,True,ct,prevalence,2030,0.06007220249810506
moderate,high,moderate,True,ct,prevalence,2031,0.05755070389251389
moderate,high,moderate,True,ct,prevalence,2032,0.05551181159245504
moderate,high,moderate,True,ct,prevalence,2033,0.05489039026185072
moderate,high,moderate,True,ct,prevalence,2034,0.056115697635947134
moderate,high,moderate,True,ct,prevalence,2035,0.05608889271842128
moderate,high,moderate,True,ct,prevalence,2036,0.05621086961171236
moderate,high,moderate,True,ct,prevalence,2037,0.05424264714457446
moderate,high,moderate,True,ct,prevalence,2038,0.05558940963593976
moderate,high,moderate,True,ct,prevalence,2039,0.057431659077460374
moderate,high,moderate,True,ct,prevalence,2040,0.06013004414518199
moderate,high,none,True,ct,prevalence,2027,0.09574857799696518
moderate,high,none,True,ct,prevalence,2028,0.07754065508273911
moderate,high,none,True,ct,prevalence,2029,0.0706465798987018
moderate,high,none,True,ct,prevalence,2030,0.06615891084149958
moderate,high,none,True,ct,prevalence,2031,0.06366167301853286
moderate,high,none,True,ct,prevalence,2032,0.06257342141242381
moderate,high,none,True,ct,prevalence,2033,0.0618702296006173
moderate,high,none,True,ct,prevalence,2034,0.0621811433128807
moderate,high,none,True,ct,prevalence,2035,0.0636692415374017
moderate,high,none,True,ct,prevalence,2036,0.0640135479801063
moderate,high,none,True,ct,prevalence,2037,0.06427634981781663
moderate,high,none,True,ct,prevalence,2038,0.06594989657654755
moderate,high,none,True,ct,prevalence,2039,0.06728267079238523
moderate,high,none,True,ct,prevalence,2040,0.07088224343891665
moderate,low,high,True,ct,prevalence,2027,0.0990635131337769
moderate,low,high,True,ct,prevalence,2028,0.0851791301835926
moderate,low,high,True,ct,prevalence,2029,0.07949169506302493
moderate,low,high,True,ct,prevalence,2030,0.07737972260540305
moderate,low,high,True,ct,prevalence,2031,0.07583608992777463
moderate,low,high,True,ct,prevalence,2032,0.07450855614449155
moderate,low,high,True,ct,prevalence,2033,0.07416150506996187
moderate,low,high,True,ct,prevalence,2034,0.07292448596427317
moderate,low,high,True,ct,prevalence,2035,0.07269720116987466
moderate,low,high,True,ct,prevalence,2036,0.07476486862939859
moderate,low,high,True,ct,prevalence,2037,0.07451130236119359
moderate,low,high,True,ct,prevalence,2038,0.07622282555104672
moderate,low,high,True,ct,prevalence,2039,0.07780833573856345
moderate,low,high,True,ct,prevalence,2040,0.08084663819103417
moderate,low,low,True,ct,prevalence,2027,0.10081166622704865
moderate,low,low,True,ct,prevalence,2028,0.09055543779428135
moderate,low,low,True,ct,prevalence,2029,0.08564704029880385
moderate,low,low,True,ct,prevalence,2030,0.08393475131220954
moderate,low,low,True,ct,prevalence,2031,0.08395101293109285
moderate,low,low,True,ct,prevalence,2032,0.0830028409218754
moderate,low,low,True,ct,prevalence,2033,0.08260034593789518
moderate,low,low,True,ct,prevalence,2034,0.08161841162879441
moderate,low,low,True,ct,prevalence,2035,0.08151579084634887
moderate,low,low,True,ct,prevalence,2036,0.08223101668333974
moderate,low,low,True,ct,prevalence,2037,0.0835964356376411
moderate,low,low,True,ct,prevalence,2038,0.08477732149420339
moderate,low,low,True,ct,prevalence,2039,0.08490857506608038
moderate,low,low,True,ct,prevalence,2040,0.08812794862530757
moderate,low,moderate,True,ct,prevalence,2027,0.09978548010899564
moderate,low,moderate,True,ct,prevalence,2028,0.08766221907343238
moderate,low,moderate,True,ct,prevalence,2029,0.08211267250188364
moderate,low,moderate,True,ct,prevalence,2030,0.08092590188386564
moderate,low,moderate,True,ct,prevalence,2031,0.0801595949160085
moderate,low,moderate,True,ct,prevalence,2032,0.07871027421091414
moderate,low,moderate,True,ct,prevalence,2033,0.07880277193185967
moderate,low,moderate,True,ct,prevalence,2034,0.07794874303247626
moderate,low,moderate,True,ct,prevalence,2035,0.07752976231021816
moderate,low,moderate,True,ct,prevalence,2036,0.07876697791827347
moderate,low,moderate,True,ct,prevalence,2037,0.07927660636720377
moderate,low,moderate,True,ct,prevalence,2038,0.08051517843385916
moderate,low,moderate,True,ct,prevalence,2039,0.08191082260826217
moderate,low,moderate,True,ct,prevalence,2040,0.08472247340074071
moderate,low,none,True,ct,prevalence,2027,0.10166460766626861
moderate,low,none,True,ct,prevalence,2028,0.09363038482910807
moderate,low,none,True,ct,prevalence,2029,0.09011857074098562
moderate,low,none,True,ct,prevalence,2030,0.08892173513475378
moderate,low,none,True,ct,prevalence,2031,0.08922215835194239
moderate,low,none,True,ct,prevalence,2032,0.08844679481392509
moderate,low,none,True,ct,prevalence,2033,0.08796253484849462
moderate,low,none,True,ct,prevalence,2034,0.08750430949051781
moderate,low,none,True,ct,prevalence,2035,0.08783026517569693
moderate,low,none,True,ct,prevalence,2036,0.08907061368444455
moderate,low,none,True,ct,prevalence,2037,0.0897651704536625
moderate,low,none,True,ct,prevalence,2038,0.09017506965571176
moderate,low,none,True,ct,prevalence,2039,0.09101780229053279
moderate,low,none,True,ct,prevalence,2040,0.0948629268110232
moderate,moderate,high,True,ct,prevalence,2027,0.09629572273383545
moderate,moderate,high,True,ct,prevalence,2028,0.07810241016992889
moderate,moderate,high,True,ct,prevalence,2029,0.07042850700495387
moderate,moderate,high,True,ct,prevalence,2030,0.06864943876923357
moderate,moderate,high,True,ct,prevalence,2031,0.0664659898975308
moderate,moderate,high,True,ct,prevalence,2032,0.06454951645183622
moderate,moderate,high,True,ct,prevalence,2033,0.0650972395740845
moderate,moderate,high,True,ct,prevalence,2034,0.0639601794440609
moderate,moderate,high,True,ct,prevalence,2035,0.06404671054219813
moderate,moderate,high,True,ct,prevalence,2036,0.0646818541371826
moderate,moderate,high,True,ct,prevalence,2037,0.06435454211759863
moderate,moderate,high,True,ct,prevalence,2038,0.06538999243957408
moderate,moderate,high,True,ct,prevalence,2039,0.06752421368808972
moderate,moderate,high,True,ct,prevalence,2040,0.06986192394864932
moderate,moderate,low,True,ct,prevalence,2027,0.09818598592437047
moderate,moderate,low,True,ct,prevalence,2028,0.08310838590109473
moderate,moderate,low,True,ct,prevalence,2029,0.07585080742717715
moderate,moderate,low,True,ct,prevalence,2030,0.07438610478702049
moderate,moderate,low,True,ct,prevalence,2031,0.07287255934065882
moderate,moderate,low,True,ct,prevalence,2032,0.07150075415664085
moderate,moderate,low,True,ct,prevalence,2033,0.07240160166502074
moderate,moderate,low,True,ct,prevalence,2034,0.07098006665082994
moderate,moderate,low,True,ct,prevalence,2035,0.07048063922239896
moderate,moderate,low,True,ct,prevalence,2036,0.0708166693765809
moderate,moderate,low,True,ct,prevalence,2037,0.07149827248532538
moderate,moderate,low,True,ct,prevalence,2038,0.07231674758070439
moderate,moderate,low,True,ct,prevalence,2039,0.0734583732275639
moderate,moderate,low,True,ct,prevalence,2040,0.07678197479354235
moderate,moderate,moderate,True,ct,prevalence,2027,0.09701975466921317
moderate,moderate,moderate,True,ct,prevalence,2028,0.08016238436478865
moderate,moderate,moderate,True,ct,prevalence,2029,0.07326056570925499
moderate,moderate,moderate,True,ct,prevalence,2030,0.07192425805220984
moderate,moderate,moderate,True,ct,prevalence,2031,0.07017305219485397
moderate,moderate,moderate,True,ct,prevalence,2032,0.06819062705939313
moderate,moderate,moderate,True,ct,prevalence,2033,0.06805620214162568
moderate,moderate,moderate,True,ct,prevalence,2034,0.06699500329379433
moderate,moderate,moderate,True,ct,prevalence,2035,0.06713466657275247
moderate,moderate,moderate,True,ct,prevalence,2036,0.06739140144587902
moderate,moderate,moderate,True,ct,prevalence,2037,0.067183233770436
moderate,moderate,moderate,True,ct,prevalence,2038,0.06763325156469961
moderate,moderate,moderate,True,ct,prevalence,2039,0.06963596922015723
moderate,moderate,moderate,True,ct,prevalence,2040,0.0734174921436162
moderate,moderate,none,True,ct,prevalence,2027,0.09907748593695227
moderate,moderate,none,True,ct,prevalence,2028,0.08655779475307793
moderate,moderate,none,True,ct,prevalence,2029,0.08120060511230574
moderate,moderate,none,True,ct,prevalence,2030,0.07916770001043764
moderate,moderate,none,True,ct,prevalence,2031,0.07777201453894236
moderate,moderate,none,True,ct,prevalence,2032,0.07630106068264025
moderate,moderate,none,True,ct,prevalence,2033,0.07711310948231694
moderate,moderate,none,True,ct,prevalence,2034,0.076157658103335
moderate,moderate,none,True,ct,prevalence,2035,0.0754123235776203
moderate,moderate,none,True,ct,prevalence,2036,0.07610482247027818
moderate,moderate,none,True,ct,prevalence,2037,0.07688158687930188
moderate,moderate,none,True,ct,prevalence,2038,0.07732125781564687
moderate,moderate,none,True,ct,prevalence,2039,0.07889675947743396
moderate,moderate,none,True,ct,prevalence,2040,0.08307850141223024
baseline,baseline,high,True,ct,new_inf,2027,1442286.0
baseline,baseline,high,True,ct,new_inf,2028,1424538.0
baseline,baseline,high,True,ct,new_inf,2029,1438458.0
baseline,baseline,high,True,ct,new_inf,2030,1441242.0
baseline,baseline,high,True,ct,new_inf,2031,1472910.0
baseline,baseline,high,True,ct,new_inf,2032,1504230.0
baseline,baseline,high,True,ct,new_inf,2033,1553820.0
baseline,baseline,high,True,ct,new_inf,2034,1557474.0
baseline,baseline,high,True,ct,new_inf,2035,1660830.0
baseline,baseline,high,True,ct,new_inf,2036,1669878.0
baseline,baseline,high,True,ct,new_inf,2037,1728516.0
baseline,baseline,high,True,ct,new_inf,2038,1811166.0
baseline,baseline,high,True,ct,new_inf,2039,1843008.0
baseline,baseline,high,True,ct,new_inf,2040,159036.0
baseline,baseline,low,True,ct,new_inf,2027,1523544.0
baseline,baseline,low,True,ct,new_inf,2028,1553298.0
baseline,baseline,low,True,ct,new_inf,2029,1601148.0
baseline,baseline,low,True,ct,new_inf,2030,1603062.0
baseline,baseline,low,True,ct,new_inf,2031,1638036.0
baseline,baseline,low,True,ct,new_inf,2032,1657176.0
baseline,baseline,low,True,ct,new_inf,2033,1711116.0
baseline,baseline,low,True,ct,new_inf,2034,1765056.0
baseline,baseline,low,True,ct,new_inf,2035,1884594.0
baseline,baseline,low,True,ct,new_inf,2036,1913304.0
baseline,baseline,low,True,ct,new_inf,2037,1956456.0
baseline,baseline,low,True,ct,new_inf,2038,2005350.0
baseline,baseline,low,True,ct,new_inf,2039,2087652.0
baseline,baseline,low,True,ct,new_inf,2040,178872.0
baseline,baseline,moderate,True,ct,new_inf,2027,1479696.0
baseline,baseline,moderate,True,ct,new_inf,2028,1488744.0
baseline,baseline,moderate,True,ct,new_inf,2029,1512060.0
baseline,baseline,moderate,True,ct,new_inf,2030,1513626.0
baseline,baseline,moderate,True,ct,new_inf,2031,1544772.0
baseline,baseline,moderate,True,ct,new_inf,2032,1589316.0
baseline,baseline,moderate,True,ct,new_inf,2033,1639254.0
baseline,baseline,moderate,True,ct,new_inf,2034,1643430.0
baseline,baseline,moderate,True,ct,new_inf,2035,1743480.0
baseline,baseline,moderate,True,ct,new_inf,2036,1773756.0
baseline,baseline,moderate,True,ct,new_inf,2037,1825260.0
baseline,baseline,moderate,True,ct,new_inf,2038,1888770.0
baseline,baseline,moderate,True,ct,new_inf,2039,1951584.0
baseline,baseline,moderate,True,ct,new_inf,2040,164430.0
baseline,baseline,none,False,ct,new_inf,2027,1196772.0
baseline,baseline,none,False,ct,new_inf,2028,1249494.0
baseline,baseline,none,False,ct,new_inf,2029,1291602.0
baseline,baseline,none,False,ct,new_inf,2030,1302042.0
baseline,baseline,none,False,ct,new_inf,2031,1361724.0
baseline,baseline,none,False,ct,new_inf,2032,1373556.0
baseline,baseline,none,False,ct,new_inf,2033,1413054.0
baseline,baseline,none,False,ct,new_inf,2034,1379124.0
baseline,baseline,none,False,ct,new_inf,2035,1510494.0
baseline,baseline,none,False,ct,new_inf,2036,1544424.0
baseline,baseline,none,False,ct,new_inf,2037,1601322.0
baseline,baseline,none,False,ct,new_inf,2038,1615242.0
baseline,baseline,none,False,ct,new_inf,2039,1685016.0
baseline,baseline,none,False,ct,new_inf,2040,190530.0
baseline,baseline,none,True,ct,new_inf,2027,1582530.0
baseline,baseline,none,True,ct,new_inf,2028,1647258.0
baseline,baseline,none,True,ct,new_inf,2029,1730604.0
baseline,baseline,none,True,ct,new_inf,2030,1736172.0
baseline,baseline,none,True,ct,new_inf,2031,1775322.0
baseline,baseline,none,True,ct,new_inf,2032,1784544.0
baseline,baseline,none,True,ct,new_inf,2033,1867194.0
baseline,baseline,none,True,ct,new_inf,2034,1907388.0
baseline,baseline,none,True,ct,new_inf,2035,2014920.0
baseline,baseline,none,True,ct,new_inf,2036,2048850.0
baseline,baseline,none,True,ct,new_inf,2037,2125758.0
baseline,baseline,none,True,ct,new_inf,2038,2177958.0
baseline,baseline,none,True,ct,new_inf,2039,2299758.0
baseline,baseline,none,True,ct,new_inf,2040,195750.0
baseline,high,high,True,ct,new_inf,2027,1356852.0
baseline,high,high,True,ct,new_inf,2028,1220610.0
baseline,high,high,True,ct,new_inf,2029,1200426.0
baseline,high,high,True,ct,new_inf,2030,1183026.0
baseline,high,high,True,ct,new_inf,2031,1184592.0
baseline,high,high,True,ct,new_inf,2032,1197294.0
baseline,high,high,True,ct,new_inf,2033,1218870.0
baseline,high,high,True,ct,new_inf,2034,1226004.0
baseline,high,high,True,ct,new_inf,2035,1287078.0
baseline,high,high,True,ct,new_inf,2036,1305696.0
baseline,high,high,True,ct,new_inf,2037,1349892.0
baseline,high,high,True,ct,new_inf,2038,1440720.0
baseline,high,high,True,ct,new_inf,2039,1444200.0
baseline,high,high,True,ct,new_inf,2040,119886.0
baseline,high,low,True,ct,new_inf,2027,1477434.0
baseline,high,low,True,ct,new_inf,2028,1354590.0
baseline,high,low,True,ct,new_inf,2029,1322574.0
baseline,high,low,True,ct,new_inf,2030,1310742.0
baseline,high,low,True,ct,new_inf,2031,1313526.0
baseline,high,low,True,ct,new_inf,2032,1332840.0
baseline,high,low,True,ct,new_inf,2033,1364856.0
baseline,high,low,True,ct,new_inf,2034,1386258.0
baseline,high,low,True,ct,new_inf,2035,1460556.0
baseline,high,low,True,ct,new_inf,2036,1493094.0
baseline,high,low,True,ct,new_inf,2037,1520760.0
baseline,high,low,True,ct,new_inf,2038,1572612.0
baseline,high,low,True,ct,new_inf,2039,1583574.0
baseline,high,low,True,ct,new_inf,2040,135024.0
baseline,high,moderate,True,ct,new_inf,2027,1411488.0
baseline,high,moderate,True,ct,new_inf,2028,1278204.0
baseline,high,moderate,True,ct,new_inf,2029,1260108.0
baseline,high,moderate,True,ct,new_inf,2030,1234878.0
baseline,high,moderate,True,ct,new_inf,2031,1251234.0
baseline,high,moderate,True,ct,new_inf,2032,1270026.0
baseline,high,moderate,True,ct,new_inf,2033,1293690.0
baseline,high,moderate,True,ct,new_inf,2034,1302390.0
baseline,high,moderate,True,ct,new_inf,2035,1378080.0
baseline,high,moderate,True,ct,new_inf,2036,1384344.0
baseline,high,moderate,True,ct,new_inf,2037,1422798.0
baseline,high,moderate,True,ct,new_inf,2038,1481958.0
baseline,high,moderate,True,ct,new_inf,2039,1495878.0
baseline,high,moderate,True,ct,new_inf,2040,125802.0
baseline,high,none,True,ct,new_inf,2027,1587402.0
baseline,high,none,True,ct,new_inf,2028,1499532.0
baseline,high,none,True,ct,new_inf,2029,1443678.0
baseline,high,none,True,ct,new_inf,2030,1421058.0
baseline,high,none,True,ct,new_inf,2031,1423320.0
baseline,high,none,True,ct,new_inf,2032,1488222.0
baseline,high,none,True,ct,new_inf,2033,1523022.0
baseline,high,none,True,ct,new_inf,2034,1528068.0
baseline,high,none,True,ct,new_inf,2035,1591404.0
baseline,high,none,True,ct,new_inf,2036,1627248.0
baseline,high,none,True,ct,new_inf,2037,1652304.0
baseline,high,none,True,ct,new_inf,2038,1751658.0
baseline,high,none,True,ct,new_inf,2039,1729560.0
baseline,high,none,True,ct,new_inf,2040,153816.0
baseline,low,high,True,ct,new_inf,2027,1427322.0
baseline,low,high,True,ct,new_inf,2028,1381386.0
baseline,low,high,True,ct,new_inf,2029,1371990.0
baseline,low,high,True,ct,new_inf,2030,1381908.0
baseline,low,high,True,ct,new_inf,2031,1410966.0
baseline,low,high,True,ct,new_inf,2032,1432194.0
baseline,low,high,True,ct,new_inf,2033,1472214.0
baseline,low,high,True,ct,new_inf,2034,1476564.0
baseline,low,high,True,ct,new_inf,2035,1561476.0
baseline,low,high,True,ct,new_inf,2036,1607064.0
baseline,low,high,True,ct,new_inf,2037,1616112.0
baseline,low,high,True,ct,new_inf,2038,1726602.0
baseline,low,high,True,ct,new_inf,2039,1719120.0
baseline,low,high,True,ct,new_inf,2040,145290.0
baseline,low,low,True,ct,new_inf,2027,1522500.0
baseline,low,low,True,ct,new_inf,2028,1525458.0
baseline,low,low,True,ct,new_inf,2029,1544772.0
baseline,low,low,True,ct,new_inf,2030,1531548.0
baseline,low,low,True,ct,new_inf,2031,1580964.0
baseline,low,low,True,ct,new_inf,2032,1600800.0
baseline,low,low,True,ct,new_inf,2033,1644648.0
baseline,low,low,True,ct,new_inf,2034,1677360.0
baseline,low,low,True,ct,new_inf,2035,1769406.0
baseline,low,low,True,ct,new_inf,2036,1781586.0
baseline,low,low,True,ct,new_inf,2037,1850838.0
baseline,low,low,True,ct,new_inf,2038,1895382.0
baseline,low,low,True,ct,new_inf,2039,1983252.0
baseline,low,low,True,ct,new_inf,2040,173652.0
baseline,low,moderate,True,ct,new_inf,2027,1471344.0
baseline,low,moderate,True,ct,new_inf,2028,1445418.0
baseline,low,moderate,True,ct,new_inf,2029,1435152.0
baseline,low,moderate,True,ct,new_inf,2030,1462818.0
baseline,low,moderate,True,ct,new_inf,2031,1493964.0
baseline,low,moderate,True,ct,new_inf,2032,1513626.0
baseline,low,moderate,True,ct,new_inf,2033,1567218.0
baseline,low,moderate,True,ct,new_inf,2034,1575048.0
baseline,low,moderate,True,ct,new_inf,2035,1635252.0
baseline,low,moderate,True,ct,new_inf,2036,1673532.0
baseline,low,moderate,True,ct,new_inf,2037,1715118.0
baseline,low,moderate,True,ct,new_inf,2038,1801248.0
baseline,low,moderate,True,ct,new_inf,2039,1826304.0
baseline,low,moderate,True,ct,new_inf,2040,156426.0
baseline,low,none,True,ct,new_inf,2027,1588446.0
baseline,low,none,True,ct,new_inf,2028,1633338.0
baseline,low,none,True,ct,new_inf,2029,1681536.0
baseline,low,none,True,ct,new_inf,2030,1688496.0
baseline,low,none,True,ct,new_inf,2031,1718946.0
baseline,low,none,True,ct,new_inf,2032,1716684.0
baseline,low,none,True,ct,new_inf,2033,1777584.0
baseline,low,none,True,ct,new_inf,2034,1791156.0
baseline,low,none,True,ct,new_inf,2035,1914522.0
baseline,low,none,True,ct,new_inf,2036,1978380.0
baseline,low,none,True,ct,new_inf,2037,2033712.0
baseline,low,none,True,ct,new_inf,2038,2085042.0
baseline,low,none,True,ct,new_inf,2039,2199534.0
baseline,low,none,True,ct,new_inf,2040,192966.0
baseline,moderate,high,True,ct,new_inf,2027,1395306.0
baseline,moderate,high,True,ct,new_inf,2028,1295604.0
baseline,moderate,high,True,ct,new_inf,2029,1291254.0
baseline,moderate,high,True,ct,new_inf,2030,1296648.0
baseline,moderate,high,True,ct,new_inf,2031,1303608.0
baseline,moderate,high,True,ct,new_inf,2032,1320834.0
baseline,moderate,high,True,ct,new_inf,2033,1369902.0
baseline,moderate,high,True,ct,new_inf,2034,1364682.0
baseline,moderate,high,True,ct,new_inf,2035,1445940.0
baseline,moderate,high,True,ct,new_inf,2036,1459512.0
baseline,moderate,high,True,ct,new_inf,2037,1479000.0
baseline,moderate,high,True,ct,new_inf,2038,1582008.0
baseline,moderate,high,True,ct,new_inf,2039,1597320.0
baseline,moderate,high,True,ct,new_inf,2040,130326.0
baseline,moderate,low,True,ct,new_inf,2027,1507710.0
baseline,moderate,low,True,ct,new_inf,2028,1450464.0
baseline,moderate,low,True,ct,new_inf,2029,1424016.0
baseline,moderate,low,True,ct,new_inf,2030,1447506.0
baseline,moderate,low,True,ct,new_inf,2031,1463166.0
baseline,moderate,low,True,ct,new_inf,2032,1492746.0
baseline,moderate,low,True,ct,new_inf,2033,1536420.0
baseline,moderate,low,True,ct,new_inf,2034,1564608.0
baseline,moderate,low,True,ct,new_inf,2035,1607238.0
baseline,moderate,low,True,ct,new_inf,2036,1646040.0
baseline,moderate,low,True,ct,new_inf,2037,1685538.0
baseline,moderate,low,True,ct,new_inf,2038,1770972.0
baseline,moderate,low,True,ct,new_inf,2039,1783848.0
baseline,moderate,low,True,ct,new_inf,2040,149466.0
baseline,moderate,moderate,True,ct,new_inf,2027,1448376.0
baseline,moderate,moderate,True,ct,new_inf,2028,1350588.0
baseline,moderate,moderate,True,ct,new_inf,2029,1345716.0
baseline,moderate,moderate,True,ct,new_inf,2030,1367814.0
baseline,moderate,moderate,True,ct,new_inf,2031,1376514.0
baseline,moderate,moderate,True,ct,new_inf,2032,1423842.0
baseline,moderate,moderate,True,ct,new_inf,2033,1468038.0
baseline,moderate,moderate,True,ct,new_inf,2034,1477434.0
baseline,moderate,moderate,True,ct,new_inf,2035,1529286.0
baseline,moderate,moderate,True,ct,new_inf,2036,1523718.0
baseline,moderate,moderate,True,ct,new_inf,2037,1573134.0
baseline,moderate,moderate,True,ct,new_inf,2038,1658046.0
baseline,moderate,moderate,True,ct,new_inf,2039,1676316.0
baseline,moderate,moderate,True,ct,new_inf,2040,139374.0
baseline,moderate,none,True,ct,new_inf,2027,1591230.0
baseline,moderate,none,True,ct,new_inf,2028,1576962.0
baseline,moderate,none,True,ct,new_inf,2029,1570872.0
baseline,moderate,none,True,ct,new_inf,2030,1545642.0
baseline,moderate,none,True,ct,new_inf,2031,1590186.0
baseline,moderate,none,True,ct,new_inf,2032,1630554.0
baseline,moderate,none,True,ct,new_inf,2033,1650738.0
baseline,moderate,none,True,ct,new_inf,2034,1703808.0
baseline,moderate,none,True,ct,new_inf,2035,1739826.0
baseline,moderate,none,True,ct,new_inf,2036,1804380.0
baseline,moderate,none,True,ct,new_inf,2037,1852752.0
baseline,moderate,none,True,ct,new_inf,2038,1928790.0
baseline,moderate,none,True,ct,new_inf,2039,1954542.0
baseline,moderate,none,True,ct,new_inf,2040,167562.0
high,baseline,high,True,ct,new_inf,2027,1431498.0
high,baseline,high,True,ct,new_inf,2028,1348848.0
high,baseline,high,True,ct,new_inf,2029,1336146.0
high,baseline,high,True,ct,new_inf,2030,1345194.0
high,baseline,high,True,ct,new_inf,2031,1338756.0
high,baseline,high,True,ct,new_inf,2032,1344846.0
high,baseline,high,True,ct,new_inf,2033,1407138.0
high,baseline,high,True,ct,new_inf,2034,1408530.0
high,baseline,high,True,ct,new_inf,2035,1460382.0
high,baseline,high,True,ct,new_inf,2036,1519368.0
high,baseline,high,True,ct,new_inf,2037,1537638.0
high,baseline,high,True,ct,new_inf,2038,1612458.0
high,baseline,high,True,ct,new_inf,2039,1614894.0
high,baseline,high,True,ct,new_inf,2040,130674.0
high,baseline,low,True,ct,new_inf,2027,1538508.0
high,baseline,low,True,ct,new_inf,2028,1510146.0
high,baseline,low,True,ct,new_inf,2029,1471344.0
high,baseline,low,True,ct,new_inf,2030,1488396.0
high,baseline,low,True,ct,new_inf,2031,1521804.0
high,baseline,low,True,ct,new_inf,2032,1553646.0
high,baseline,low,True,ct,new_inf,2033,1606368.0
high,baseline,low,True,ct,new_inf,2034,1606716.0
high,baseline,low,True,ct,new_inf,2035,1661700.0
high,baseline,low,True,ct,new_inf,2036,1686408.0
high,baseline,low,True,ct,new_inf,2037,1723122.0
high,baseline,low,True,ct,new_inf,2038,1861104.0
high,baseline,low,True,ct,new_inf,2039,1828218.0
high,baseline,low,True,ct,new_inf,2040,157470.0
high,baseline,moderate,True,ct,new_inf,2027,1480566.0
high,baseline,moderate,True,ct,new_inf,2028,1420362.0
high,baseline,moderate,True,ct,new_inf,2029,1387302.0
high,baseline,moderate,True,ct,new_inf,2030,1416186.0
high,baseline,moderate,True,ct,new_inf,2031,1427322.0
high,baseline,moderate,True,ct,new_inf,2032,1439676.0
high,baseline,moderate,True,ct,new_inf,2033,1506318.0
high,baseline,moderate,True,ct,new_inf,2034,1478130.0
high,baseline,moderate,True,ct,new_inf,2035,1551384.0
high,baseline,moderate,True,ct,new_inf,2036,1582356.0
high,baseline,moderate,True,ct,new_inf,2037,1617504.0
high,baseline,moderate,True,ct,new_inf,2038,1745568.0
high,baseline,moderate,True,ct,new_inf,2039,1716858.0
high,baseline,moderate,True,ct,new_inf,2040,143724.0
high,baseline,none,True,ct,new_inf,2027,1612458.0
high,baseline,none,True,ct,new_inf,2028,1643604.0
high,baseline,none,True,ct,new_inf,2029,1621854.0
high,baseline,none,True,ct,new_inf,2030,1636296.0
high,baseline,none,True,ct,new_inf,2031,1643430.0
high,baseline,none,True,ct,new_inf,2032,1669530.0
high,baseline,none,True,ct,new_inf,2033,1762620.0
high,baseline,none,True,ct,new_inf,2034,1725732.0
high,baseline,none,True,ct,new_inf,2035,1817604.0
high,baseline,none,True,ct,new_inf,2036,1857276.0
high,baseline,none,True,ct,new_inf,2037,1906518.0
high,baseline,none,True,ct,new_inf,2038,2024838.0
high,baseline,none,True,ct,new_inf,2039,2059986.0
high,baseline,none,True,ct,new_inf,2040,175392.0
high,high,high,True,ct,new_inf,2027,1338408.0
high,high,high,True,ct,new_inf,2028,1131522.0
high,high,high,True,ct,new_inf,2029,1060530.0
high,high,high,True,ct,new_inf,2030,1044870.0
high,high,high,True,ct,new_inf,2031,1026774.0
high,high,high,True,ct,new_inf,2032,1010244.0
high,high,high,True,ct,new_inf,2033,1060530.0
high,high,high,True,ct,new_inf,2034,1041738.0
high,high,high,True,ct,new_inf,2035,1082106.0
high,high,high,True,ct,new_inf,2036,1135698.0
high,high,high,True,ct,new_inf,2037,1157274.0
high,high,high,True,ct,new_inf,2038,1228266.0
high,high,high,True,ct,new_inf,2039,1227222.0
high,high,high,True,ct,new_inf,2040,99528.0
high,high,low,True,ct,new_inf,2027,1483002.0
high,high,low,True,ct,new_inf,2028,1296126.0
high,high,low,True,ct,new_inf,2029,1209126.0
high,high,low,True,ct,new_inf,2030,1181460.0
high,high,low,True,ct,new_inf,2031,1168062.0
high,high,low,True,ct,new_inf,2032,1181982.0
high,high,low,True,ct,new_inf,2033,1221480.0
high,high,low,True,ct,new_inf,2034,1188942.0
high,high,low,True,ct,new_inf,2035,1248450.0
high,high,low,True,ct,new_inf,2036,1325880.0
high,high,low,True,ct,new_inf,2037,1336842.0
high,high,low,True,ct,new_inf,2038,1408182.0
high,high,low,True,ct,new_inf,2039,1414272.0
high,high,low,True,ct,new_inf,2040,111186.0
high,high,moderate,True,ct,new_inf,2027,1403832.0
high,high,moderate,True,ct,new_inf,2028,1204254.0
high,high,moderate,True,ct,new_inf,2029,1131348.0
high,high,moderate,True,ct,new_inf,2030,1105074.0
high,high,moderate,True,ct,new_inf,2031,1085238.0
high,high,moderate,True,ct,new_inf,2032,1105944.0
high,high,moderate,True,ct,new_inf,2033,1161276.0
high,high,moderate,True,ct,new_inf,2034,1137612.0
high,high,moderate,True,ct,new_inf,2035,1174674.0
high,high,moderate,True,ct,new_inf,2036,1251756.0
high,high,moderate,True,ct,new_inf,2037,1257846.0
high,high,moderate,True,ct,new_inf,2038,1341192.0
high,high,moderate,True,ct,new_inf,2039,1316310.0
high,high,moderate,True,ct,new_inf,2040,108924.0
high,high,none,True,ct,new_inf,2027,1607934.0
high,high,none,True,ct,new_inf,2028,1435500.0
high,high,none,True,ct,new_inf,2029,1358766.0
high,high,none,True,ct,new_inf,2030,1297170.0
high,high,none,True,ct,new_inf,2031,1290036.0
high,high,none,True,ct,new_inf,2032,1317180.0
high,high,none,True,ct,new_inf,2033,1371642.0
high,high,none,True,ct,new_inf,2034,1356156.0
high,high,none,True,ct,new_inf,2035,1418274.0
high,high,none,True,ct,new_inf,2036,1487352.0
high,high,none,True,ct,new_inf,2037,1488048.0
high,high,none,True,ct,new_inf,2038,1594362.0
high,high,none,True,ct,new_inf,2039,1601844.0
high,high,none,True,ct,new_inf,2040,132240.0
high,low,high,True,ct,new_inf,2027,1413402.0
high,low,high,True,ct,new_inf,2028,1305870.0
high,low,high,True,ct,new_inf,2029,1272984.0
high,low,high,True,ct,new_inf,2030,1287600.0
high,low,high,True,ct,new_inf,2031,1273680.0
high,low,high,True,ct,new_inf,2032,1271592.0
high,low,high,True,ct,new_inf,2033,1342758.0
high,low,high,True,ct,new_inf,2034,1310916.0
high,low,high,True,ct,new_inf,2035,1360332.0
high,low,high,True,ct,new_inf,2036,1401918.0
high,low,high,True,ct,new_inf,2037,1441938.0
high,low,high,True,ct,new_inf,2038,1543380.0
high,low,high,True,ct,new_inf,2039,1524066.0
high,low,high,True,ct,new_inf,2040,125454.0
high,low,low,True,ct,new_inf,2027,1534332.0
high,low,low,True,ct,new_inf,2028,1464732.0
high,low,low,True,ct,new_inf,2029,1418970.0
high,low,low,True,ct,new_inf,2030,1454466.0
high,low,low,True,ct,new_inf,2031,1453422.0
high,low,low,True,ct,new_inf,2032,1469256.0
high,low,low,True,ct,new_inf,2033,1529808.0
high,low,low,True,ct,new_inf,2034,1513626.0
high,low,low,True,ct,new_inf,2035,1559562.0
high,low,low,True,ct,new_inf,2036,1612110.0
high,low,low,True,ct,new_inf,2037,1670226.0
high,low,low,True,ct,new_inf,2038,1768362.0
high,low,low,True,ct,new_inf,2039,1762098.0
high,low,low,True,ct,new_inf,2040,145986.0
high,low,moderate,True,ct,new_inf,2027,1469082.0
high,low,moderate,True,ct,new_inf,2028,1369728.0
high,low,moderate,True,ct,new_inf,2029,1336320.0
high,low,moderate,True,ct,new_inf,2030,1371294.0
high,low,moderate,True,ct,new_inf,2031,1361724.0
high,low,moderate,True,ct,new_inf,2032,1371816.0
high,low,moderate,True,ct,new_inf,2033,1434108.0
high,low,moderate,True,ct,new_inf,2034,1397568.0
high,low,moderate,True,ct,new_inf,2035,1454988.0
high,low,moderate,True,ct,new_inf,2036,1508406.0
high,low,moderate,True,ct,new_inf,2037,1551558.0
high,low,moderate,True,ct,new_inf,2038,1666398.0
high,low,moderate,True,ct,new_inf,2039,1650912.0
high,low,moderate,True,ct,new_inf,2040,137982.0
high,low,none,True,ct,new_inf,2027,1616808.0
high,low,none,True,ct,new_inf,2028,1616982.0
high,low,none,True,ct,new_inf,2029,1565652.0
high,low,none,True,ct,new_inf,2030,1568610.0
high,low,none,True,ct,new_inf,2031,1589664.0
high,low,none,True,ct,new_inf,2032,1597146.0
high,low,none,True,ct,new_inf,2033,1666050.0
high,low,none,True,ct,new_inf,2034,1661004.0
high,low,none,True,ct,new_inf,2035,1736868.0
high,low,none,True,ct,new_inf,2036,1777584.0
high,low,none,True,ct,new_inf,2037,1812906.0
high,low,none,True,ct,new_inf,2038,1927050.0
high,low,none,True,ct,new_inf,2039,1941144.0
high,low,none,True,ct,new_inf,2040,168954.0
high,moderate,high,True,ct,new_inf,2027,1376862.0
high,moderate,high,True,ct,new_inf,2028,1224786.0
high,moderate,high,True,ct,new_inf,2029,1169280.0
high,moderate,high,True,ct,new_inf,2030,1177284.0
high,moderate,high,True,ct,new_inf,2031,1165104.0
high,moderate,high,True,ct,new_inf,2032,1163016.0
high,moderate,high,True,ct,new_inf,2033,1226004.0
high,moderate,high,True,ct,new_inf,2034,1206690.0
high,moderate,high,True,ct,new_inf,2035,1248972.0
high,moderate,high,True,ct,new_inf,2036,1274376.0
high,moderate,high,True,ct,new_inf,2037,1314570.0
high,moderate,high,True,ct,new_inf,2038,1402962.0
high,moderate,high,True,ct,new_inf,2039,1375644.0
high,moderate,high,True,ct,new_inf,2040,111360.0
high,moderate,low,True,ct,new_inf,2027,1516410.0
high,moderate,low,True,ct,new_inf,2028,1373904.0
high,moderate,low,True,ct,new_inf,2029,1318920.0
high,moderate,low,True,ct,new_inf,2030,1352154.0
high,moderate,low,True,ct,new_inf,2031,1346238.0
high,moderate,low,True,ct,new_inf,2032,1355634.0
high,moderate,low,True,ct,new_inf,2033,1421580.0
high,moderate,low,True,ct,new_inf,2034,1387824.0
high,moderate,low,True,ct,new_inf,2035,1451856.0
high,moderate,low,True,ct,new_inf,2036,1470648.0
high,moderate,low,True,ct,new_inf,2037,1507188.0
high,moderate,low,True,ct,new_inf,2038,1610022.0
high,moderate,low,True,ct,new_inf,2039,1606194.0
high,moderate,low,True,ct,new_inf,2040,136938.0
high,moderate,moderate,True,ct,new_inf,2027,1444374.0
high,moderate,moderate,True,ct,new_inf,2028,1287078.0
high,moderate,moderate,True,ct,new_inf,2029,1238010.0
high,moderate,moderate,True,ct,new_inf,2030,1260630.0
high,moderate,moderate,True,ct,new_inf,2031,1239402.0
high,moderate,moderate,True,ct,new_inf,2032,1246188.0
high,moderate,moderate,True,ct,new_inf,2033,1292646.0
high,moderate,moderate,True,ct,new_inf,2034,1272114.0
high,moderate,moderate,True,ct,new_inf,2035,1350936.0
high,moderate,moderate,True,ct,new_inf,2036,1385040.0
high,moderate,moderate,True,ct,new_inf,2037,1420710.0
high,moderate,moderate,True,ct,new_inf,2038,1497966.0
high,moderate,moderate,True,ct,new_inf,2039,1511538.0
high,moderate,moderate,True,ct,new_inf,2040,125454.0
high,moderate,none,True,ct,new_inf,2027,1617330.0
high,moderate,none,True,ct,new_inf,2028,1544424.0
high,moderate,none,True,ct,new_inf,2029,1472910.0
high,moderate,none,True,ct,new_inf,2030,1475172.0
high,moderate,none,True,ct,new_inf,2031,1473606.0
high,moderate,none,True,ct,new_inf,2032,1481610.0
high,moderate,none,True,ct,new_inf,2033,1550166.0
high,moderate,none,True,ct,new_inf,2034,1542858.0
high,moderate,none,True,ct,new_inf,2035,1593492.0
high,moderate,none,True,ct,new_inf,2036,1633686.0
high,moderate,none,True,ct,new_inf,2037,1674576.0
high,moderate,none,True,ct,new_inf,2038,1792200.0
high,moderate,none,True,ct,new_inf,2039,1768014.0
high,moderate,none,True,ct,new_inf,2040,147726.0
low,baseline,high,True,ct,new_inf,2027,1434804.0
low,baseline,high,True,ct,new_inf,2028,1391826.0
low,baseline,high,True,ct,new_inf,2029,1370250.0
low,baseline,high,True,ct,new_inf,2030,1400178.0
low,baseline,high,True,ct,new_inf,2031,1408182.0
low,baseline,high,True,ct,new_inf,2032,1424190.0
low,baseline,high,True,ct,new_inf,2033,1470996.0
low,baseline,high,True,ct,new_inf,2034,1441242.0
low,baseline,high,True,ct,new_inf,2035,1500924.0
low,baseline,high,True,ct,new_inf,2036,1557648.0
low,baseline,high,True,ct,new_inf,2037,1557648.0
low,baseline,high,True,ct,new_inf,2038,1657698.0
low,baseline,high,True,ct,new_inf,2039,1665180.0
low,baseline,high,True,ct,new_inf,2040,139374.0
low,baseline,low,True,ct,new_inf,2027,1532070.0
low,baseline,low,True,ct,new_inf,2028,1531026.0
low,baseline,low,True,ct,new_inf,2029,1539900.0
low,baseline,low,True,ct,new_inf,2030,1544076.0
low,baseline,low,True,ct,new_inf,2031,1574004.0
low,baseline,low,True,ct,new_inf,2032,1587054.0
low,baseline,low,True,ct,new_inf,2033,1648128.0
low,baseline,low,True,ct,new_inf,2034,1631598.0
low,baseline,low,True,ct,new_inf,2035,1737738.0
low,baseline,low,True,ct,new_inf,2036,1774452.0
low,baseline,low,True,ct,new_inf,2037,1818126.0
low,baseline,low,True,ct,new_inf,2038,1883028.0
low,baseline,low,True,ct,new_inf,2039,1929834.0
low,baseline,low,True,ct,new_inf,2040,166518.0
low,baseline,moderate,True,ct,new_inf,2027,1480392.0
low,baseline,moderate,True,ct,new_inf,2028,1454814.0
low,baseline,moderate,True,ct,new_inf,2029,1437240.0
low,baseline,moderate,True,ct,new_inf,2030,1459512.0
low,baseline,moderate,True,ct,new_inf,2031,1484742.0
low,baseline,moderate,True,ct,new_inf,2032,1509798.0
low,baseline,moderate,True,ct,new_inf,2033,1544598.0
low,baseline,moderate,True,ct,new_inf,2034,1537986.0
low,baseline,moderate,True,ct,new_inf,2035,1600278.0
low,baseline,moderate,True,ct,new_inf,2036,1635426.0
low,baseline,moderate,True,ct,new_inf,2037,1692150.0
low,baseline,moderate,True,ct,new_inf,2038,1779846.0
low,baseline,moderate,True,ct,new_inf,2039,1784892.0
low,baseline,moderate,True,ct,new_inf,2040,154164.0
low,baseline,none,True,ct,new_inf,2027,1598016.0
low,baseline,none,True,ct,new_inf,2028,1654566.0
low,baseline,none,True,ct,new_inf,2029,1681884.0
low,baseline,none,True,ct,new_inf,2030,1679274.0
low,baseline,none,True,ct,new_inf,2031,1716510.0
low,baseline,none,True,ct,new_inf,2032,1709724.0
low,baseline,none,True,ct,new_inf,2033,1786284.0
low,baseline,none,True,ct,new_inf,2034,1802988.0
low,baseline,none,True,ct,new_inf,2035,1917132.0
low,baseline,none,True,ct,new_inf,2036,1962894.0
low,baseline,none,True,ct,new_inf,2037,2029536.0
low,baseline,none,True,ct,new_inf,2038,2081040.0
low,baseline,none,True,ct,new_inf,2039,2148726.0
low,baseline,none,True,ct,new_inf,2040,185658.0
low,high,high,True,ct,new_inf,2027,1345890.0
low,high,high,True,ct,new_inf,2028,1161276.0
low,high,high,True,ct,new_inf,2029,1120038.0
low,high,high,True,ct,new_inf,2030,1099158.0
low,high,high,True,ct,new_inf,2031,1081410.0
low,high,high,True,ct,new_inf,2032,1080192.0
low,high,high,True,ct,new_inf,2033,1123344.0
low,high,high,True,ct,new_inf,2034,1112730.0
low,high,high,True,ct,new_inf,2035,1140570.0
low,high,high,True,ct,new_inf,2036,1205994.0
low,high,high,True,ct,new_inf,2037,1215738.0
low,high,high,True,ct,new_inf,2038,1305870.0
low,high,high,True,ct,new_inf,2039,1300650.0
low,high,high,True,ct,new_inf,2040,100050.0
low,high,low,True,ct,new_inf,2027,1477086.0
low,high,low,True,ct,new_inf,2028,1318572.0
low,high,low,True,ct,new_inf,2029,1253322.0
low,high,low,True,ct,new_inf,2030,1240446.0
low,high,low,True,ct,new_inf,2031,1214868.0
low,high,low,True,ct,new_inf,2032,1219392.0
low,high,low,True,ct,new_inf,2033,1272462.0
low,high,low,True,ct,new_inf,2034,1255584.0
low,high,low,True,ct,new_inf,2035,1327098.0
low,high,low,True,ct,new_inf,2036,1378428.0
low,high,low,True,ct,new_inf,2037,1382082.0
low,high,low,True,ct,new_inf,2038,1478304.0
low,high,low,True,ct,new_inf,2039,1502664.0
low,high,low,True,ct,new_inf,2040,119712.0
low,high,moderate,True,ct,new_inf,2027,1403484.0
low,high,moderate,True,ct,new_inf,2028,1228788.0
low,high,moderate,True,ct,new_inf,2029,1181112.0
low,high,moderate,True,ct,new_inf,2030,1159884.0
low,high,moderate,True,ct,new_inf,2031,1141614.0
low,high,moderate,True,ct,new_inf,2032,1146660.0
low,high,moderate,True,ct,new_inf,2033,1186680.0
low,high,moderate,True,ct,new_inf,2034,1183200.0
low,high,moderate,True,ct,new_inf,2035,1253670.0
low,high,moderate,True,ct,new_inf,2036,1298910.0
low,high,moderate,True,ct,new_inf,2037,1303434.0
low,high,moderate,True,ct,new_inf,2038,1382430.0
low,high,moderate,True,ct,new_inf,2039,1378602.0
low,high,moderate,True,ct,new_inf,2040,113274.0
low,high,none,True,ct,new_inf,2027,1593666.0
low,high,none,True,ct,new_inf,2028,1472040.0
low,high,none,True,ct,new_inf,2029,1388346.0
low,high,none,True,ct,new_inf,2030,1357548.0
low,high,none,True,ct,new_inf,2031,1350414.0
low,high,none,True,ct,new_inf,2032,1382082.0
low,high,none,True,ct,new_inf,2033,1448376.0
low,high,none,True,ct,new_inf,2034,1441242.0
low,high,none,True,ct,new_inf,2035,1503708.0
low,high,none,True,ct,new_inf,2036,1535376.0
low,high,none,True,ct,new_inf,2037,1549992.0
low,high,none,True,ct,new_inf,2038,1653000.0
low,high,none,True,ct,new_inf,2039,1642560.0
low,high,none,True,ct,new_inf,2040,139896.0
low,low,high,True,ct,new_inf,2027,1416360.0
low,low,high,True,ct,new_inf,2028,1337364.0
low,low,high,True,ct,new_inf,2029,1318050.0
low,low,high,True,ct,new_inf,2030,1337364.0
low,low,high,True,ct,new_inf,2031,1333710.0
low,low,high,True,ct,new_inf,2032,1349718.0
low,low,high,True,ct,new_inf,2033,1396350.0
low,low,high,True,ct,new_inf,2034,1371468.0
low,low,high,True,ct,new_inf,2035,1440024.0
low,low,high,True,ct,new_inf,2036,1468212.0
low,low,high,True,ct,new_inf,2037,1490136.0
low,low,high,True,ct,new_inf,2038,1582008.0
low,low,high,True,ct,new_inf,2039,1580616.0
low,low,high,True,ct,new_inf,2040,137634.0
low,low,low,True,ct,new_inf,2027,1527894.0
low,low,low,True,ct,new_inf,2028,1502142.0
low,low,low,True,ct,new_inf,2029,1457424.0
low,low,low,True,ct,new_inf,2030,1498140.0
low,low,low,True,ct,new_inf,2031,1498662.0
low,low,low,True,ct,new_inf,2032,1525806.0
low,low,low,True,ct,new_inf,2033,1570872.0
low,low,low,True,ct,new_inf,2034,1557648.0
low,low,low,True,ct,new_inf,2035,1618200.0
low,low,low,True,ct,new_inf,2036,1666398.0
low,low,low,True,ct,new_inf,2037,1717032.0
low,low,low,True,ct,new_inf,2038,1795506.0
low,low,low,True,ct,new_inf,2039,1812906.0
low,low,low,True,ct,new_inf,2040,162864.0
low,low,moderate,True,ct,new_inf,2027,1468908.0
low,low,moderate,True,ct,new_inf,2028,1413750.0
low,low,moderate,True,ct,new_inf,2029,1383822.0
low,low,moderate,True,ct,new_inf,2030,1417926.0
low,low,moderate,True,ct,new_inf,2031,1406790.0
low,low,moderate,True,ct,new_inf,2032,1422276.0
low,low,moderate,True,ct,new_inf,2033,1464732.0
low,low,moderate,True,ct,new_inf,2034,1458468.0
low,low,moderate,True,ct,new_inf,2035,1498662.0
low,low,moderate,True,ct,new_inf,2036,1549644.0
low,low,moderate,True,ct,new_inf,2037,1572090.0
low,low,moderate,True,ct,new_inf,2038,1680318.0
low,low,moderate,True,ct,new_inf,2039,1678056.0
low,low,moderate,True,ct,new_inf,2040,145464.0
low,low,none,True,ct,new_inf,2027,1602888.0
low,low,none,True,ct,new_inf,2028,1635252.0
low,low,none,True,ct,new_inf,2029,1611066.0
low,low,none,True,ct,new_inf,2030,1609326.0
low,low,none,True,ct,new_inf,2031,1651086.0
low,low,none,True,ct,new_inf,2032,1640994.0
low,low,none,True,ct,new_inf,2033,1695630.0
low,low,none,True,ct,new_inf,2034,1701372.0
low,low,none,True,ct,new_inf,2035,1825956.0
low,low,none,True,ct,new_inf,2036,1867542.0
low,low,none,True,ct,new_inf,2037,1919742.0
low,low,none,True,ct,new_inf,2038,1967070.0
low,low,none,True,ct,new_inf,2039,2055114.0
low,low,none,True,ct,new_inf,2040,182352.0
low,moderate,high,True,ct,new_inf,2027,1380864.0
low,moderate,high,True,ct,new_inf,2028,1249320.0
low,moderate,high,True,ct,new_inf,2029,1221654.0
low,moderate,high,True,ct,new_inf,2030,1233660.0
low,moderate,high,True,ct,new_inf,2031,1225482.0
low,moderate,high,True,ct,new_inf,2032,1223568.0
low,moderate,high,True,ct,new_inf,2033,1290732.0
low,moderate,high,True,ct,new_inf,2034,1252452.0
low,moderate,high,True,ct,new_inf,2035,1313178.0
low,moderate,high,True,ct,new_inf,2036,1326054.0
low,moderate,high,True,ct,new_inf,2037,1341714.0
low,moderate,high,True,ct,new_inf,2038,1431498.0
low,moderate,high,True,ct,new_inf,2039,1437762.0
low,moderate,high,True,ct,new_inf,2040,118842.0
low,moderate,low,True,ct,new_inf,2027,1511886.0
low,moderate,low,True,ct,new_inf,2028,1418274.0
low,moderate,low,True,ct,new_inf,2029,1368336.0
low,moderate,low,True,ct,new_inf,2030,1391130.0
low,moderate,low,True,ct,new_inf,2031,1377732.0
low,moderate,low,True,ct,new_inf,2032,1397046.0
low,moderate,low,True,ct,new_inf,2033,1457076.0
low,moderate,low,True,ct,new_inf,2034,1442286.0
low,moderate,low,True,ct,new_inf,2035,1496226.0
low,moderate,low,True,ct,new_inf,2036,1534854.0
low,moderate,low,True,ct,new_inf,2037,1550514.0
low,moderate,low,True,ct,new_inf,2038,1658916.0
low,moderate,low,True,ct,new_inf,2039,1659786.0
low,moderate,low,True,ct,new_inf,2040,137634.0
low,moderate,moderate,True,ct,new_inf,2027,1444722.0
low,moderate,moderate,True,ct,new_inf,2028,1314048.0
low,moderate,moderate,True,ct,new_inf,2029,1296996.0
low,moderate,moderate,True,ct,new_inf,2030,1303956.0
low,moderate,moderate,True,ct,new_inf,2031,1286034.0
low,moderate,moderate,True,ct,new_inf,2032,1298910.0
low,moderate,moderate,True,ct,new_inf,2033,1347456.0
low,moderate,moderate,True,ct,new_inf,2034,1331622.0
low,moderate,moderate,True,ct,new_inf,2035,1368162.0
low,moderate,moderate,True,ct,new_inf,2036,1414794.0
low,moderate,moderate,True,ct,new_inf,2037,1439328.0
low,moderate,moderate,True,ct,new_inf,2038,1544424.0
low,moderate,moderate,True,ct,new_inf,2039,1557648.0
low,moderate,moderate,True,ct,new_inf,2040,131022.0
low,moderate,none,True,ct,new_inf,2027,1603062.0
low,moderate,none,True,ct,new_inf,2028,1560606.0
low,moderate,none,True,ct,new_inf,2029,1504404.0
low,moderate,none,True,ct,new_inf,2030,1525110.0
low,moderate,none,True,ct,new_inf,2031,1515714.0
low,moderate,none,True,ct,new_inf,2032,1553820.0
low,moderate,none,True,ct,new_inf,2033,1614198.0
low,moderate,none,True,ct,new_inf,2034,1589490.0
low,moderate,none,True,ct,new_inf,2035,1638558.0
low,moderate,none,True,ct,new_inf,2036,1685712.0
low,moderate,none,True,ct,new_inf,2037,1717206.0
low,moderate,none,True,ct,new_inf,2038,1850142.0
low,moderate,none,True,ct,new_inf,2039,1830480.0
low,moderate,none,True,ct,new_inf,2040,159210.0
moderate,baseline,high,True,ct,new_inf,2027,1433760.0
moderate,baseline,high,True,ct,new_inf,2028,1375818.0
moderate,baseline,high,True,ct,new_inf,2029,1349718.0
moderate,baseline,high,True,ct,new_inf,2030,1368510.0
moderate,baseline,high,True,ct,new_inf,2031,1366944.0
moderate,baseline,high,True,ct,new_inf,2032,1378254.0
moderate,baseline,high,True,ct,new_inf,2033,1434978.0
moderate,baseline,high,True,ct,new_inf,2034,1423320.0
moderate,baseline,high,True,ct,new_inf,2035,1478652.0
moderate,baseline,high,True,ct,new_inf,2036,1540422.0
moderate,baseline,high,True,ct,new_inf,2037,1547730.0
moderate,baseline,high,True,ct,new_inf,2038,1631076.0
moderate,baseline,high,True,ct,new_inf,2039,1643952.0
moderate,baseline,high,True,ct,new_inf,2040,134676.0
moderate,baseline,low,True,ct,new_inf,2027,1535028.0
moderate,baseline,low,True,ct,new_inf,2028,1524414.0
moderate,baseline,low,True,ct,new_inf,2029,1513104.0
moderate,baseline,low,True,ct,new_inf,2030,1520934.0
moderate,baseline,low,True,ct,new_inf,2031,1544598.0
moderate,baseline,low,True,ct,new_inf,2032,1553472.0
moderate,baseline,low,True,ct,new_inf,2033,1622550.0
moderate,baseline,low,True,ct,new_inf,2034,1615068.0
moderate,baseline,low,True,ct,new_inf,2035,1704852.0
moderate,baseline,low,True,ct,new_inf,2036,1717902.0
moderate,baseline,low,True,ct,new_inf,2037,1750266.0
moderate,baseline,low,True,ct,new_inf,2038,1860060.0
moderate,baseline,low,True,ct,new_inf,2039,1857450.0
moderate,baseline,low,True,ct,new_inf,2040,163560.0
moderate,baseline,moderate,True,ct,new_inf,2027,1480044.0
moderate,baseline,moderate,True,ct,new_inf,2028,1440546.0
moderate,baseline,moderate,True,ct,new_inf,2029,1403136.0
moderate,baseline,moderate,True,ct,new_inf,2030,1436022.0
moderate,baseline,moderate,True,ct,new_inf,2031,1447854.0
moderate,baseline,moderate,True,ct,new_inf,2032,1466820.0
moderate,baseline,moderate,True,ct,new_inf,2033,1525284.0
moderate,baseline,moderate,True,ct,new_inf,2034,1505622.0
moderate,baseline,moderate,True,ct,new_inf,2035,1574004.0
moderate,baseline,moderate,True,ct,new_inf,2036,1615068.0
moderate,baseline,moderate,True,ct,new_inf,2037,1628118.0
moderate,baseline,moderate,True,ct,new_inf,2038,1770798.0
moderate,baseline,moderate,True,ct,new_inf,2039,1738260.0
moderate,baseline,moderate,True,ct,new_inf,2040,144420.0
moderate,baseline,none,True,ct,new_inf,2027,1605498.0
moderate,baseline,none,True,ct,new_inf,2028,1650738.0
moderate,baseline,none,True,ct,new_inf,2029,1663788.0
moderate,baseline,none,True,ct,new_inf,2030,1681362.0
moderate,baseline,none,True,ct,new_inf,2031,1693716.0
moderate,baseline,none,True,ct,new_inf,2032,1700676.0
moderate,baseline,none,True,ct,new_inf,2033,1764534.0
moderate,baseline,none,True,ct,new_inf,2034,1766448.0
moderate,baseline,none,True,ct,new_inf,2035,1886334.0
moderate,baseline,none,True,ct,new_inf,2036,1925310.0
moderate,baseline,none,True,ct,new_inf,2037,1964460.0
moderate,baseline,none,True,ct,new_inf,2038,2045544.0
moderate,baseline,none,True,ct,new_inf,2039,2106966.0
moderate,baseline,none,True,ct,new_inf,2040,181134.0
moderate,high,high,True,ct,new_inf,2027,1339974.0
moderate,high,high,True,ct,new_inf,2028,1142136.0
moderate,high,high,True,ct,new_inf,2029,1088718.0
moderate,high,high,True,ct,new_inf,2030,1065924.0
moderate,high,high,True,ct,new_inf,2031,1047480.0
moderate,high,high,True,ct,new_inf,2032,1042434.0
moderate,high,high,True,ct,new_inf,2033,1097592.0
moderate,high,high,True,ct,new_inf,2034,1084716.0
moderate,high,high,True,ct,new_inf,2035,1124214.0
moderate,high,high,True,ct,new_inf,2036,1198338.0
moderate,high,high,True,ct,new_inf,2037,1183548.0
moderate,high,high,True,ct,new_inf,2038,1260804.0
moderate,high,high,True,ct,new_inf,2039,1270026.0
moderate,high,high,True,ct,new_inf,2040,94656.0
moderate,high,low,True,ct,new_inf,2027,1479348.0
moderate,high,low,True,ct,new_inf,2028,1299606.0
moderate,high,low,True,ct,new_inf,2029,1231050.0
moderate,high,low,True,ct,new_inf,2030,1225308.0
moderate,high,low,True,ct,new_inf,2031,1188072.0
moderate,high,low,True,ct,new_inf,2032,1198338.0
moderate,high,low,True,ct,new_inf,2033,1245840.0
moderate,high,low,True,ct,new_inf,2034,1228788.0
moderate,high,low,True,ct,new_inf,2035,1265328.0
moderate,high,low,True,ct,new_inf,2036,1352850.0
moderate,high,low,True,ct,new_inf,2037,1370946.0
moderate,high,low,True,ct,new_inf,2038,1437762.0
moderate,high,low,True,ct,new_inf,2039,1445592.0
moderate,high,low,True,ct,new_inf,2040,114666.0
moderate,high,moderate,True,ct,new_inf,2027,1401918.0
moderate,high,moderate,True,ct,new_inf,2028,1213476.0
moderate,high,moderate,True,ct,new_inf,2029,1154490.0
moderate,high,moderate,True,ct,new_inf,2030,1136568.0
moderate,high,moderate,True,ct,new_inf,2031,1109424.0
moderate,high,moderate,True,ct,new_inf,2032,1109598.0
moderate,high,moderate,True,ct,new_inf,2033,1157448.0
moderate,high,moderate,True,ct,new_inf,2034,1170846.0
moderate,high,moderate,True,ct,new_inf,2035,1215390.0
moderate,high,moderate,True,ct,new_inf,2036,1277334.0
moderate,high,moderate,True,ct,new_inf,2037,1271766.0
moderate,high,moderate,True,ct,new_inf,2038,1335102.0
moderate,high,moderate,True,ct,new_inf,2039,1350762.0
moderate,high,moderate,True,ct,new_inf,2040,107184.0
moderate,high,none,True,ct,new_inf,2027,1600800.0
moderate,high,none,True,ct,new_inf,2028,1460382.0
moderate,high,none,True,ct,new_inf,2029,1377906.0
moderate,high,none,True,ct,new_inf,2030,1340148.0
moderate,high,none,True,ct,new_inf,2031,1319442.0
moderate,high,none,True,ct,new_inf,2032,1343976.0
moderate,high,none,True,ct,new_inf,2033,1411836.0
moderate,high,none,True,ct,new_inf,2034,1400526.0
moderate,high,none,True,ct,new_inf,2035,1471170.0
moderate,high,none,True,ct,new_inf,2036,1502490.0
moderate,high,none,True,ct,new_inf,2037,1531896.0
moderate,high,none,True,ct,new_inf,2038,1650564.0
moderate,high,none,True,ct,new_inf,2039,1658394.0
moderate,high,none,True,ct,new_inf,2040,133284.0
moderate,low,high,True,ct,new_inf,2027,1415142.0
moderate,low,high,True,ct,new_inf,2028,1321182.0
moderate,low,high,True,ct,new_inf,2029,1290732.0
moderate,low,high,True,ct,new_inf,2030,1309002.0
moderate,low,high,True,ct,new_inf,2031,1303434.0
moderate,low,high,True,ct,new_inf,2032,1303086.0
moderate,low,high,True,ct,new_inf,2033,1361376.0
moderate,low,high,True,ct,new_inf,2034,1339974.0
moderate,low,high,True,ct,new_inf,2035,1394610.0
moderate,low,high,True,ct,new_inf,2036,1449594.0
moderate,low,high,True,ct,new_inf,2037,1474824.0
moderate,low,high,True,ct,new_inf,2038,1571916.0
moderate,low,high,True,ct,new_inf,2039,1561128.0
moderate,low,high,True,ct,new_inf,2040,131196.0
moderate,low,low,True,ct,new_inf,2027,1530852.0
moderate,low,low,True,ct,new_inf,2028,1495008.0
moderate,low,low,True,ct,new_inf,2029,1435326.0
moderate,low,low,True,ct,new_inf,2030,1480392.0
moderate,low,low,True,ct,new_inf,2031,1473606.0
moderate,low,low,True,ct,new_inf,2032,1495008.0
moderate,low,low,True,ct,new_inf,2033,1534506.0
moderate,low,low,True,ct,new_inf,2034,1532244.0
moderate,low,low,True,ct,new_inf,2035,1592274.0
moderate,low,low,True,ct,new_inf,2036,1640298.0
moderate,low,low,True,ct,new_inf,2037,1688670.0
moderate,low,low,True,ct,new_inf,2038,1778802.0
moderate,low,low,True,ct,new_inf,2039,1780020.0
moderate,low,low,True,ct,new_inf,2040,152424.0
moderate,low,moderate,True,ct,new_inf,2027,1468908.0
moderate,low,moderate,True,ct,new_inf,2028,1396350.0
moderate,low,moderate,True,ct,new_inf,2029,1352154.0
moderate,low,moderate,True,ct,new_inf,2030,1395828.0
moderate,low,moderate,True,ct,new_inf,2031,1381386.0
moderate,low,moderate,True,ct,new_inf,2032,1400178.0
moderate,low,moderate,True,ct,new_inf,2033,1449420.0
moderate,low,moderate,True,ct,new_inf,2034,1442634.0
moderate,low,moderate,True,ct,new_inf,2035,1487352.0
moderate,low,moderate,True,ct,new_inf,2036,1530678.0
moderate,low,moderate,True,ct,new_inf,2037,1579224.0
moderate,low,moderate,True,ct,new_inf,2038,1683450.0
moderate,low,moderate,True,ct,new_inf,2039,1667790.0
moderate,low,moderate,True,ct,new_inf,2040,142680.0
moderate,low,none,True,ct,new_inf,2027,1611414.0
moderate,low,none,True,ct,new_inf,2028,1628466.0
moderate,low,none,True,ct,new_inf,2029,1594014.0
moderate,low,none,True,ct,new_inf,2030,1590360.0
moderate,low,none,True,ct,new_inf,2031,1602192.0
moderate,low,none,True,ct,new_inf,2032,1610718.0
moderate,low,none,True,ct,new_inf,2033,1682232.0
moderate,low,none,True,ct,new_inf,2034,1687800.0
moderate,low,none,True,ct,new_inf,2035,1782978.0
moderate,low,none,True,ct,new_inf,2036,1840746.0
moderate,low,none,True,ct,new_inf,2037,1852578.0
moderate,low,none,True,ct,new_inf,2038,1941144.0
moderate,low,none,True,ct,new_inf,2039,1984470.0
moderate,low,none,True,ct,new_inf,2040,172260.0
moderate,moderate,high,True,ct,new_inf,2027,1377558.0
moderate,moderate,high,True,ct,new_inf,2028,1232094.0
moderate,moderate,high,True,ct,new_inf,2029,1194510.0
moderate,moderate,high,True,ct,new_inf,2030,1212258.0
moderate,moderate,high,True,ct,new_inf,2031,1203036.0
moderate,moderate,high,True,ct,new_inf,2032,1180068.0
moderate,moderate,high,True,ct,new_inf,2033,1256802.0
moderate,moderate,high,True,ct,new_inf,2034,1220784.0
moderate,moderate,high,True,ct,new_inf,2035,1277334.0
moderate,moderate,high,True,ct,new_inf,2036,1322400.0
moderate,moderate,high,True,ct,new_inf,2037,1332840.0
moderate,moderate,high,True,ct,new_inf,2038,1419318.0
moderate,moderate,high,True,ct,new_inf,2039,1429758.0
moderate,moderate,high,True,ct,new_inf,2040,114492.0
moderate,moderate,low,True,ct,new_inf,2027,1511538.0
moderate,moderate,low,True,ct,new_inf,2028,1403136.0
moderate,moderate,low,True,ct,new_inf,2029,1345194.0
moderate,moderate,low,True,ct,new_inf,2030,1370250.0
moderate,moderate,low,True,ct,new_inf,2031,1348152.0
moderate,moderate,low,True,ct,new_inf,2032,1362246.0
moderate,moderate,low,True,ct,new_inf,2033,1437762.0
moderate,moderate,low,True,ct,new_inf,2034,1410618.0
moderate,moderate,low,True,ct,new_inf,2035,1439502.0
moderate,moderate,low,True,ct,new_inf,2036,1497096.0
moderate,moderate,low,True,ct,new_inf,2037,1531374.0
moderate,moderate,low,True,ct,new_inf,2038,1619244.0
moderate,moderate,low,True,ct,new_inf,2039,1620114.0
moderate,moderate,low,True,ct,new_inf,2040,133980.0
moderate,moderate,moderate,True,ct,new_inf,2027,1441590.0
moderate,moderate,moderate,True,ct,new_inf,2028,1291254.0
moderate,moderate,moderate,True,ct,new_inf,2029,1268286.0
moderate,moderate,moderate,True,ct,new_inf,2030,1285860.0
moderate,moderate,moderate,True,ct,new_inf,2031,1268460.0
moderate,moderate,moderate,True,ct,new_inf,2032,1278726.0
moderate,moderate,moderate,True,ct,new_inf,2033,1329534.0
moderate,moderate,moderate,True,ct,new_inf,2034,1301868.0
moderate,moderate,moderate,True,ct,new_inf,2035,1362420.0
moderate,moderate,moderate,True,ct,new_inf,2036,1390260.0
moderate,moderate,moderate,True,ct,new_inf,2037,1403310.0
moderate,moderate,moderate,True,ct,new_inf,2038,1483872.0
moderate,moderate,moderate,True,ct,new_inf,2039,1531374.0
moderate,moderate,moderate,True,ct,new_inf,2040,122670.0
moderate,moderate,none,True,ct,new_inf,2027,1607934.0
moderate,moderate,none,True,ct,new_inf,2028,1556256.0
moderate,moderate,none,True,ct,new_inf,2029,1497618.0
moderate,moderate,none,True,ct,new_inf,2030,1503360.0
moderate,moderate,none,True,ct,new_inf,2031,1484742.0
moderate,moderate,none,True,ct,new_inf,2032,1504230.0
moderate,moderate,none,True,ct,new_inf,2033,1578354.0
moderate,moderate,none,True,ct,new_inf,2034,1556952.0
moderate,moderate,none,True,ct,new_inf,2035,1598886.0
moderate,moderate,none,True,ct,new_inf,2036,1649346.0
moderate,moderate,none,True,ct,new_inf,2037,1670574.0
moderate,moderate,none,True,ct,new_inf,2038,1807860.0
moderate,moderate,none,True,ct,new_inf,2039,1787154.0
moderate,moderate,none,True,ct,new_inf,2040,154338.0
baseline,baseline,high,True,tv,prevalence,2027,0.06985344247717562
baseline,baseline,high,True,tv,prevalence,2028,0.06251046515677341
baseline,baseline,high,True,tv,prevalence,2029,0.05924741997204728
baseline,baseline,high,True,tv,prevalence,2030,0.05587015224484554
baseline,baseline,high,True,tv,prevalence,2031,0.05208175313343312
baseline,baseline,high,True,tv,prevalence,2032,0.049861150835936265
baseline,baseline,high,True,tv,prevalence,2033,0.04687829351947707
baseline,baseline,high,True,tv,prevalence,2034,0.045175530741643946
baseline,baseline,high,True,tv,prevalence,2035,0.044724834467019234
baseline,baseline,high,True,tv,prevalence,2036,0.04385586208401804
baseline,baseline,high,True,tv,prevalence,2037,0.04354642393507231
baseline,baseline,high,True,tv,prevalence,2038,0.0434003795084918
baseline,baseline,high,True,tv,prevalence,2039,0.04339319936084379
baseline,baseline,high,True,tv,prevalence,2040,0.04525229151928003
baseline,baseline,low,True,tv,prevalence,2027,0.07075285674914307
baseline,baseline,low,True,tv,prevalence,2028,0.06474535538291513
baseline,baseline,low,True,tv,prevalence,2029,0.06211351140492115
baseline,baseline,low,True,tv,prevalence,2030,0.05923533563624091
baseline,baseline,low,True,tv,prevalence,2031,0.0559657935611433
baseline,baseline,low,True,tv,prevalence,2032,0.0540103301787197
baseline,baseline,low,True,tv,prevalence,2033,0.05170700064303472
baseline,baseline,low,True,tv,prevalence,2034,0.050713789648909845
baseline,baseline,low,True,tv,prevalence,2035,0.05039929360975528
baseline,baseline,low,True,tv,prevalence,2036,0.049831426207113116
baseline,baseline,low,True,tv,prevalence,2037,0.050105153151382475
baseline,baseline,low,True,tv,prevalence,2038,0.05005332435969652
baseline,baseline,low,True,tv,prevalence,2039,0.04963713426233386
baseline,baseline,low,True,tv,prevalence,2040,0.05134705315737538
baseline,baseline,moderate,True,tv,prevalence,2027,0.07017255113461404
baseline,baseline,moderate,True,tv,prevalence,2028,0.06344180986288867
baseline,baseline,moderate,True,tv,prevalence,2029,0.060448742287964916
baseline,baseline,moderate,True,tv,prevalence,2030,0.05713157258537532
baseline,baseline,moderate,True,tv,prevalence,2031,0.05402249472877228
baseline,baseline,moderate,True,tv,prevalence,2032,0.05241010582309617
baseline,baseline,moderate,True,tv,prevalence,2033,0.049766247522968265
baseline,baseline,moderate,True,tv,prevalence,2034,0.04801620047167904
baseline,baseline,moderate,True,tv,prevalence,2035,0.047637127257315906
baseline,baseline,moderate,True,tv,prevalence,2036,0.04676887616263954
baseline,baseline,moderate,True,tv,prevalence,2037,0.04697795636826593
baseline,baseline,moderate,True,tv,prevalence,2038,0.0468633602312201
baseline,baseline,moderate,True,tv,prevalence,2039,0.04683590667599743
baseline,baseline,moderate,True,tv,prevalence,2040,0.048755161162324784
baseline,baseline,none,False,tv,prevalence,2027,0.07276669837609043
baseline,baseline,none,False,tv,prevalence,2028,0.07104288860999719
baseline,baseline,none,False,tv,prevalence,2029,0.07171915144767724
baseline,baseline,none,False,tv,prevalence,2030,0.07221332497283008
baseline,baseline,none,False,tv,prevalence,2031,0.07056242584488756
baseline,baseline,none,False,tv,prevalence,2032,0.07054289773903369
baseline,baseline,none,False,tv,prevalence,2033,0.07002957885654719
baseline,baseline,none,False,tv,prevalence,2034,0.0702111620222163
baseline,baseline,none,False,tv,prevalence,2035,0.07191586112008888
baseline,baseline,none,False,tv,prevalence,2036,0.07272629397289634
baseline,baseline,none,False,tv,prevalence,2037,0.07325374993569111
baseline,baseline,none,False,tv,prevalence,2038,0.07359076897292352
baseline,baseline,none,False,tv,prevalence,2039,0.0741518629078535
baseline,baseline,none,False,tv,prevalence,2040,0.07540644284771825
baseline,baseline,none,True,tv,prevalence,2027,0.07136826093638712
baseline,baseline,none,True,tv,prevalence,2028,0.06607340971243317
baseline,baseline,none,True,tv,prevalence,2029,0.0634733281584597
baseline,baseline,none,True,tv,prevalence,2030,0.06101553777493477
baseline,baseline,none,True,tv,prevalence,2031,0.058226606853034504
baseline,baseline,none,True,tv,prevalence,2032,0.05647952196707053
baseline,baseline,none,True,tv,prevalence,2033,0.054038763491808375
baseline,baseline,none,True,tv,prevalence,2034,0.05277336920435595
baseline,baseline,none,True,tv,prevalence,2035,0.05244937352789113
baseline,baseline,none,True,tv,prevalence,2036,0.052602267414573925
baseline,baseline,none,True,tv,prevalence,2037,0.0529787432497925
baseline,baseline,none,True,tv,prevalence,2038,0.052892489174101734
baseline,baseline,none,True,tv,prevalence,2039,0.052872397735911424
baseline,baseline,none,True,tv,prevalence,2040,0.05500647341314195
baseline,high,high,True,tv,prevalence,2027,0.06445422427648656
baseline,high,high,True,tv,prevalence,2028,0.04754617623024232
baseline,high,high,True,tv,prevalence,2029,0.038523241968852005
baseline,high,high,True,tv,prevalence,2030,0.032143182193054336
baseline,high,high,True,tv,prevalence,2031,0.026056304101166338
baseline,high,high,True,tv,prevalence,2032,0.022172257886112927
baseline,high,high,True,tv,prevalence,2033,0.018573653803449088
baseline,high,high,True,tv,prevalence,2034,0.015331715875905403
baseline,high,high,True,tv,prevalence,2035,0.013460504930690334
baseline,high,high,True,tv,prevalence,2036,0.01174870808546281
baseline,high,high,True,tv,prevalence,2037,0.010609927353732876
baseline,high,high,True,tv,prevalence,2038,0.009847366166225623
baseline,high,high,True,tv,prevalence,2039,0.009279414816750473
baseline,high,high,True,tv,prevalence,2040,0.009455334566324226
baseline,high,low,True,tv,prevalence,2027,0.0651585601464931
baseline,high,low,True,tv,prevalence,2028,0.04854835939485891
baseline,high,low,True,tv,prevalence,2029,0.03912138640797809
baseline,high,low,True,tv,prevalence,2030,0.03256513214718022
baseline,high,low,True,tv,prevalence,2031,0.026368496092881583
baseline,high,low,True,tv,prevalence,2032,0.022507023868764048
baseline,high,low,True,tv,prevalence,2033,0.019250050290364983
baseline,high,low,True,tv,prevalence,2034,0.016138495087351806
baseline,high,low,True,tv,prevalence,2035,0.01470758333928757
baseline,high,low,True,tv,prevalence,2036,0.013266131769086536
baseline,high,low,True,tv,prevalence,2037,0.0120158281544337
baseline,high,low,True,tv,prevalence,2038,0.01138761892054524
baseline,high,low,True,tv,prevalence,2039,0.010596871973845354
baseline,high,low,True,tv,prevalence,2040,0.010973509226387314
baseline,high,moderate,True,tv,prevalence,2027,0.06475469495184163
baseline,high,moderate,True,tv,prevalence,2028,0.04808790816204481
baseline,high,moderate,True,tv,prevalence,2029,0.03871532727320235
baseline,high,moderate,True,tv,prevalence,2030,0.03194636223502435
baseline,high,moderate,True,tv,prevalence,2031,0.026017440202746427
baseline,high,moderate,True,tv,prevalence,2032,0.021967206175281553
baseline,high,moderate,True,tv,prevalence,2033,0.018439164648353688
baseline,high,moderate,True,tv,prevalence,2034,0.0156403495671594
baseline,high,moderate,True,tv,prevalence,2035,0.014292214183882154
baseline,high,moderate,True,tv,prevalence,2036,0.012582181047253482
baseline,high,moderate,True,tv,prevalence,2037,0.01165332180727614
baseline,high,moderate,True,tv,prevalence,2038,0.011361795362726738
baseline,high,moderate,True,tv,prevalence,2039,0.01092350331285756
baseline,high,moderate,True,tv,prevalence,2040,0.011400071097382712
baseline,high,none,True,tv,prevalence,2027,0.06572622431322735
baseline,high,none,True,tv,prevalence,2028,0.04959147495982874
baseline,high,none,True,tv,prevalence,2029,0.040194929534834764
baseline,high,none,True,tv,prevalence,2030,0.03364773586490984
baseline,high,none,True,tv,prevalence,2031,0.027650235580567596
baseline,high,none,True,tv,prevalence,2032,0.023626900858213506
baseline,high,none,True,tv,prevalence,2033,0.020400341087797275
baseline,high,none,True,tv,prevalence,2034,0.017514241174438235
baseline,high,none,True,tv,prevalence,2035,0.015858375359762675
baseline,high,none,True,tv,prevalence,2036,0.01411119335308467
baseline,high,none,True,tv,prevalence,2037,0.013380221695467917
baseline,high,none,True,tv,prevalence,2038,0.012722497954872406
baseline,high,none,True,tv,prevalence,2039,0.011533460319159888
baseline,high,none,True,tv,prevalence,2040,0.011914087038420328
baseline,low,high,True,tv,prevalence,2027,0.06876531695083513
baseline,low,high,True,tv,prevalence,2028,0.05925164949348065
baseline,low,high,True,tv,prevalence,2029,0.054470005378788586
baseline,low,high,True,tv,prevalence,2030,0.05008675734615151
baseline,low,high,True,tv,prevalence,2031,0.045761702274697336
baseline,low,high,True,tv,prevalence,2032,0.042795014391019695
baseline,low,high,True,tv,prevalence,2033,0.03921596523859065
baseline,low,high,True,tv,prevalence,2034,0.03685042522382713
baseline,low,high,True,tv,prevalence,2035,0.035918342093113856
baseline,low,high,True,tv,prevalence,2036,0.03475737830718577
baseline,low,high,True,tv,prevalence,2037,0.03381479073915657
baseline,low,high,True,tv,prevalence,2038,0.03261399038794021
baseline,low,high,True,tv,prevalence,2039,0.032306644251633945
baseline,low,high,True,tv,prevalence,2040,0.03335824411442839
baseline,low,low,True,tv,prevalence,2027,0.06959986686868258
baseline,low,low,True,tv,prevalence,2028,0.061375459123722755
baseline,low,low,True,tv,prevalence,2029,0.05711894566948779
baseline,low,low,True,tv,prevalence,2030,0.05295013534304627
baseline,low,low,True,tv,prevalence,2031,0.04852637697160217
baseline,low,low,True,tv,prevalence,2032,0.04558980858176
baseline,low,low,True,tv,prevalence,2033,0.04212551748069149
baseline,low,low,True,tv,prevalence,2034,0.0398488235045629
baseline,low,low,True,tv,prevalence,2035,0.039291575262390244
baseline,low,low,True,tv,prevalence,2036,0.038409172439275434
baseline,low,low,True,tv,prevalence,2037,0.03872045668601841
baseline,low,low,True,tv,prevalence,2038,0.03833018747601119
baseline,low,low,True,tv,prevalence,2039,0.037735744531345775
baseline,low,low,True,tv,prevalence,2040,0.0387070001457777
baseline,low,moderate,True,tv,prevalence,2027,0.06909031248232855
baseline,low,moderate,True,tv,prevalence,2028,0.060158288769172966
baseline,low,moderate,True,tv,prevalence,2029,0.05561764441491479
baseline,low,moderate,True,tv,prevalence,2030,0.05138451336680701
baseline,low,moderate,True,tv,prevalence,2031,0.04738713562241949
baseline,low,moderate,True,tv,prevalence,2032,0.04451265654940459
baseline,low,moderate,True,tv,prevalence,2033,0.04109632563973957
baseline,low,moderate,True,tv,prevalence,2034,0.03894904036204513
baseline,low,moderate,True,tv,prevalence,2035,0.038352540868010376
baseline,low,moderate,True,tv,prevalence,2036,0.03666020571679947
baseline,low,moderate,True,tv,prevalence,2037,0.03626445452453382
baseline,low,moderate,True,tv,prevalence,2038,0.035300021052200425
baseline,low,moderate,True,tv,prevalence,2039,0.03382953256823311
baseline,low,moderate,True,tv,prevalence,2040,0.03489924524795368
baseline,low,none,True,tv,prevalence,2027,0.07023907065429015
baseline,low,none,True,tv,prevalence,2028,0.06253542803988353
baseline,low,none,True,tv,prevalence,2029,0.05805961509886868
baseline,low,none,True,tv,prevalence,2030,0.054171424235766416
baseline,low,none,True,tv,prevalence,2031,0.05023642503840764
baseline,low,none,True,tv,prevalence,2032,0.047404604558539995
baseline,low,none,True,tv,prevalence,2033,0.044313823222552964
baseline,low,none,True,tv,prevalence,2034,0.04252036333700811
baseline,low,none,True,tv,prevalence,2035,0.042243479242421125
baseline,low,none,True,tv,prevalence,2036,0.04119617018608308
baseline,low,none,True,tv,prevalence,2037,0.04159310573920757
baseline,low,none,True,tv,prevalence,2038,0.0408597517069438
baseline,low,none,True,tv,prevalence,2039,0.0409351191240786
baseline,low,none,True,tv,prevalence,2040,0.042909351888922656
baseline,moderate,high,True,tv,prevalence,2027,0.06681987871280455
baseline,moderate,high,True,tv,prevalence,2028,0.05367222869239707
baseline,moderate,high,True,tv,prevalence,2029,0.04656008746241718
baseline,moderate,high,True,tv,prevalence,2030,0.040819051565016015
baseline,moderate,high,True,tv,prevalence,2031,0.03495934511752724
baseline,moderate,high,True,tv,prevalence,2032,0.03063150268100747
baseline,moderate,high,True,tv,prevalence,2033,0.02788702885669645
baseline,moderate,high,True,tv,prevalence,2034,0.02463060537583902
baseline,moderate,high,True,tv,prevalence,2035,0.023664144592024726
baseline,moderate,high,True,tv,prevalence,2036,0.021948243811337698
baseline,moderate,high,True,tv,prevalence,2037,0.0206623545930982
baseline,moderate,high,True,tv,prevalence,2038,0.019554471722879982
baseline,moderate,high,True,tv,prevalence,2039,0.018526761332416358
baseline,moderate,high,True,tv,prevalence,2040,0.01870656716960979
baseline,moderate,low,True,tv,prevalence,2027,0.0675310504864375
baseline,moderate,low,True,tv,prevalence,2028,0.055188704789799925
baseline,moderate,low,True,tv,prevalence,2029,0.048029042888134324
baseline,moderate,low,True,tv,prevalence,2030,0.04183976047155429
baseline,moderate,low,True,tv,prevalence,2031,0.036641105917737046
baseline,moderate,low,True,tv,prevalence,2032,0.032935901905649725
baseline,moderate,low,True,tv,prevalence,2033,0.029655985177406103
baseline,moderate,low,True,tv,prevalence,2034,0.026689623602725608
baseline,moderate,low,True,tv,prevalence,2035,0.02638492243457479
baseline,moderate,low,True,tv,prevalence,2036,0.024744778361776007
baseline,moderate,low,True,tv,prevalence,2037,0.02356742394667512
baseline,moderate,low,True,tv,prevalence,2038,0.022840981486528383
baseline,moderate,low,True,tv,prevalence,2039,0.02200497238548399
baseline,moderate,low,True,tv,prevalence,2040,0.02275567050964067
baseline,moderate,moderate,True,tv,prevalence,2027,0.06712492532247734
baseline,moderate,moderate,True,tv,prevalence,2028,0.05442893677463382
baseline,moderate,moderate,True,tv,prevalence,2029,0.04706405530648775
baseline,moderate,moderate,True,tv,prevalence,2030,0.040950181460738325
baseline,moderate,moderate,True,tv,prevalence,2031,0.0356837749494415
baseline,moderate,moderate,True,tv,prevalence,2032,0.03163130711911507
baseline,moderate,moderate,True,tv,prevalence,2033,0.028317008344058654
baseline,moderate,moderate,True,tv,prevalence,2034,0.025078155432653303
baseline,moderate,moderate,True,tv,prevalence,2035,0.024181474351888322
baseline,moderate,moderate,True,tv,prevalence,2036,0.022504312316754104
baseline,moderate,moderate,True,tv,prevalence,2037,0.021255079902979097
baseline,moderate,moderate,True,tv,prevalence,2038,0.020132626213428855
baseline,moderate,moderate,True,tv,prevalence,2039,0.019129267984709604
baseline,moderate,moderate,True,tv,prevalence,2040,0.01947873604387688
baseline,moderate,none,True,tv,prevalence,2027,0.06812886256408304
baseline,moderate,none,True,tv,prevalence,2028,0.05644738835508896
baseline,moderate,none,True,tv,prevalence,2029,0.04911514649966171
baseline,moderate,none,True,tv,prevalence,2030,0.043085232072619065
baseline,moderate,none,True,tv,prevalence,2031,0.03791109817938821
baseline,moderate,none,True,tv,prevalence,2032,0.03397105338872215
baseline,moderate,none,True,tv,prevalence,2033,0.030819329888805563
baseline,moderate,none,True,tv,prevalence,2034,0.027963388045553216
baseline,moderate,none,True,tv,prevalence,2035,0.027008938594473415
baseline,moderate,none,True,tv,prevalence,2036,0.025477592684816648
baseline,moderate,none,True,tv,prevalence,2037,0.024679766728487908
baseline,moderate,none,True,tv,prevalence,2038,0.024164394251364837
baseline,moderate,none,True,tv,prevalence,2039,0.02359512306333881
baseline,moderate,none,True,tv,prevalence,2040,0.025146045583435576
high,baseline,high,True,tv,prevalence,2027,0.06766157996076642
high,baseline,high,True,tv,prevalence,2028,0.056914428868214975
high,baseline,high,True,tv,prevalence,2029,0.05052414716517563
high,baseline,high,True,tv,prevalence,2030,0.04486530699428615
high,baseline,high,True,tv,prevalence,2031,0.039831946811883366
high,baseline,high,True,tv,prevalence,2032,0.036205669163403106
high,baseline,high,True,tv,prevalence,2033,0.03275042243467142
high,baseline,high,True,tv,prevalence,2034,0.02949857699997931
high,baseline,high,True,tv,prevalence,2035,0.027944312365765705
high,baseline,high,True,tv,prevalence,2036,0.02649551091734361
high,baseline,high,True,tv,prevalence,2037,0.024917922087338958
high,baseline,high,True,tv,prevalence,2038,0.024082082019433612
high,baseline,high,True,tv,prevalence,2039,0.02291462494546785
high,baseline,high,True,tv,prevalence,2040,0.024062747103702244
high,baseline,low,True,tv,prevalence,2027,0.06863969750519605
high,baseline,low,True,tv,prevalence,2028,0.05887615002300084
high,baseline,low,True,tv,prevalence,2029,0.05292811683619105
high,baseline,low,True,tv,prevalence,2030,0.047496107337927765
high,baseline,low,True,tv,prevalence,2031,0.04283496868610158
high,baseline,low,True,tv,prevalence,2032,0.03960774845862764
high,baseline,low,True,tv,prevalence,2033,0.036762397580800396
high,baseline,low,True,tv,prevalence,2034,0.03424321150951976
high,baseline,low,True,tv,prevalence,2035,0.032716875392661535
high,baseline,low,True,tv,prevalence,2036,0.031088120112594174
high,baseline,low,True,tv,prevalence,2037,0.029917778761537707
high,baseline,low,True,tv,prevalence,2038,0.028838062926610113
high,baseline,low,True,tv,prevalence,2039,0.02856140718800405
high,baseline,low,True,tv,prevalence,2040,0.02957553863249693
high,baseline,moderate,True,tv,prevalence,2027,0.06799347964312946
high,baseline,moderate,True,tv,prevalence,2028,0.057668015003682384
high,baseline,moderate,True,tv,prevalence,2029,0.05163756783299844
high,baseline,moderate,True,tv,prevalence,2030,0.04618645842031118
high,baseline,moderate,True,tv,prevalence,2031,0.04155829666740926
high,baseline,moderate,True,tv,prevalence,2032,0.03794994617066909
high,baseline,moderate,True,tv,prevalence,2033,0.0347133123929944
high,baseline,moderate,True,tv,prevalence,2034,0.03148199820319787
high,baseline,moderate,True,tv,prevalence,2035,0.029724093070003742
high,baseline,moderate,True,tv,prevalence,2036,0.027991229821502334
high,baseline,moderate,True,tv,prevalence,2037,0.02682785059994828
high,baseline,moderate,True,tv,prevalence,2038,0.025162461976066502
high,baseline,moderate,True,tv,prevalence,2039,0.02474257378098431
high,baseline,moderate,True,tv,prevalence,2040,0.026057356486240545
high,baseline,none,True,tv,prevalence,2027,0.069235842239385
high,baseline,none,True,tv,prevalence,2028,0.06023206280114428
high,baseline,none,True,tv,prevalence,2029,0.05460301003961567
high,baseline,none,True,tv,prevalence,2030,0.04965435874703726
high,baseline,none,True,tv,prevalence,2031,0.044980710539792225
high,baseline,none,True,tv,prevalence,2032,0.0414789022980486
high,baseline,none,True,tv,prevalence,2033,0.03901305293237402
high,baseline,none,True,tv,prevalence,2034,0.03728357007648181
high,baseline,none,True,tv,prevalence,2035,0.03561062774116604
high,baseline,none,True,tv,prevalence,2036,0.0340640109872198
high,baseline,none,True,tv,prevalence,2037,0.033000739194486456
high,baseline,none,True,tv,prevalence,2038,0.032541208701531724
high,baseline,none,True,tv,prevalence,2039,0.03263882339067976
high,baseline,none,True,tv,prevalence,2040,0.03454235187150748
high,high,high,True,tv,prevalence,2027,0.061422894845928146
high,high,high,True,tv,prevalence,2028,0.03960926492729662
high,high,high,True,tv,prevalence,2029,0.028892031799771085
high,high,high,True,tv,prevalence,2030,0.02212312240745286
high,high,high,True,tv,prevalence,2031,0.016927019649004067
high,high,high,True,tv,prevalence,2032,0.01336152200812118
high,high,high,True,tv,prevalence,2033,0.009948804636795278
high,high,high,True,tv,prevalence,2034,0.0070634245212226315
high,high,high,True,tv,prevalence,2035,0.0054956329651701386
high,high,high,True,tv,prevalence,2036,0.004024496893119666
high,high,high,True,tv,prevalence,2037,0.0028937953688791254
high,high,high,True,tv,prevalence,2038,0.002353130639677678
high,high,high,True,tv,prevalence,2039,0.0022022155840409224
high,high,high,True,tv,prevalence,2040,0.002199366682619654
high,high,low,True,tv,prevalence,2027,0.06209142547341181
high,high,low,True,tv,prevalence,2028,0.04055581767588167
high,high,low,True,tv,prevalence,2029,0.029474691442052982
high,high,low,True,tv,prevalence,2030,0.02262017705777688
high,high,low,True,tv,prevalence,2031,0.01758110111058256
high,high,low,True,tv,prevalence,2032,0.013736406895144049
high,high,low,True,tv,prevalence,2033,0.010643964299905202
high,high,low,True,tv,prevalence,2034,0.008072998267481559
high,high,low,True,tv,prevalence,2035,0.006238841612305998
high,high,low,True,tv,prevalence,2036,0.004719512628775327
high,high,low,True,tv,prevalence,2037,0.0035836805622763896
high,high,low,True,tv,prevalence,2038,0.0029630553766239404
high,high,low,True,tv,prevalence,2039,0.002413574670047771
high,high,low,True,tv,prevalence,2040,0.0024208163757994403
high,high,moderate,True,tv,prevalence,2027,0.06167772025779804
high,high,moderate,True,tv,prevalence,2028,0.03987574855489762
high,high,moderate,True,tv,prevalence,2029,0.028790505050165872
high,high,moderate,True,tv,prevalence,2030,0.021765975663756102
high,high,moderate,True,tv,prevalence,2031,0.016924193083871865
high,high,moderate,True,tv,prevalence,2032,0.013107167856519561
high,high,moderate,True,tv,prevalence,2033,0.009745231269509703
high,high,moderate,True,tv,prevalence,2034,0.006958600411504685
high,high,moderate,True,tv,prevalence,2035,0.005552256309051809
high,high,moderate,True,tv,prevalence,2036,0.004233584776288313
high,high,moderate,True,tv,prevalence,2037,0.0034762880533603206
high,high,moderate,True,tv,prevalence,2038,0.0024381976155234157
high,high,moderate,True,tv,prevalence,2039,0.00218635076585121
high,high,moderate,True,tv,prevalence,2040,0.0022048290575210237
high,high,none,True,tv,prevalence,2027,0.06258097338448795
high,high,none,True,tv,prevalence,2028,0.04165460717955219
high,high,none,True,tv,prevalence,2029,0.030371062083624827
high,high,none,True,tv,prevalence,2030,0.023481386479109773
high,high,none,True,tv,prevalence,2031,0.017782084281285165
high,high,none,True,tv,prevalence,2032,0.013929025448592185
high,high,none,True,tv,prevalence,2033,0.010765226683950094
high,high,none,True,tv,prevalence,2034,0.008000997250732084
high,high,none,True,tv,prevalence,2035,0.006395346647660928
high,high,none,True,tv,prevalence,2036,0.0052136806885904
high,high,none,True,tv,prevalence,2037,0.004341855255594172
high,high,none,True,tv,prevalence,2038,0.0035137819926175005
high,high,none,True,tv,prevalence,2039,0.002848758218864292
high,high,none,True,tv,prevalence,2040,0.0028122107938370684
high,low,high,True,tv,prevalence,2027,0.06644797138678608
high,low,high,True,tv,prevalence,2028,0.05285642098155824
high,low,high,True,tv,prevalence,2029,0.045004058999611886
high,low,high,True,tv,prevalence,2030,0.03867425514011741
high,low,high,True,tv,prevalence,2031,0.03338920607321855
high,low,high,True,tv,prevalence,2032,0.02951072851775844
high,low,high,True,tv,prevalence,2033,0.025289395362532757
high,low,high,True,tv,prevalence,2034,0.021581087314630956
high,low,high,True,tv,prevalence,2035,0.019552435828806565
high,low,high,True,tv,prevalence,2036,0.01734313972465078
high,low,high,True,tv,prevalence,2037,0.015691281414416926
high,low,high,True,tv,prevalence,2038,0.014783449103502096
high,low,high,True,tv,prevalence,2039,0.013487245915765583
high,low,high,True,tv,prevalence,2040,0.013803120085413947
high,low,low,True,tv,prevalence,2027,0.06733848799529459
high,low,low,True,tv,prevalence,2028,0.054581319236562766
high,low,low,True,tv,prevalence,2029,0.046992736322573066
high,low,low,True,tv,prevalence,2030,0.040360374743546146
high,low,low,True,tv,prevalence,2031,0.03500427236340646
high,low,low,True,tv,prevalence,2032,0.031532165922202246
high,low,low,True,tv,prevalence,2033,0.027797687294905567
high,low,low,True,tv,prevalence,2034,0.024301680817503626
high,low,low,True,tv,prevalence,2035,0.022276719939523775
high,low,low,True,tv,prevalence,2036,0.0202173943058931
high,low,low,True,tv,prevalence,2037,0.018816589952183608
high,low,low,True,tv,prevalence,2038,0.018163313263132707
high,low,low,True,tv,prevalence,2039,0.01732601212825866
high,low,low,True,tv,prevalence,2040,0.018272084995229025
high,low,moderate,True,tv,prevalence,2027,0.06676909635548803
high,low,moderate,True,tv,prevalence,2028,0.053534257200782434
high,low,moderate,True,tv,prevalence,2029,0.045988059218437904
high,low,moderate,True,tv,prevalence,2030,0.03975762451929134
high,low,moderate,True,tv,prevalence,2031,0.03425703330011433
high,low,moderate,True,tv,prevalence,2032,0.030140688991360957
high,low,moderate,True,tv,prevalence,2033,0.026111756875375765
high,low,moderate,True,tv,prevalence,2034,0.022998930836546676
high,low,moderate,True,tv,prevalence,2035,0.02121757931700319
high,low,moderate,True,tv,prevalence,2036,0.01902884864440591
high,low,moderate,True,tv,prevalence,2037,0.017581107377788386
high,low,moderate,True,tv,prevalence,2038,0.01699992214837236
high,low,moderate,True,tv,prevalence,2039,0.015822629420953575
high,low,moderate,True,tv,prevalence,2040,0.016577740822299226
high,low,none,True,tv,prevalence,2027,0.06791040531581932
high,low,none,True,tv,prevalence,2028,0.05594334525785881
high,low,none,True,tv,prevalence,2029,0.048534059878248284
high,low,none,True,tv,prevalence,2030,0.04247458948538533
high,low,none,True,tv,prevalence,2031,0.037078708236488706
high,low,none,True,tv,prevalence,2032,0.03286029244038496
high,low,none,True,tv,prevalence,2033,0.029657482633202524
high,low,none,True,tv,prevalence,2034,0.02686410143799639
high,low,none,True,tv,prevalence,2035,0.025405194857198547
high,low,none,True,tv,prevalence,2036,0.02405158286838691
high,low,none,True,tv,prevalence,2037,0.022732699515442826
high,low,none,True,tv,prevalence,2038,0.022238582486110284
high,low,none,True,tv,prevalence,2039,0.021567657634320374
high,low,none,True,tv,prevalence,2040,0.022853051004286452
high,moderate,high,True,tv,prevalence,2027,0.0640888656305296
high,moderate,high,True,tv,prevalence,2028,0.046572594275693026
high,moderate,high,True,tv,prevalence,2029,0.03695183655193674
high,moderate,high,True,tv,prevalence,2030,0.030440993256185312
high,moderate,high,True,tv,prevalence,2031,0.02432915118769898
high,moderate,high,True,tv,prevalence,2032,0.019678433575768397
high,moderate,high,True,tv,prevalence,2033,0.01639212621312388
high,moderate,high,True,tv,prevalence,2034,0.013248703344806188
high,moderate,high,True,tv,prevalence,2035,0.011468568748630928
high,moderate,high,True,tv,prevalence,2036,0.009465492590780503
high,moderate,high,True,tv,prevalence,2037,0.007644465408970319
high,moderate,high,True,tv,prevalence,2038,0.0065335912497896925
high,moderate,high,True,tv,prevalence,2039,0.005317086652501321
high,moderate,high,True,tv,prevalence,2040,0.005061454479347373
high,moderate,low,True,tv,prevalence,2027,0.06481541643181297
high,moderate,low,True,tv,prevalence,2028,0.047816723268689985
high,moderate,low,True,tv,prevalence,2029,0.03798596948636144
high,moderate,low,True,tv,prevalence,2030,0.031074975287963914
high,moderate,low,True,tv,prevalence,2031,0.025529206131689387
high,moderate,low,True,tv,prevalence,2032,0.0208167441407573
high,moderate,low,True,tv,prevalence,2033,0.01742484058416474
high,moderate,low,True,tv,prevalence,2034,0.014102502720739462
high,moderate,low,True,tv,prevalence,2035,0.012156992299052911
high,moderate,low,True,tv,prevalence,2036,0.010353545976049459
high,moderate,low,True,tv,prevalence,2037,0.009260549680816707
high,moderate,low,True,tv,prevalence,2038,0.008252591651438452
high,moderate,low,True,tv,prevalence,2039,0.007300387686561391
high,moderate,low,True,tv,prevalence,2040,0.007362031526360646
high,moderate,moderate,True,tv,prevalence,2027,0.0643565438038265
high,moderate,moderate,True,tv,prevalence,2028,0.047085195154960346
high,moderate,moderate,True,tv,prevalence,2029,0.03737035867601916
high,moderate,moderate,True,tv,prevalence,2030,0.030575085134943697
high,moderate,moderate,True,tv,prevalence,2031,0.025172366589460166
high,moderate,moderate,True,tv,prevalence,2032,0.020286170584035867
high,moderate,moderate,True,tv,prevalence,2033,0.016712325771312986
high,moderate,moderate,True,tv,prevalence,2034,0.013626007940746804
high,moderate,moderate,True,tv,prevalence,2035,0.01191121503673371
high,moderate,moderate,True,tv,prevalence,2036,0.010045472617419438
high,moderate,moderate,True,tv,prevalence,2037,0.008270721117614215
high,moderate,moderate,True,tv,prevalence,2038,0.007304956387088395
high,moderate,moderate,True,tv,prevalence,2039,0.006094323786751661
high,moderate,moderate,True,tv,prevalence,2040,0.006061748771712996
high,moderate,none,True,tv,prevalence,2027,0.06533274632986882
high,moderate,none,True,tv,prevalence,2028,0.04890613558502508
high,moderate,none,True,tv,prevalence,2029,0.03900327585626092
high,moderate,none,True,tv,prevalence,2030,0.03226209203612844
high,moderate,none,True,tv,prevalence,2031,0.026251113917079672
high,moderate,none,True,tv,prevalence,2032,0.021677726960995732
high,moderate,none,True,tv,prevalence,2033,0.018516230339485056
high,moderate,none,True,tv,prevalence,2034,0.015713134418003854
high,moderate,none,True,tv,prevalence,2035,0.01391499849529774
high,moderate,none,True,tv,prevalence,2036,0.012233607759484424
high,moderate,none,True,tv,prevalence,2037,0.011231958027241034
high,moderate,none,True,tv,prevalence,2038,0.010211873491467155
high,moderate,none,True,tv,prevalence,2039,0.009080704615218245
high,moderate,none,True,tv,prevalence,2040,0.00981910077070275
low,baseline,high,True,tv,prevalence,2027,0.06903510159555519
low,baseline,high,True,tv,prevalence,2028,0.06014512229640926
low,baseline,high,True,tv,prevalence,2029,0.055503781618769885
low,baseline,high,True,tv,prevalence,2030,0.05136022013432414
low,baseline,high,True,tv,prevalence,2031,0.047177626863973074
low,baseline,high,True,tv,prevalence,2032,0.04410024832528214
low,baseline,high,True,tv,prevalence,2033,0.04112452679025225
low,baseline,high,True,tv,prevalence,2034,0.038073910812976536
low,baseline,high,True,tv,prevalence,2035,0.03710317162113372
low,baseline,high,True,tv,prevalence,2036,0.03611631268303838
low,baseline,high,True,tv,prevalence,2037,0.034810991299231195
low,baseline,high,True,tv,prevalence,2038,0.034902092217610904
low,baseline,high,True,tv,prevalence,2039,0.034728627745778354
low,baseline,high,True,tv,prevalence,2040,0.03595333677925053
low,baseline,low,True,tv,prevalence,2027,0.0699993308067604
low,baseline,low,True,tv,prevalence,2028,0.06230872097118242
low,baseline,low,True,tv,prevalence,2029,0.05818504220412775
low,baseline,low,True,tv,prevalence,2030,0.05441795604538711
low,baseline,low,True,tv,prevalence,2031,0.051077515602760096
low,baseline,low,True,tv,prevalence,2032,0.04831554013137971
low,baseline,low,True,tv,prevalence,2033,0.04589765157536135
low,baseline,low,True,tv,prevalence,2034,0.04388299483333756
low,baseline,low,True,tv,prevalence,2035,0.04316516019248969
low,baseline,low,True,tv,prevalence,2036,0.04264538240548991
low,baseline,low,True,tv,prevalence,2037,0.042042955059964124
low,baseline,low,True,tv,prevalence,2038,0.04148623431943593
low,baseline,low,True,tv,prevalence,2039,0.040968980871842
low,baseline,low,True,tv,prevalence,2040,0.04265025226377363
low,baseline,moderate,True,tv,prevalence,2027,0.06940336418016721
low,baseline,moderate,True,tv,prevalence,2028,0.060962597733308366
low,baseline,moderate,True,tv,prevalence,2029,0.056595747844359126
low,baseline,moderate,True,tv,prevalence,2030,0.05250152454127738
low,baseline,moderate,True,tv,prevalence,2031,0.04923708421003166
low,baseline,moderate,True,tv,prevalence,2032,0.04615294556074295
low,baseline,moderate,True,tv,prevalence,2033,0.04312539719658247
low,baseline,moderate,True,tv,prevalence,2034,0.04070803087722698
low,baseline,moderate,True,tv,prevalence,2035,0.03966465082299876
low,baseline,moderate,True,tv,prevalence,2036,0.03865648701861119
low,baseline,moderate,True,tv,prevalence,2037,0.03768201546977337
low,baseline,moderate,True,tv,prevalence,2038,0.037453159427387674
low,baseline,moderate,True,tv,prevalence,2039,0.03716963425773377
low,baseline,moderate,True,tv,prevalence,2040,0.03870069143389501
low,baseline,none,True,tv,prevalence,2027,0.0706564085695001
low,baseline,none,True,tv,prevalence,2028,0.06365125055474438
low,baseline,none,True,tv,prevalence,2029,0.05979238408735815
low,baseline,none,True,tv,prevalence,2030,0.056377467135680946
low,baseline,none,True,tv,prevalence,2031,0.05256892272343976
low,baseline,none,True,tv,prevalence,2032,0.049594873622774795
low,baseline,none,True,tv,prevalence,2033,0.04729352297933555
low,baseline,none,True,tv,prevalence,2034,0.04558847469360794
low,baseline,none,True,tv,prevalence,2035,0.045182564557806795
low,baseline,none,True,tv,prevalence,2036,0.045101257367438544
low,baseline,none,True,tv,prevalence,2037,0.04511527820539092
low,baseline,none,True,tv,prevalence,2038,0.045663655682780815
low,baseline,none,True,tv,prevalence,2039,0.045722344592210265
low,baseline,none,True,tv,prevalence,2040,0.04803663655123206
low,high,high,True,tv,prevalence,2027,0.0631978128441976
low,high,high,True,tv,prevalence,2028,0.04352259026207235
low,high,high,True,tv,prevalence,2029,0.03381020924530438
low,high,high,True,tv,prevalence,2030,0.0271363121362051
low,high,high,True,tv,prevalence,2031,0.021175992752210666
low,high,high,True,tv,prevalence,2032,0.017292251335604195
low,high,high,True,tv,prevalence,2033,0.013929676679896724
low,high,high,True,tv,prevalence,2034,0.011039815244847796
low,high,high,True,tv,prevalence,2035,0.00932613897263981
low,high,high,True,tv,prevalence,2036,0.007511381779832559
low,high,high,True,tv,prevalence,2037,0.00654183989520669
low,high,high,True,tv,prevalence,2038,0.005443049668494216
low,high,high,True,tv,prevalence,2039,0.004727848905600726
low,high,high,True,tv,prevalence,2040,0.004881326247969204
low,high,low,True,tv,prevalence,2027,0.0639357009509546
low,high,low,True,tv,prevalence,2028,0.0445920912760135
low,high,low,True,tv,prevalence,2029,0.03415432892395363
low,high,low,True,tv,prevalence,2030,0.02757494553823701
low,high,low,True,tv,prevalence,2031,0.021806183984197897
low,high,low,True,tv,prevalence,2032,0.017946365779870042
low,high,low,True,tv,prevalence,2033,0.014636671166990311
low,high,low,True,tv,prevalence,2034,0.011599561714787113
low,high,low,True,tv,prevalence,2035,0.009956928358726847
low,high,low,True,tv,prevalence,2036,0.00847790413312373
low,high,low,True,tv,prevalence,2037,0.007751636777910775
low,high,low,True,tv,prevalence,2038,0.006872630712769699
low,high,low,True,tv,prevalence,2039,0.005656045337326462
low,high,low,True,tv,prevalence,2040,0.005766433233134987
low,high,moderate,True,tv,prevalence,2027,0.06351748641913728
low,high,moderate,True,tv,prevalence,2028,0.04398013741236472
low,high,moderate,True,tv,prevalence,2029,0.03368166284918104
low,high,moderate,True,tv,prevalence,2030,0.02688060136497229
low,high,moderate,True,tv,prevalence,2031,0.021230834397187596
low,high,moderate,True,tv,prevalence,2032,0.017151003830074743
low,high,moderate,True,tv,prevalence,2033,0.013802703011198403
low,high,moderate,True,tv,prevalence,2034,0.010945721301386937
low,high,moderate,True,tv,prevalence,2035,0.00913698942573446
low,high,moderate,True,tv,prevalence,2036,0.007648494011447402
low,high,moderate,True,tv,prevalence,2037,0.006736166824799368
low,high,moderate,True,tv,prevalence,2038,0.00558437265962025
low,high,moderate,True,tv,prevalence,2039,0.004467715221406292
low,high,moderate,True,tv,prevalence,2040,0.0044579437925365865
low,high,none,True,tv,prevalence,2027,0.06448148585900437
low,high,none,True,tv,prevalence,2028,0.04565725153736141
low,high,none,True,tv,prevalence,2029,0.0350597003213981
low,high,none,True,tv,prevalence,2030,0.028540391790873053
low,high,none,True,tv,prevalence,2031,0.022330228128749935
low,high,none,True,tv,prevalence,2032,0.018378136670901105
low,high,none,True,tv,prevalence,2033,0.01535313809520566
low,high,none,True,tv,prevalence,2034,0.012178563191136966
low,high,none,True,tv,prevalence,2035,0.010209437516495829
low,high,none,True,tv,prevalence,2036,0.008613950109511426
low,high,none,True,tv,prevalence,2037,0.0074740129276510275
low,high,none,True,tv,prevalence,2038,0.006464531302859182
low,high,none,True,tv,prevalence,2039,0.0054914269285120795
low,high,none,True,tv,prevalence,2040,0.005520174136599995
low,low,high,True,tv,prevalence,2027,0.06789665390694781
low,low,high,True,tv,prevalence,2028,0.056420617858482236
low,low,high,True,tv,prevalence,2029,0.050344734432989646
low,low,high,True,tv,prevalence,2030,0.04528662260335912
low,low,high,True,tv,prevalence,2031,0.04001990839492266
low,low,high,True,tv,prevalence,2032,0.036501972778151995
low,low,high,True,tv,prevalence,2033,0.032708416481769184
low,low,high,True,tv,prevalence,2034,0.02958010211051208
low,low,high,True,tv,prevalence,2035,0.02816890344537733
low,low,high,True,tv,prevalence,2036,0.02622288120336505
low,low,high,True,tv,prevalence,2037,0.024459699590903154
low,low,high,True,tv,prevalence,2038,0.023943510316108724
low,low,high,True,tv,prevalence,2039,0.023329831604721234
low,low,high,True,tv,prevalence,2040,0.02394513976542182
low,low,low,True,tv,prevalence,2027,0.06879711303131876
low,low,low,True,tv,prevalence,2028,0.058462061221915176
low,low,low,True,tv,prevalence,2029,0.052763180409699496
low,low,low,True,tv,prevalence,2030,0.04770762160063544
low,low,low,True,tv,prevalence,2031,0.04319018981732552
low,low,low,True,tv,prevalence,2032,0.03979289707779744
low,low,low,True,tv,prevalence,2033,0.03649202447724935
low,low,low,True,tv,prevalence,2034,0.03368728187232796
low,low,low,True,tv,prevalence,2035,0.03247385114887
low,low,low,True,tv,prevalence,2036,0.030801857657079223
low,low,low,True,tv,prevalence,2037,0.030410605279495635
low,low,low,True,tv,prevalence,2038,0.029335157733257892
low,low,low,True,tv,prevalence,2039,0.02812573268080477
low,low,low,True,tv,prevalence,2040,0.028876643295871186
low,low,moderate,True,tv,prevalence,2027,0.06826956262042358
low,low,moderate,True,tv,prevalence,2028,0.05731245732415431
low,low,moderate,True,tv,prevalence,2029,0.05109110280647705
low,low,moderate,True,tv,prevalence,2030,0.04628150011107309
low,low,moderate,True,tv,prevalence,2031,0.0414910822609156
low,low,moderate,True,tv,prevalence,2032,0.037927025660990446
low,low,moderate,True,tv,prevalence,2033,0.03422958639304685
low,low,moderate,True,tv,prevalence,2034,0.03126390839488911
low,low,moderate,True,tv,prevalence,2035,0.02988977245567804
low,low,moderate,True,tv,prevalence,2036,0.027838365721617936
low,low,moderate,True,tv,prevalence,2037,0.02669339134337933
low,low,moderate,True,tv,prevalence,2038,0.025923720920101107
low,low,moderate,True,tv,prevalence,2039,0.024745472916271494
low,low,moderate,True,tv,prevalence,2040,0.025680336716416487
low,low,none,True,tv,prevalence,2027,0.06943589696628934
low,low,none,True,tv,prevalence,2028,0.05976657655856373
low,low,none,True,tv,prevalence,2029,0.05393908987173511
low,low,none,True,tv,prevalence,2030,0.04910705818923662
low,low,none,True,tv,prevalence,2031,0.044421876054552875
low,low,none,True,tv,prevalence,2032,0.04057295438511774
low,low,none,True,tv,prevalence,2033,0.03789537364879486
low,low,none,True,tv,prevalence,2034,0.036076412004082924
low,low,none,True,tv,prevalence,2035,0.03495815327926558
low,low,none,True,tv,prevalence,2036,0.03348795485346301
low,low,none,True,tv,prevalence,2037,0.033757717605487285
low,low,none,True,tv,prevalence,2038,0.033475528424745646
low,low,none,True,tv,prevalence,2039,0.03305826219956426
low,low,none,True,tv,prevalence,2040,0.03460092618829557
low,moderate,high,True,tv,prevalence,2027,0.06569519370824445
low,moderate,high,True,tv,prevalence,2028,0.05023147479516569
low,moderate,high,True,tv,prevalence,2029,0.04195882487593072
low,moderate,high,True,tv,prevalence,2030,0.035884924865848475
low,moderate,high,True,tv,prevalence,2031,0.029646328566495
low,moderate,high,True,tv,prevalence,2032,0.025149149067721477
low,moderate,high,True,tv,prevalence,2033,0.02204262538921304
low,moderate,high,True,tv,prevalence,2034,0.01861353953547587
low,moderate,high,True,tv,prevalence,2035,0.01725300768342091
low,moderate,high,True,tv,prevalence,2036,0.01525735006202048
low,moderate,high,True,tv,prevalence,2037,0.013782911074765865
low,moderate,high,True,tv,prevalence,2038,0.012977911353274058
low,moderate,high,True,tv,prevalence,2039,0.012029452991991015
low,moderate,high,True,tv,prevalence,2040,0.012117088113438021
low,moderate,low,True,tv,prevalence,2027,0.06643611781947037
low,moderate,low,True,tv,prevalence,2028,0.05150893129093256
low,moderate,low,True,tv,prevalence,2029,0.042910969993831094
low,moderate,low,True,tv,prevalence,2030,0.036736425318084825
low,moderate,low,True,tv,prevalence,2031,0.031312197120560305
low,moderate,low,True,tv,prevalence,2032,0.02715762378404541
low,moderate,low,True,tv,prevalence,2033,0.02340979740804251
low,moderate,low,True,tv,prevalence,2034,0.019838045725631658
low,moderate,low,True,tv,prevalence,2035,0.018437166199570965
low,moderate,low,True,tv,prevalence,2036,0.017033613977262406
low,moderate,low,True,tv,prevalence,2037,0.015825078750263476
low,moderate,low,True,tv,prevalence,2038,0.01453183627348421
low,moderate,low,True,tv,prevalence,2039,0.013189104449567488
low,moderate,low,True,tv,prevalence,2040,0.01358587997354356
low,moderate,moderate,True,tv,prevalence,2027,0.06602524494313841
low,moderate,moderate,True,tv,prevalence,2028,0.050862558355647236
low,moderate,moderate,True,tv,prevalence,2029,0.04206787760867381
low,moderate,moderate,True,tv,prevalence,2030,0.03577185733488849
low,moderate,moderate,True,tv,prevalence,2031,0.0301896703381887
low,moderate,moderate,True,tv,prevalence,2032,0.025618864584668288
low,moderate,moderate,True,tv,prevalence,2033,0.022035135560219854
low,moderate,moderate,True,tv,prevalence,2034,0.019250006789572248
low,moderate,moderate,True,tv,prevalence,2035,0.017939045549086863
low,moderate,moderate,True,tv,prevalence,2036,0.01604528824512775
low,moderate,moderate,True,tv,prevalence,2037,0.014953359081143197
low,moderate,moderate,True,tv,prevalence,2038,0.013474829817680006
low,moderate,moderate,True,tv,prevalence,2039,0.01236854851854699
low,moderate,moderate,True,tv,prevalence,2040,0.012575699153121048
low,moderate,none,True,tv,prevalence,2027,0.06699768659798747
low,moderate,none,True,tv,prevalence,2028,0.052662060029755056
low,moderate,none,True,tv,prevalence,2029,0.04376544000846798
low,moderate,none,True,tv,prevalence,2030,0.03752147153658246
low,moderate,none,True,tv,prevalence,2031,0.0316703477172665
low,moderate,none,True,tv,prevalence,2032,0.02720897551244845
low,moderate,none,True,tv,prevalence,2033,0.024629208774639668
low,moderate,none,True,tv,prevalence,2034,0.022028955944596564
low,moderate,none,True,tv,prevalence,2035,0.020173429228460143
low,moderate,none,True,tv,prevalence,2036,0.019136973902711397
low,moderate,none,True,tv,prevalence,2037,0.01833101970419973
low,moderate,none,True,tv,prevalence,2038,0.016947775398258435
low,moderate,none,True,tv,prevalence,2039,0.015662167432697445
low,moderate,none,True,tv,prevalence,2040,0.016436590168602272
moderate,baseline,high,True,tv,prevalence,2027,0.06839212511317708
moderate,baseline,high,True,tv,prevalence,2028,0.05851883276792204
moderate,baseline,high,True,tv,prevalence,2029,0.05302969230508466
moderate,baseline,high,True,tv,prevalence,2030,0.04823309609731423
moderate,baseline,high,True,tv,prevalence,2031,0.04374325474171646
moderate,baseline,high,True,tv,prevalence,2032,0.04039601533864521
moderate,baseline,high,True,tv,prevalence,2033,0.03731960731707339
moderate,baseline,high,True,tv,prevalence,2034,0.03472139342418854
moderate,baseline,high,True,tv,prevalence,2035,0.03338618181851658
moderate,baseline,high,True,tv,prevalence,2036,0.032276115140004516
moderate,baseline,high,True,tv,prevalence,2037,0.030813057442156157
moderate,baseline,high,True,tv,prevalence,2038,0.03040869402987837
moderate,baseline,high,True,tv,prevalence,2039,0.029705819031155305
moderate,baseline,high,True,tv,prevalence,2040,0.030858269176820118
moderate,baseline,low,True,tv,prevalence,2027,0.06937669298953816
moderate,baseline,low,True,tv,prevalence,2028,0.06067587328379165
moderate,baseline,low,True,tv,prevalence,2029,0.05533378648157359
moderate,baseline,low,True,tv,prevalence,2030,0.05080185357290036
moderate,baseline,low,True,tv,prevalence,2031,0.046831966905543546
moderate,baseline,low,True,tv,prevalence,2032,0.04379523903874422
moderate,baseline,low,True,tv,prevalence,2033,0.04124750419401641
moderate,baseline,low,True,tv,prevalence,2034,0.0394437248811585
moderate,baseline,low,True,tv,prevalence,2035,0.038498645288942535
moderate,baseline,low,True,tv,prevalence,2036,0.03766377407866921
moderate,baseline,low,True,tv,prevalence,2037,0.036649821248491934
moderate,baseline,low,True,tv,prevalence,2038,0.03602631794440065
moderate,baseline,low,True,tv,prevalence,2039,0.03538437617825475
moderate,baseline,low,True,tv,prevalence,2040,0.03689088196071629
moderate,baseline,moderate,True,tv,prevalence,2027,0.06876745942572539
moderate,baseline,moderate,True,tv,prevalence,2028,0.05937551140645858
moderate,baseline,moderate,True,tv,prevalence,2029,0.05394115865973768
moderate,baseline,moderate,True,tv,prevalence,2030,0.04904068777840276
moderate,baseline,moderate,True,tv,prevalence,2031,0.04508627469816494
moderate,baseline,moderate,True,tv,prevalence,2032,0.04197437565635696
moderate,baseline,moderate,True,tv,prevalence,2033,0.03888778606589264
moderate,baseline,moderate,True,tv,prevalence,2034,0.036270542990410784
moderate,baseline,moderate,True,tv,prevalence,2035,0.03475109514988594
moderate,baseline,moderate,True,tv,prevalence,2036,0.033639119059681394
moderate,baseline,moderate,True,tv,prevalence,2037,0.032716834420786836
moderate,baseline,moderate,True,tv,prevalence,2038,0.032520044372747955
moderate,baseline,moderate,True,tv,prevalence,2039,0.03214538542044136
moderate,baseline,moderate,True,tv,prevalence,2040,0.03352807152651978
moderate,baseline,none,True,tv,prevalence,2027,0.07000162764196524
moderate,baseline,none,True,tv,prevalence,2028,0.06210949858424256
moderate,baseline,none,True,tv,prevalence,2029,0.05714785225554917
moderate,baseline,none,True,tv,prevalence,2030,0.05300652170055462
moderate,baseline,none,True,tv,prevalence,2031,0.04888606899525128
moderate,baseline,none,True,tv,prevalence,2032,0.045916933466916096
moderate,baseline,none,True,tv,prevalence,2033,0.043440462242628534
moderate,baseline,none,True,tv,prevalence,2034,0.04195287433131219
moderate,baseline,none,True,tv,prevalence,2035,0.04139547382919172
moderate,baseline,none,True,tv,prevalence,2036,0.04072387939318674
moderate,baseline,none,True,tv,prevalence,2037,0.03991398865584396
moderate,baseline,none,True,tv,prevalence,2038,0.03994236570839706
moderate,baseline,none,True,tv,prevalence,2039,0.03998089872438394
moderate,baseline,none,True,tv,prevalence,2040,0.04212988420016024
moderate,high,high,True,tv,prevalence,2027,0.062428467696417536
moderate,high,high,True,tv,prevalence,2028,0.0417338835756627
moderate,high,high,True,tv,prevalence,2029,0.03124461733298562
moderate,high,high,True,tv,prevalence,2030,0.02447749309356922
moderate,high,high,True,tv,prevalence,2031,0.01882140741465527
moderate,high,high,True,tv,prevalence,2032,0.01501389136887903
moderate,high,high,True,tv,prevalence,2033,0.011587611719758587
moderate,high,high,True,tv,prevalence,2034,0.008718724369173331
moderate,high,high,True,tv,prevalence,2035,0.007421405939028227
moderate,high,high,True,tv,prevalence,2036,0.005794135562203656
moderate,high,high,True,tv,prevalence,2037,0.004684452894846638
moderate,high,high,True,tv,prevalence,2038,0.003701952106087729
moderate,high,high,True,tv,prevalence,2039,0.003130781313506419
moderate,high,high,True,tv,prevalence,2040,0.0032070307116484364
moderate,high,low,True,tv,prevalence,2027,0.06317011937343715
moderate,high,low,True,tv,prevalence,2028,0.04271941178409613
moderate,high,low,True,tv,prevalence,2029,0.03172102585158501
moderate,high,low,True,tv,prevalence,2030,0.02504578239335158
moderate,high,low,True,tv,prevalence,2031,0.01975081740093586
moderate,high,low,True,tv,prevalence,2032,0.01581917477172627
moderate,high,low,True,tv,prevalence,2033,0.01276028109312593
moderate,high,low,True,tv,prevalence,2034,0.009887859758822736
moderate,high,low,True,tv,prevalence,2035,0.008178757907438815
moderate,high,low,True,tv,prevalence,2036,0.006496917731095507
moderate,high,low,True,tv,prevalence,2037,0.005273694666931831
moderate,high,low,True,tv,prevalence,2038,0.00430393315145479
moderate,high,low,True,tv,prevalence,2039,0.0033068174993612746
moderate,high,low,True,tv,prevalence,2040,0.003149157862177646
moderate,high,moderate,True,tv,prevalence,2027,0.06274224301047024
moderate,high,moderate,True,tv,prevalence,2028,0.042167954306555504
moderate,high,moderate,True,tv,prevalence,2029,0.031313743903311125
moderate,high,moderate,True,tv,prevalence,2030,0.024472162827747168
moderate,high,moderate,True,tv,prevalence,2031,0.019133512021909025
moderate,high,moderate,True,tv,prevalence,2032,0.015060225318038006
moderate,high,moderate,True,tv,prevalence,2033,0.011870534498978418
moderate,high,moderate,True,tv,prevalence,2034,0.008802490989771561
moderate,high,moderate,True,tv,prevalence,2035,0.007281673756476564
moderate,high,moderate,True,tv,prevalence,2036,0.005800353748330216
moderate,high,moderate,True,tv,prevalence,2037,0.004817605714186839
moderate,high,moderate,True,tv,prevalence,2038,0.0038178677119182604
moderate,high,moderate,True,tv,prevalence,2039,0.0033268901058834356
moderate,high,moderate,True,tv,prevalence,2040,0.003423910259544601
moderate,high,none,True,tv,prevalence,2027,0.06369684732528688
moderate,high,none,True,tv,prevalence,2028,0.043822647582112136
moderate,high,none,True,tv,prevalence,2029,0.032735340729587135
moderate,high,none,True,tv,prevalence,2030,0.026436551661512965
moderate,high,none,True,tv,prevalence,2031,0.020713619351875958
moderate,high,none,True,tv,prevalence,2032,0.016827410674057974
moderate,high,none,True,tv,prevalence,2033,0.013790953075654335
moderate,high,none,True,tv,prevalence,2034,0.010615362181505175
moderate,high,none,True,tv,prevalence,2035,0.008775221732435527
moderate,high,none,True,tv,prevalence,2036,0.006992840082227972
moderate,high,none,True,tv,prevalence,2037,0.005946279085039302
moderate,high,none,True,tv,prevalence,2038,0.004705315799298082
moderate,high,none,True,tv,prevalence,2039,0.003896307001738033
moderate,high,none,True,tv,prevalence,2040,0.00376315900282755
moderate,low,high,True,tv,prevalence,2027,0.06721426695203421
moderate,low,high,True,tv,prevalence,2028,0.054554565704947953
moderate,low,high,True,tv,prevalence,2029,0.04752894557019033
moderate,low,high,True,tv,prevalence,2030,0.041869571127191224
moderate,low,high,True,tv,prevalence,2031,0.0367435466395521
moderate,low,high,True,tv,prevalence,2032,0.03297675400997856
moderate,low,high,True,tv,prevalence,2033,0.028858020480561807
moderate,low,high,True,tv,prevalence,2034,0.02568021091913288
moderate,low,high,True,tv,prevalence,2035,0.02409510702491233
moderate,low,high,True,tv,prevalence,2036,0.02227343226805612
moderate,low,high,True,tv,prevalence,2037,0.020579806006748504
moderate,low,high,True,tv,prevalence,2038,0.01966056989415619
moderate,low,high,True,tv,prevalence,2039,0.018658788303007795
moderate,low,high,True,tv,prevalence,2040,0.019199214457153613
moderate,low,low,True,tv,prevalence,2027,0.06811935839625531
moderate,low,low,True,tv,prevalence,2028,0.05653675022967354
moderate,low,low,True,tv,prevalence,2029,0.04985099533716816
moderate,low,low,True,tv,prevalence,2030,0.04442583145255607
moderate,low,low,True,tv,prevalence,2031,0.03994035988030438
moderate,low,low,True,tv,prevalence,2032,0.036401447409331926
moderate,low,low,True,tv,prevalence,2033,0.03285483255797693
moderate,low,low,True,tv,prevalence,2034,0.03033512816093465
moderate,low,low,True,tv,prevalence,2035,0.028928712512582482
moderate,low,low,True,tv,prevalence,2036,0.026742061750521944
moderate,low,low,True,tv,prevalence,2037,0.025080858630505697
moderate,low,low,True,tv,prevalence,2038,0.023965934230208853
moderate,low,low,True,tv,prevalence,2039,0.023055491453516597
moderate,low,low,True,tv,prevalence,2040,0.023549078869004342
moderate,low,moderate,True,tv,prevalence,2027,0.0675763692589338
moderate,low,moderate,True,tv,prevalence,2028,0.055386569673096665
moderate,low,moderate,True,tv,prevalence,2029,0.04838541330593044
moderate,low,moderate,True,tv,prevalence,2030,0.04302604352368826
moderate,low,moderate,True,tv,prevalence,2031,0.0378773604901167
moderate,low,moderate,True,tv,prevalence,2032,0.03404113995666436
moderate,low,moderate,True,tv,prevalence,2033,0.030123108499561464
moderate,low,moderate,True,tv,prevalence,2034,0.02743612827517296
moderate,low,moderate,True,tv,prevalence,2035,0.026329400037836403
moderate,low,moderate,True,tv,prevalence,2036,0.024209092233965786
moderate,low,moderate,True,tv,prevalence,2037,0.022524340586581156
moderate,low,moderate,True,tv,prevalence,2038,0.0215294775520169
moderate,low,moderate,True,tv,prevalence,2039,0.02060610503598731
moderate,low,moderate,True,tv,prevalence,2040,0.02139861337469795
moderate,low,none,True,tv,prevalence,2027,0.06871999077598434
moderate,low,none,True,tv,prevalence,2028,0.05788711470922692
moderate,low,none,True,tv,prevalence,2029,0.051149681672810664
moderate,low,none,True,tv,prevalence,2030,0.04590565686943201
moderate,low,none,True,tv,prevalence,2031,0.04107887693184799
moderate,low,none,True,tv,prevalence,2032,0.03724244185040751
moderate,low,none,True,tv,prevalence,2033,0.03438144771438964
moderate,low,none,True,tv,prevalence,2034,0.03210059516201612
moderate,low,none,True,tv,prevalence,2035,0.03110948400343579
moderate,low,none,True,tv,prevalence,2036,0.0297678567319204
moderate,low,none,True,tv,prevalence,2037,0.028781704515925804
moderate,low,none,True,tv,prevalence,2038,0.028739498523667174
moderate,low,none,True,tv,prevalence,2039,0.02817561384970485
moderate,low,none,True,tv,prevalence,2040,0.029480178365058445
moderate,moderate,high,True,tv,prevalence,2027,0.06493825061086121
moderate,moderate,high,True,tv,prevalence,2028,0.0483963171836224
moderate,moderate,high,True,tv,prevalence,2029,0.03924187528486593
moderate,moderate,high,True,tv,prevalence,2030,0.032973912587642144
moderate,moderate,high,True,tv,prevalence,2031,0.02661379149518666
moderate,moderate,high,True,tv,prevalence,2032,0.021837694779788662
moderate,moderate,high,True,tv,prevalence,2033,0.01865153454919541
moderate,moderate,high,True,tv,prevalence,2034,0.016009301892416523
moderate,moderate,high,True,tv,prevalence,2035,0.014884001280181728
moderate,moderate,high,True,tv,prevalence,2036,0.01261037971845543
moderate,moderate,high,True,tv,prevalence,2037,0.010682166223936914
moderate,moderate,high,True,tv,prevalence,2038,0.009196178510656034
moderate,moderate,high,True,tv,prevalence,2039,0.008017186886396532
moderate,moderate,high,True,tv,prevalence,2040,0.008197907010746049
moderate,moderate,low,True,tv,prevalence,2027,0.06568879108763734
moderate,moderate,low,True,tv,prevalence,2028,0.04963628521299593
moderate,moderate,low,True,tv,prevalence,2029,0.04027692296751698
moderate,moderate,low,True,tv,prevalence,2030,0.033942794968372526
moderate,moderate,low,True,tv,prevalence,2031,0.028411279863084716
moderate,moderate,low,True,tv,prevalence,2032,0.023993270779645293
moderate,moderate,low,True,tv,prevalence,2033,0.020586441806110516
moderate,moderate,low,True,tv,prevalence,2034,0.01767882355159024
moderate,moderate,low,True,tv,prevalence,2035,0.016373232264819886
moderate,moderate,low,True,tv,prevalence,2036,0.014971738701886233
moderate,moderate,low,True,tv,prevalence,2037,0.013377005104983885
moderate,moderate,low,True,tv,prevalence,2038,0.012207884393264933
moderate,moderate,low,True,tv,prevalence,2039,0.010865472628063958
moderate,moderate,low,True,tv,prevalence,2040,0.010939841645123433
moderate,moderate,moderate,True,tv,prevalence,2027,0.06525516217386032
moderate,moderate,moderate,True,tv,prevalence,2028,0.048992549575096314
moderate,moderate,moderate,True,tv,prevalence,2029,0.039646897126971954
moderate,moderate,moderate,True,tv,prevalence,2030,0.033193267509511126
moderate,moderate,moderate,True,tv,prevalence,2031,0.02748952620405807
moderate,moderate,moderate,True,tv,prevalence,2032,0.02269645175224453
moderate,moderate,moderate,True,tv,prevalence,2033,0.019264542380276584
moderate,moderate,moderate,True,tv,prevalence,2034,0.016376407995394783
moderate,moderate,moderate,True,tv,prevalence,2035,0.015088883426147065
moderate,moderate,moderate,True,tv,prevalence,2036,0.013301382280367976
moderate,moderate,moderate,True,tv,prevalence,2037,0.011737605436598238
moderate,moderate,moderate,True,tv,prevalence,2038,0.010382025513279922
moderate,moderate,moderate,True,tv,prevalence,2039,0.00930464022641098
moderate,moderate,moderate,True,tv,prevalence,2040,0.009354832944924644
moderate,moderate,none,True,tv,prevalence,2027,0.06623723017701244
moderate,moderate,none,True,tv,prevalence,2028,0.050901477637629235
moderate,moderate,none,True,tv,prevalence,2029,0.041466641954375855
moderate,moderate,none,True,tv,prevalence,2030,0.03527908811013951
moderate,moderate,none,True,tv,prevalence,2031,0.029338863041832842
moderate,moderate,none,True,tv,prevalence,2032,0.02455813399884666
moderate,moderate,none,True,tv,prevalence,2033,0.021450569458260554
moderate,moderate,none,True,tv,prevalence,2034,0.018744773137420873
moderate,moderate,none,True,tv,prevalence,2035,0.017124537264172113
moderate,moderate,none,True,tv,prevalence,2036,0.015782591933618195
moderate,moderate,none,True,tv,prevalence,2037,0.014612190961332991
moderate,moderate,none,True,tv,prevalence,2038,0.013129419001573103
moderate,moderate,none,True,tv,prevalence,2039,0.01210798332171537
moderate,moderate,none,True,tv,prevalence,2040,0.012311242458313117
baseline,baseline,high,True,tv,new_inf,2027,1692498.0
baseline,baseline,high,True,tv,new_inf,2028,1483176.0
baseline,baseline,high,True,tv,new_inf,2029,1514844.0
baseline,baseline,high,True,tv,new_inf,2030,1466472.0
baseline,baseline,high,True,tv,new_inf,2031,1365552.0
baseline,baseline,high,True,tv,new_inf,2032,1406964.0
baseline,baseline,high,True,tv,new_inf,2033,1331622.0
baseline,baseline,high,True,tv,new_inf,2034,1387302.0
baseline,baseline,high,True,tv,new_inf,2035,1448724.0
baseline,baseline,high,True,tv,new_inf,2036,1404876.0
baseline,baseline,high,True,tv,new_inf,2037,1481262.0
baseline,baseline,high,True,tv,new_inf,2038,1448028.0
baseline,baseline,high,True,tv,new_inf,2039,1498836.0
baseline,baseline,high,True,tv,new_inf,2040,135024.0
baseline,baseline,low,True,tv,new_inf,2027,1782282.0
baseline,baseline,low,True,tv,new_inf,2028,1622724.0
baseline,baseline,low,True,tv,new_inf,2029,1663440.0
baseline,baseline,low,True,tv,new_inf,2030,1630554.0
baseline,baseline,low,True,tv,new_inf,2031,1558866.0
baseline,baseline,low,True,tv,new_inf,2032,1587924.0
baseline,baseline,low,True,tv,new_inf,2033,1538856.0
baseline,baseline,low,True,tv,new_inf,2034,1599756.0
baseline,baseline,low,True,tv,new_inf,2035,1662918.0
baseline,baseline,low,True,tv,new_inf,2036,1675794.0
baseline,baseline,low,True,tv,new_inf,2037,1728690.0
baseline,baseline,low,True,tv,new_inf,2038,1733562.0
baseline,baseline,low,True,tv,new_inf,2039,1755486.0
baseline,baseline,low,True,tv,new_inf,2040,153120.0
baseline,baseline,moderate,True,tv,new_inf,2027,1727298.0
baseline,baseline,moderate,True,tv,new_inf,2028,1547208.0
baseline,baseline,moderate,True,tv,new_inf,2029,1578180.0
baseline,baseline,moderate,True,tv,new_inf,2030,1533288.0
baseline,baseline,moderate,True,tv,new_inf,2031,1464036.0
baseline,baseline,moderate,True,tv,new_inf,2032,1513278.0
baseline,baseline,moderate,True,tv,new_inf,2033,1438980.0
baseline,baseline,moderate,True,tv,new_inf,2034,1483872.0
baseline,baseline,moderate,True,tv,new_inf,2035,1551906.0
baseline,baseline,moderate,True,tv,new_inf,2036,1523196.0
baseline,baseline,moderate,True,tv,new_inf,2037,1598886.0
baseline,baseline,moderate,True,tv,new_inf,2038,1605498.0
baseline,baseline,moderate,True,tv,new_inf,2039,1658046.0
baseline,baseline,moderate,True,tv,new_inf,2040,149466.0
baseline,baseline,none,False,tv,new_inf,2027,1799856.0
baseline,baseline,none,False,tv,new_inf,2028,1750092.0
baseline,baseline,none,False,tv,new_inf,2029,1870500.0
baseline,baseline,none,False,tv,new_inf,2030,1900254.0
baseline,baseline,none,False,tv,new_inf,2031,1878504.0
baseline,baseline,none,False,tv,new_inf,2032,1986210.0
baseline,baseline,none,False,tv,new_inf,2033,2003436.0
baseline,baseline,none,False,tv,new_inf,2034,2079648.0
baseline,baseline,none,False,tv,new_inf,2035,2175348.0
baseline,baseline,none,False,tv,new_inf,2036,2230158.0
baseline,baseline,none,False,tv,new_inf,2037,2319942.0
baseline,baseline,none,False,tv,new_inf,2038,2329860.0
baseline,baseline,none,False,tv,new_inf,2039,2392152.0
baseline,baseline,none,False,tv,new_inf,2040,212280.0
baseline,baseline,none,True,tv,new_inf,2027,1846314.0
baseline,baseline,none,True,tv,new_inf,2028,1714074.0
baseline,baseline,none,True,tv,new_inf,2029,1746612.0
baseline,baseline,none,True,tv,new_inf,2030,1727646.0
baseline,baseline,none,True,tv,new_inf,2031,1671792.0
baseline,baseline,none,True,tv,new_inf,2032,1694934.0
baseline,baseline,none,True,tv,new_inf,2033,1658742.0
baseline,baseline,none,True,tv,new_inf,2034,1700154.0
baseline,baseline,none,True,tv,new_inf,2035,1760706.0
baseline,baseline,none,True,tv,new_inf,2036,1802292.0
baseline,baseline,none,True,tv,new_inf,2037,1903560.0
baseline,baseline,none,True,tv,new_inf,2038,1853448.0
baseline,baseline,none,True,tv,new_inf,2039,1939230.0
baseline,baseline,none,True,tv,new_inf,2040,162864.0
baseline,high,high,True,tv,new_inf,2027,1588272.0
baseline,high,high,True,tv,new_inf,2028,1169802.0
baseline,high,high,True,tv,new_inf,2029,1022598.0
baseline,high,high,True,tv,new_inf,2030,874524.0
baseline,high,high,True,tv,new_inf,2031,676164.0
baseline,high,high,True,tv,new_inf,2032,642060.0
baseline,high,high,True,tv,new_inf,2033,552624.0
baseline,high,high,True,tv,new_inf,2034,485982.0
baseline,high,high,True,tv,new_inf,2035,441960.0
baseline,high,high,True,tv,new_inf,2036,418470.0
baseline,high,high,True,tv,new_inf,2037,412380.0
baseline,high,high,True,tv,new_inf,2038,393066.0
baseline,high,high,True,tv,new_inf,2039,385062.0
baseline,high,high,True,tv,new_inf,2040,32712.0
baseline,high,low,True,tv,new_inf,2027,1688670.0
baseline,high,low,True,tv,new_inf,2028,1276986.0
baseline,high,low,True,tv,new_inf,2029,1093068.0
baseline,high,low,True,tv,new_inf,2030,924114.0
baseline,high,low,True,tv,new_inf,2031,725928.0
baseline,high,low,True,tv,new_inf,2032,683124.0
baseline,high,low,True,tv,new_inf,2033,627096.0
baseline,high,low,True,tv,new_inf,2034,555060.0
baseline,high,low,True,tv,new_inf,2035,531570.0
baseline,high,low,True,tv,new_inf,2036,506340.0
baseline,high,low,True,tv,new_inf,2037,496596.0
baseline,high,low,True,tv,new_inf,2038,502686.0
baseline,high,low,True,tv,new_inf,2039,462144.0
baseline,high,low,True,tv,new_inf,2040,44892.0
baseline,high,moderate,True,tv,new_inf,2027,1630728.0
baseline,high,moderate,True,tv,new_inf,2028,1222350.0
baseline,high,moderate,True,tv,new_inf,2029,1044348.0
baseline,high,moderate,True,tv,new_inf,2030,880266.0
baseline,high,moderate,True,tv,new_inf,2031,698436.0
baseline,high,moderate,True,tv,new_inf,2032,638058.0
baseline,high,moderate,True,tv,new_inf,2033,573156.0
baseline,high,moderate,True,tv,new_inf,2034,531570.0
baseline,high,moderate,True,tv,new_inf,2035,505818.0
baseline,high,moderate,True,tv,new_inf,2036,478326.0
baseline,high,moderate,True,tv,new_inf,2037,490332.0
baseline,high,moderate,True,tv,new_inf,2038,500076.0
baseline,high,moderate,True,tv,new_inf,2039,486678.0
baseline,high,moderate,True,tv,new_inf,2040,44022.0
baseline,high,none,True,tv,new_inf,2027,1777584.0
baseline,high,none,True,tv,new_inf,2028,1372860.0
baseline,high,none,True,tv,new_inf,2029,1176936.0
baseline,high,none,True,tv,new_inf,2030,1013898.0
baseline,high,none,True,tv,new_inf,2031,816060.0
baseline,high,none,True,tv,new_inf,2032,766992.0
baseline,high,none,True,tv,new_inf,2033,705396.0
baseline,high,none,True,tv,new_inf,2034,658764.0
baseline,high,none,True,tv,new_inf,2035,622050.0
baseline,high,none,True,tv,new_inf,2036,572460.0
baseline,high,none,True,tv,new_inf,2037,604476.0
baseline,high,none,True,tv,new_inf,2038,590208.0
baseline,high,none,True,tv,new_inf,2039,510864.0
baseline,high,none,True,tv,new_inf,2040,47850.0
baseline,low,high,True,tv,new_inf,2027,1678056.0
baseline,low,high,True,tv,new_inf,2028,1419492.0
baseline,low,high,True,tv,new_inf,2029,1414098.0
baseline,low,high,True,tv,new_inf,2030,1334928.0
baseline,low,high,True,tv,new_inf,2031,1239576.0
baseline,low,high,True,tv,new_inf,2032,1237836.0
baseline,low,high,True,tv,new_inf,2033,1147530.0
baseline,low,high,True,tv,new_inf,2034,1170150.0
baseline,low,high,True,tv,new_inf,2035,1190334.0
baseline,low,high,True,tv,new_inf,2036,1197120.0
baseline,low,high,True,tv,new_inf,2037,1179720.0
baseline,low,high,True,tv,new_inf,2038,1130826.0
baseline,low,high,True,tv,new_inf,2039,1172064.0
baseline,low,high,True,tv,new_inf,2040,107880.0
baseline,low,low,True,tv,new_inf,2027,1764708.0
baseline,low,low,True,tv,new_inf,2028,1566348.0
baseline,low,low,True,tv,new_inf,2029,1562346.0
baseline,low,low,True,tv,new_inf,2030,1493268.0
baseline,low,low,True,tv,new_inf,2031,1370250.0
baseline,low,low,True,tv,new_inf,2032,1366248.0
baseline,low,low,True,tv,new_inf,2033,1278030.0
baseline,low,low,True,tv,new_inf,2034,1308654.0
baseline,low,low,True,tv,new_inf,2035,1347456.0
baseline,low,low,True,tv,new_inf,2036,1377384.0
baseline,low,low,True,tv,new_inf,2037,1436544.0
baseline,low,low,True,tv,new_inf,2038,1370772.0
baseline,low,low,True,tv,new_inf,2039,1413924.0
baseline,low,low,True,tv,new_inf,2040,119886.0
baseline,low,moderate,True,tv,new_inf,2027,1714422.0
baseline,low,moderate,True,tv,new_inf,2028,1485264.0
baseline,low,moderate,True,tv,new_inf,2029,1483350.0
baseline,low,moderate,True,tv,new_inf,2030,1397220.0
baseline,low,moderate,True,tv,new_inf,2031,1313352.0
baseline,low,moderate,True,tv,new_inf,2032,1306740.0
baseline,low,moderate,True,tv,new_inf,2033,1219044.0
baseline,low,moderate,True,tv,new_inf,2034,1249842.0
baseline,low,moderate,True,tv,new_inf,2035,1284468.0
baseline,low,moderate,True,tv,new_inf,2036,1252974.0
baseline,low,moderate,True,tv,new_inf,2037,1280292.0
baseline,low,moderate,True,tv,new_inf,2038,1236966.0
baseline,low,moderate,True,tv,new_inf,2039,1222872.0
baseline,low,moderate,True,tv,new_inf,2040,113970.0
baseline,low,none,True,tv,new_inf,2027,1832046.0
baseline,low,none,True,tv,new_inf,2028,1653870.0
baseline,low,none,True,tv,new_inf,2029,1631946.0
baseline,low,none,True,tv,new_inf,2030,1577484.0
baseline,low,none,True,tv,new_inf,2031,1506666.0
baseline,low,none,True,tv,new_inf,2032,1473954.0
baseline,low,none,True,tv,new_inf,2033,1425234.0
baseline,low,none,True,tv,new_inf,2034,1458294.0
baseline,low,none,True,tv,new_inf,2035,1489962.0
baseline,low,none,True,tv,new_inf,2036,1512060.0
baseline,low,none,True,tv,new_inf,2037,1608282.0
baseline,low,none,True,tv,new_inf,2038,1523544.0
baseline,low,none,True,tv,new_inf,2039,1608108.0
baseline,low,none,True,tv,new_inf,2040,134676.0
baseline,moderate,high,True,tv,new_inf,2027,1642038.0
baseline,moderate,high,True,tv,new_inf,2028,1315788.0
baseline,moderate,high,True,tv,new_inf,2029,1226004.0
baseline,moderate,high,True,tv,new_inf,2030,1085412.0
baseline,moderate,high,True,tv,new_inf,2031,930552.0
baseline,moderate,high,True,tv,new_inf,2032,900972.0
baseline,moderate,high,True,tv,new_inf,2033,848772.0
baseline,moderate,high,True,tv,new_inf,2034,801444.0
baseline,moderate,high,True,tv,new_inf,2035,829284.0
baseline,moderate,high,True,tv,new_inf,2036,788568.0
baseline,moderate,high,True,tv,new_inf,2037,782652.0
baseline,moderate,high,True,tv,new_inf,2038,737934.0
baseline,moderate,high,True,tv,new_inf,2039,720708.0
baseline,moderate,high,True,tv,new_inf,2040,61248.0
baseline,moderate,low,True,tv,new_inf,2027,1731648.0
baseline,moderate,low,True,tv,new_inf,2028,1445592.0
baseline,moderate,low,True,tv,new_inf,2029,1329708.0
baseline,moderate,low,True,tv,new_inf,2030,1182678.0
baseline,moderate,low,True,tv,new_inf,2031,1042260.0
baseline,moderate,low,True,tv,new_inf,2032,1016682.0
baseline,moderate,low,True,tv,new_inf,2033,948300.0
baseline,moderate,low,True,tv,new_inf,2034,898014.0
baseline,moderate,low,True,tv,new_inf,2035,964482.0
baseline,moderate,low,True,tv,new_inf,2036,948822.0
baseline,moderate,low,True,tv,new_inf,2037,964134.0
baseline,moderate,low,True,tv,new_inf,2038,901320.0
baseline,moderate,low,True,tv,new_inf,2039,933858.0
baseline,moderate,low,True,tv,new_inf,2040,77952.0
baseline,moderate,moderate,True,tv,new_inf,2027,1681884.0
baseline,moderate,moderate,True,tv,new_inf,2028,1379820.0
baseline,moderate,moderate,True,tv,new_inf,2029,1264110.0
baseline,moderate,moderate,True,tv,new_inf,2030,1118298.0
baseline,moderate,moderate,True,tv,new_inf,2031,999804.0
baseline,moderate,moderate,True,tv,new_inf,2032,943080.0
baseline,moderate,moderate,True,tv,new_inf,2033,863040.0
baseline,moderate,moderate,True,tv,new_inf,2034,797790.0
baseline,moderate,moderate,True,tv,new_inf,2035,845814.0
baseline,moderate,moderate,True,tv,new_inf,2036,833634.0
baseline,moderate,moderate,True,tv,new_inf,2037,821454.0
baseline,moderate,moderate,True,tv,new_inf,2038,775692.0
baseline,moderate,moderate,True,tv,new_inf,2039,783174.0
baseline,moderate,moderate,True,tv,new_inf,2040,70296.0
baseline,moderate,none,True,tv,new_inf,2027,1808208.0
baseline,moderate,none,True,tv,new_inf,2028,1552950.0
baseline,moderate,none,True,tv,new_inf,2029,1410096.0
baseline,moderate,none,True,tv,new_inf,2030,1267242.0
baseline,moderate,none,True,tv,new_inf,2031,1128912.0
baseline,moderate,none,True,tv,new_inf,2032,1078974.0
baseline,moderate,none,True,tv,new_inf,2033,1026252.0
baseline,moderate,none,True,tv,new_inf,2034,999978.0
baseline,moderate,none,True,tv,new_inf,2035,1030428.0
baseline,moderate,none,True,tv,new_inf,2036,1013724.0
baseline,moderate,none,True,tv,new_inf,2037,1031994.0
baseline,moderate,none,True,tv,new_inf,2038,1011114.0
baseline,moderate,none,True,tv,new_inf,2039,1038606.0
baseline,moderate,none,True,tv,new_inf,2040,91698.0
high,baseline,high,True,tv,new_inf,2027,1660830.0
high,baseline,high,True,tv,new_inf,2028,1380864.0
high,baseline,high,True,tv,new_inf,2029,1311264.0
high,baseline,high,True,tv,new_inf,2030,1194684.0
high,baseline,high,True,tv,new_inf,2031,1070796.0
high,baseline,high,True,tv,new_inf,2032,1041564.0
high,baseline,high,True,tv,new_inf,2033,964830.0
high,baseline,high,True,tv,new_inf,2034,889662.0
high,baseline,high,True,tv,new_inf,2035,927072.0
high,baseline,high,True,tv,new_inf,2036,885138.0
high,baseline,high,True,tv,new_inf,2037,862866.0
high,baseline,high,True,tv,new_inf,2038,837810.0
high,baseline,high,True,tv,new_inf,2039,828762.0
high,baseline,high,True,tv,new_inf,2040,82302.0
high,baseline,low,True,tv,new_inf,2027,1771146.0
high,baseline,low,True,tv,new_inf,2028,1535202.0
high,baseline,low,True,tv,new_inf,2029,1456554.0
high,baseline,low,True,tv,new_inf,2030,1344672.0
high,baseline,low,True,tv,new_inf,2031,1256280.0
high,baseline,low,True,tv,new_inf,2032,1237140.0
high,baseline,low,True,tv,new_inf,2033,1193292.0
high,baseline,low,True,tv,new_inf,2034,1140048.0
high,baseline,low,True,tv,new_inf,2035,1154664.0
high,baseline,low,True,tv,new_inf,2036,1104900.0
high,baseline,low,True,tv,new_inf,2037,1108728.0
high,baseline,low,True,tv,new_inf,2038,1071666.0
high,baseline,low,True,tv,new_inf,2039,1117950.0
high,baseline,low,True,tv,new_inf,2040,98832.0
high,baseline,moderate,True,tv,new_inf,2027,1702764.0
high,baseline,moderate,True,tv,new_inf,2028,1447158.0
high,baseline,moderate,True,tv,new_inf,2029,1378080.0
high,baseline,moderate,True,tv,new_inf,2030,1264458.0
high,baseline,moderate,True,tv,new_inf,2031,1165626.0
high,baseline,moderate,True,tv,new_inf,2032,1128042.0
high,baseline,moderate,True,tv,new_inf,2033,1051482.0
high,baseline,moderate,True,tv,new_inf,2034,977880.0
high,baseline,moderate,True,tv,new_inf,2035,1003284.0
high,baseline,moderate,True,tv,new_inf,2036,944298.0
high,baseline,moderate,True,tv,new_inf,2037,946908.0
high,baseline,moderate,True,tv,new_inf,2038,884268.0
high,baseline,moderate,True,tv,new_inf,2039,929334.0
high,baseline,moderate,True,tv,new_inf,2040,84564.0
high,baseline,none,True,tv,new_inf,2027,1847706.0
high,baseline,none,True,tv,new_inf,2028,1653174.0
high,baseline,none,True,tv,new_inf,2029,1588098.0
high,baseline,none,True,tv,new_inf,2030,1460556.0
high,baseline,none,True,tv,new_inf,2031,1371468.0
high,baseline,none,True,tv,new_inf,2032,1337712.0
high,baseline,none,True,tv,new_inf,2033,1304652.0
high,baseline,none,True,tv,new_inf,2034,1296474.0
high,baseline,none,True,tv,new_inf,2035,1282032.0
high,baseline,none,True,tv,new_inf,2036,1286208.0
high,baseline,none,True,tv,new_inf,2037,1290906.0
high,baseline,none,True,tv,new_inf,2038,1272636.0
high,baseline,none,True,tv,new_inf,2039,1335972.0
high,baseline,none,True,tv,new_inf,2040,118842.0
high,high,high,True,tv,new_inf,2027,1530852.0
high,high,high,True,tv,new_inf,2028,977706.0
high,high,high,True,tv,new_inf,2029,744024.0
high,high,high,True,tv,new_inf,2030,575070.0
high,high,high,True,tv,new_inf,2031,414120.0
high,high,high,True,tv,new_inf,2032,350784.0
high,high,high,True,tv,new_inf,2033,263610.0
high,high,high,True,tv,new_inf,2034,178176.0
high,high,high,True,tv,new_inf,2035,162168.0
high,high,high,True,tv,new_inf,2036,101094.0
high,high,high,True,tv,new_inf,2037,73950.0
high,high,high,True,tv,new_inf,2038,67512.0
high,high,high,True,tv,new_inf,2039,51330.0
high,high,high,True,tv,new_inf,2040,5568.0
high,high,low,True,tv,new_inf,2027,1648650.0
high,high,low,True,tv,new_inf,2028,1102116.0
high,high,low,True,tv,new_inf,2029,827022.0
high,high,low,True,tv,new_inf,2030,657546.0
high,high,low,True,tv,new_inf,2031,481632.0
high,high,low,True,tv,new_inf,2032,399678.0
high,high,low,True,tv,new_inf,2033,331122.0
high,high,low,True,tv,new_inf,2034,263262.0
high,high,low,True,tv,new_inf,2035,196794.0
high,high,low,True,tv,new_inf,2036,158340.0
high,high,low,True,tv,new_inf,2037,119712.0
high,high,low,True,tv,new_inf,2038,112230.0
high,high,low,True,tv,new_inf,2039,103878.0
high,high,low,True,tv,new_inf,2040,7482.0
high,high,moderate,True,tv,new_inf,2027,1579398.0
high,high,moderate,True,tv,new_inf,2028,1025382.0
high,high,moderate,True,tv,new_inf,2029,755334.0
high,high,moderate,True,tv,new_inf,2030,585510.0
high,high,moderate,True,tv,new_inf,2031,447702.0
high,high,moderate,True,tv,new_inf,2032,352176.0
high,high,moderate,True,tv,new_inf,2033,269874.0
high,high,moderate,True,tv,new_inf,2034,188616.0
high,high,moderate,True,tv,new_inf,2035,165474.0
high,high,moderate,True,tv,new_inf,2036,125454.0
high,high,moderate,True,tv,new_inf,2037,109446.0
high,high,moderate,True,tv,new_inf,2038,72906.0
high,high,moderate,True,tv,new_inf,2039,47154.0
high,high,moderate,True,tv,new_inf,2040,4872.0
high,high,none,True,tv,new_inf,2027,1737390.0
high,high,none,True,tv,new_inf,2028,1215738.0
high,high,none,True,tv,new_inf,2029,911064.0
high,high,none,True,tv,new_inf,2030,721752.0
high,high,none,True,tv,new_inf,2031,515562.0
high,high,none,True,tv,new_inf,2032,440046.0
high,high,none,True,tv,new_inf,2033,353916.0
high,high,none,True,tv,new_inf,2034,267438.0
high,high,none,True,tv,new_inf,2035,220632.0
high,high,none,True,tv,new_inf,2036,200796.0
high,high,none,True,tv,new_inf,2037,176436.0
high,high,none,True,tv,new_inf,2038,144768.0
high,high,none,True,tv,new_inf,2039,133458.0
high,high,none,True,tv,new_inf,2040,9744.0
high,low,high,True,tv,new_inf,2027,1649172.0
high,low,high,True,tv,new_inf,2028,1293690.0
high,low,high,True,tv,new_inf,2029,1185810.0
high,low,high,True,tv,new_inf,2030,1045044.0
high,low,high,True,tv,new_inf,2031,922374.0
high,low,high,True,tv,new_inf,2032,867216.0
high,low,high,True,tv,new_inf,2033,731844.0
high,low,high,True,tv,new_inf,2034,661200.0
high,low,high,True,tv,new_inf,2035,645888.0
high,low,high,True,tv,new_inf,2036,561150.0
high,low,high,True,tv,new_inf,2037,537834.0
high,low,high,True,tv,new_inf,2038,526002.0
high,low,high,True,tv,new_inf,2039,505470.0
high,low,high,True,tv,new_inf,2040,47676.0
high,low,low,True,tv,new_inf,2027,1754616.0
high,low,low,True,tv,new_inf,2028,1449942.0
high,low,low,True,tv,new_inf,2029,1313700.0
high,low,low,True,tv,new_inf,2030,1162146.0
high,low,low,True,tv,new_inf,2031,1020510.0
high,low,low,True,tv,new_inf,2032,997890.0
high,low,low,True,tv,new_inf,2033,901494.0
high,low,low,True,tv,new_inf,2034,811188.0
high,low,low,True,tv,new_inf,2035,787872.0
high,low,low,True,tv,new_inf,2036,721578.0
high,low,low,True,tv,new_inf,2037,717576.0
high,low,low,True,tv,new_inf,2038,709398.0
high,low,low,True,tv,new_inf,2039,714618.0
high,low,low,True,tv,new_inf,2040,65946.0
high,low,moderate,True,tv,new_inf,2027,1693194.0
high,low,moderate,True,tv,new_inf,2028,1358766.0
high,low,moderate,True,tv,new_inf,2029,1253148.0
high,low,moderate,True,tv,new_inf,2030,1107162.0
high,low,moderate,True,tv,new_inf,2031,966918.0
high,low,moderate,True,tv,new_inf,2032,902190.0
high,low,moderate,True,tv,new_inf,2033,807882.0
high,low,moderate,True,tv,new_inf,2034,732888.0
high,low,moderate,True,tv,new_inf,2035,733410.0
high,low,moderate,True,tv,new_inf,2036,649194.0
high,low,moderate,True,tv,new_inf,2037,652848.0
high,low,moderate,True,tv,new_inf,2038,646584.0
high,low,moderate,True,tv,new_inf,2039,610914.0
high,low,moderate,True,tv,new_inf,2040,55332.0
high,low,none,True,tv,new_inf,2027,1834830.0
high,low,none,True,tv,new_inf,2028,1575222.0
high,low,none,True,tv,new_inf,2029,1441068.0
high,low,none,True,tv,new_inf,2030,1280466.0
high,low,none,True,tv,new_inf,2031,1168410.0
high,low,none,True,tv,new_inf,2032,1112382.0
high,low,none,True,tv,new_inf,2033,1027122.0
high,low,none,True,tv,new_inf,2034,970398.0
high,low,none,True,tv,new_inf,2035,975096.0
high,low,none,True,tv,new_inf,2036,942036.0
high,low,none,True,tv,new_inf,2037,905844.0
high,low,none,True,tv,new_inf,2038,935598.0
high,low,none,True,tv,new_inf,2039,940644.0
high,low,none,True,tv,new_inf,2040,82476.0
high,moderate,high,True,tv,new_inf,2027,1598364.0
high,moderate,high,True,tv,new_inf,2028,1160928.0
high,moderate,high,True,tv,new_inf,2029,959784.0
high,moderate,high,True,tv,new_inf,2030,820584.0
high,moderate,high,True,tv,new_inf,2031,641016.0
high,moderate,high,True,tv,new_inf,2032,555930.0
high,moderate,high,True,tv,new_inf,2033,488244.0
high,moderate,high,True,tv,new_inf,2034,413598.0
high,moderate,high,True,tv,new_inf,2035,386454.0
high,moderate,high,True,tv,new_inf,2036,318768.0
high,moderate,high,True,tv,new_inf,2037,283446.0
high,moderate,high,True,tv,new_inf,2038,242382.0
high,moderate,high,True,tv,new_inf,2039,189138.0
high,moderate,high,True,tv,new_inf,2040,15834.0
high,moderate,low,True,tv,new_inf,2027,1705548.0
high,moderate,low,True,tv,new_inf,2028,1302738.0
high,moderate,low,True,tv,new_inf,2029,1059834.0
high,moderate,low,True,tv,new_inf,2030,918720.0
high,moderate,low,True,tv,new_inf,2031,747156.0
high,moderate,low,True,tv,new_inf,2032,638754.0
high,moderate,low,True,tv,new_inf,2033,574026.0
high,moderate,low,True,tv,new_inf,2034,472758.0
high,moderate,low,True,tv,new_inf,2035,425952.0
high,moderate,low,True,tv,new_inf,2036,392718.0
high,moderate,low,True,tv,new_inf,2037,381930.0
high,moderate,low,True,tv,new_inf,2038,354612.0
high,moderate,low,True,tv,new_inf,2039,311982.0
high,moderate,low,True,tv,new_inf,2040,25578.0
high,moderate,moderate,True,tv,new_inf,2027,1644300.0
high,moderate,moderate,True,tv,new_inf,2028,1224090.0
high,moderate,moderate,True,tv,new_inf,2029,1006416.0
high,moderate,moderate,True,tv,new_inf,2030,856776.0
high,moderate,moderate,True,tv,new_inf,2031,712008.0
high,moderate,moderate,True,tv,new_inf,2032,594558.0
high,moderate,moderate,True,tv,new_inf,2033,531222.0
high,moderate,moderate,True,tv,new_inf,2034,442134.0
high,moderate,moderate,True,tv,new_inf,2035,403332.0
high,moderate,moderate,True,tv,new_inf,2036,358788.0
high,moderate,moderate,True,tv,new_inf,2037,311634.0
high,moderate,moderate,True,tv,new_inf,2038,296322.0
high,moderate,moderate,True,tv,new_inf,2039,234378.0
high,moderate,moderate,True,tv,new_inf,2040,18444.0
high,moderate,none,True,tv,new_inf,2027,1790460.0
high,moderate,none,True,tv,new_inf,2028,1414098.0
high,moderate,none,True,tv,new_inf,2029,1164756.0
high,moderate,none,True,tv,new_inf,2030,981360.0
high,moderate,none,True,tv,new_inf,2031,804054.0
high,moderate,none,True,tv,new_inf,2032,710442.0
high,moderate,none,True,tv,new_inf,2033,655806.0
high,moderate,none,True,tv,new_inf,2034,596646.0
high,moderate,none,True,tv,new_inf,2035,536268.0
high,moderate,none,True,tv,new_inf,2036,491898.0
high,moderate,none,True,tv,new_inf,2037,484416.0
high,moderate,none,True,tv,new_inf,2038,463188.0
high,moderate,none,True,tv,new_inf,2039,410292.0
high,moderate,none,True,tv,new_inf,2040,35496.0
low,baseline,high,True,tv,new_inf,2027,1678926.0
low,baseline,high,True,tv,new_inf,2028,1426626.0
low,baseline,high,True,tv,new_inf,2029,1424364.0
low,baseline,high,True,tv,new_inf,2030,1365900.0
low,baseline,high,True,tv,new_inf,2031,1264980.0
low,baseline,high,True,tv,new_inf,2032,1243404.0
low,baseline,high,True,tv,new_inf,2033,1187724.0
low,baseline,high,True,tv,new_inf,2034,1145616.0
low,baseline,high,True,tv,new_inf,2035,1221306.0
low,baseline,high,True,tv,new_inf,2036,1198860.0
low,baseline,high,True,tv,new_inf,2037,1208604.0
low,baseline,high,True,tv,new_inf,2038,1194162.0
low,baseline,high,True,tv,new_inf,2039,1215738.0
low,baseline,high,True,tv,new_inf,2040,118320.0
low,baseline,low,True,tv,new_inf,2027,1780542.0
low,baseline,low,True,tv,new_inf,2028,1580616.0
low,baseline,low,True,tv,new_inf,2029,1571916.0
low,baseline,low,True,tv,new_inf,2030,1528068.0
low,baseline,low,True,tv,new_inf,2031,1463340.0
low,baseline,low,True,tv,new_inf,2032,1438284.0
low,baseline,low,True,tv,new_inf,2033,1407834.0
low,baseline,low,True,tv,new_inf,2034,1411488.0
low,baseline,low,True,tv,new_inf,2035,1453596.0
low,baseline,low,True,tv,new_inf,2036,1474998.0
low,baseline,low,True,tv,new_inf,2037,1507014.0
low,baseline,low,True,tv,new_inf,2038,1473954.0
low,baseline,low,True,tv,new_inf,2039,1493268.0
low,baseline,low,True,tv,new_inf,2040,129456.0
low,baseline,moderate,True,tv,new_inf,2027,1718772.0
low,baseline,moderate,True,tv,new_inf,2028,1490658.0
low,baseline,moderate,True,tv,new_inf,2029,1487526.0
low,baseline,moderate,True,tv,new_inf,2030,1420884.0
low,baseline,moderate,True,tv,new_inf,2031,1370250.0
low,baseline,moderate,True,tv,new_inf,2032,1335624.0
low,baseline,moderate,True,tv,new_inf,2033,1285860.0
low,baseline,moderate,True,tv,new_inf,2034,1267068.0
low,baseline,moderate,True,tv,new_inf,2035,1309872.0
low,baseline,moderate,True,tv,new_inf,2036,1298214.0
low,baseline,moderate,True,tv,new_inf,2037,1322922.0
low,baseline,moderate,True,tv,new_inf,2038,1313874.0
low,baseline,moderate,True,tv,new_inf,2039,1356678.0
low,baseline,moderate,True,tv,new_inf,2040,123714.0
low,baseline,none,True,tv,new_inf,2027,1855362.0
low,baseline,none,True,tv,new_inf,2028,1687452.0
low,baseline,none,True,tv,new_inf,2029,1686756.0
low,baseline,none,True,tv,new_inf,2030,1636122.0
low,baseline,none,True,tv,new_inf,2031,1555038.0
low,baseline,none,True,tv,new_inf,2032,1532766.0
low,baseline,none,True,tv,new_inf,2033,1517454.0
low,baseline,none,True,tv,new_inf,2034,1504752.0
low,baseline,none,True,tv,new_inf,2035,1573308.0
low,baseline,none,True,tv,new_inf,2036,1615764.0
low,baseline,none,True,tv,new_inf,2037,1695108.0
low,baseline,none,True,tv,new_inf,2038,1711638.0
low,baseline,none,True,tv,new_inf,2039,1738782.0
low,baseline,none,True,tv,new_inf,2040,150510.0
low,high,high,True,tv,new_inf,2027,1566174.0
low,high,high,True,tv,new_inf,2028,1064010.0
low,high,high,True,tv,new_inf,2029,892446.0
low,high,high,True,tv,new_inf,2030,733236.0
low,high,high,True,tv,new_inf,2031,534876.0
low,high,high,True,tv,new_inf,2032,471366.0
low,high,high,True,tv,new_inf,2033,392370.0
low,high,high,True,tv,new_inf,2034,327642.0
low,high,high,True,tv,new_inf,2035,289014.0
low,high,high,True,tv,new_inf,2036,229332.0
low,high,high,True,tv,new_inf,2037,228288.0
low,high,high,True,tv,new_inf,2038,199926.0
low,high,high,True,tv,new_inf,2039,190356.0
low,high,high,True,tv,new_inf,2040,16182.0
low,high,low,True,tv,new_inf,2027,1675272.0
low,high,low,True,tv,new_inf,2028,1180068.0
low,high,low,True,tv,new_inf,2029,961002.0
low,high,low,True,tv,new_inf,2030,796224.0
low,high,low,True,tv,new_inf,2031,599256.0
low,high,low,True,tv,new_inf,2032,522696.0
low,high,low,True,tv,new_inf,2033,456924.0
low,high,low,True,tv,new_inf,2034,389238.0
low,high,low,True,tv,new_inf,2035,354960.0
low,high,low,True,tv,new_inf,2036,320508.0
low,high,low,True,tv,new_inf,2037,335124.0
low,high,low,True,tv,new_inf,2038,297714.0
low,high,low,True,tv,new_inf,2039,251430.0
low,high,low,True,tv,new_inf,2040,25056.0
low,high,moderate,True,tv,new_inf,2027,1612458.0
low,high,moderate,True,tv,new_inf,2028,1114818.0
low,high,moderate,True,tv,new_inf,2029,901668.0
low,high,moderate,True,tv,new_inf,2030,742110.0
low,high,moderate,True,tv,new_inf,2031,554538.0
low,high,moderate,True,tv,new_inf,2032,465450.0
low,high,moderate,True,tv,new_inf,2033,399330.0
low,high,moderate,True,tv,new_inf,2034,332862.0
low,high,moderate,True,tv,new_inf,2035,293538.0
low,high,moderate,True,tv,new_inf,2036,268308.0
low,high,moderate,True,tv,new_inf,2037,259434.0
low,high,moderate,True,tv,new_inf,2038,215934.0
low,high,moderate,True,tv,new_inf,2039,181656.0
low,high,moderate,True,tv,new_inf,2040,17748.0
low,high,none,True,tv,new_inf,2027,1766448.0
low,high,none,True,tv,new_inf,2028,1287774.0
low,high,none,True,tv,new_inf,2029,1045044.0
low,high,none,True,tv,new_inf,2030,866172.0
low,high,none,True,tv,new_inf,2031,652848.0
low,high,none,True,tv,new_inf,2032,572460.0
low,high,none,True,tv,new_inf,2033,521826.0
low,high,none,True,tv,new_inf,2034,424212.0
low,high,none,True,tv,new_inf,2035,378102.0
low,high,none,True,tv,new_inf,2036,350436.0
low,high,none,True,tv,new_inf,2037,320508.0
low,high,none,True,tv,new_inf,2038,284664.0
low,high,none,True,tv,new_inf,2039,252300.0
low,high,none,True,tv,new_inf,2040,23838.0
low,low,high,True,tv,new_inf,2027,1667094.0
low,low,high,True,tv,new_inf,2028,1348152.0
low,low,high,True,tv,new_inf,2029,1321704.0
low,low,high,True,tv,new_inf,2030,1223916.0
low,low,high,True,tv,new_inf,2031,1084020.0
low,low,high,True,tv,new_inf,2032,1042434.0
low,low,high,True,tv,new_inf,2033,962220.0
low,low,high,True,tv,new_inf,2034,922200.0
low,low,high,True,tv,new_inf,2035,924984.0
low,low,high,True,tv,new_inf,2036,879048.0
low,low,high,True,tv,new_inf,2037,841464.0
low,low,high,True,tv,new_inf,2038,877308.0
low,low,high,True,tv,new_inf,2039,863736.0
low,low,high,True,tv,new_inf,2040,78648.0
low,low,low,True,tv,new_inf,2027,1765752.0
low,low,low,True,tv,new_inf,2028,1505274.0
low,low,low,True,tv,new_inf,2029,1460382.0
low,low,low,True,tv,new_inf,2030,1364682.0
low,low,low,True,tv,new_inf,2031,1239228.0
low,low,low,True,tv,new_inf,2032,1197294.0
low,low,low,True,tv,new_inf,2033,1133436.0
low,low,low,True,tv,new_inf,2034,1101594.0
low,low,low,True,tv,new_inf,2035,1118820.0
low,low,low,True,tv,new_inf,2036,1104552.0
low,low,low,True,tv,new_inf,2037,1160058.0
low,low,low,True,tv,new_inf,2038,1097244.0
low,low,low,True,tv,new_inf,2039,1082454.0
low,low,low,True,tv,new_inf,2040,95352.0
low,low,moderate,True,tv,new_inf,2027,1710246.0
low,low,moderate,True,tv,new_inf,2028,1419144.0
low,low,moderate,True,tv,new_inf,2029,1370598.0
low,low,moderate,True,tv,new_inf,2030,1277856.0
low,low,moderate,True,tv,new_inf,2031,1160928.0
low,low,moderate,True,tv,new_inf,2032,1109772.0
low,low,moderate,True,tv,new_inf,2033,1027992.0
low,low,moderate,True,tv,new_inf,2034,997890.0
low,low,moderate,True,tv,new_inf,2035,995106.0
low,low,moderate,True,tv,new_inf,2036,942906.0
low,low,moderate,True,tv,new_inf,2037,981012.0
low,low,moderate,True,tv,new_inf,2038,946038.0
low,low,moderate,True,tv,new_inf,2039,941862.0
low,low,moderate,True,tv,new_inf,2040,87696.0
low,low,none,True,tv,new_inf,2027,1844400.0
low,low,none,True,tv,new_inf,2028,1621506.0
low,low,none,True,tv,new_inf,2029,1547034.0
low,low,none,True,tv,new_inf,2030,1453770.0
low,low,none,True,tv,new_inf,2031,1349196.0
low,low,none,True,tv,new_inf,2032,1297518.0
low,low,none,True,tv,new_inf,2033,1260456.0
low,low,none,True,tv,new_inf,2034,1247928.0
low,low,none,True,tv,new_inf,2035,1253148.0
low,low,none,True,tv,new_inf,2036,1254714.0
low,low,none,True,tv,new_inf,2037,1329534.0
low,low,none,True,tv,new_inf,2038,1319268.0
low,low,none,True,tv,new_inf,2039,1334580.0
low,low,none,True,tv,new_inf,2040,115362.0
low,moderate,high,True,tv,new_inf,2027,1626204.0
low,moderate,high,True,tv,new_inf,2028,1234008.0
low,moderate,high,True,tv,new_inf,2029,1107336.0
low,moderate,high,True,tv,new_inf,2030,965178.0
low,moderate,high,True,tv,new_inf,2031,788916.0
low,moderate,high,True,tv,new_inf,2032,710442.0
low,moderate,high,True,tv,new_inf,2033,675990.0
low,moderate,high,True,tv,new_inf,2034,600126.0
low,moderate,high,True,tv,new_inf,2035,599256.0
low,moderate,high,True,tv,new_inf,2036,515214.0
low,moderate,high,True,tv,new_inf,2037,510864.0
low,moderate,high,True,tv,new_inf,2038,500598.0
low,moderate,high,True,tv,new_inf,2039,455880.0
low,moderate,high,True,tv,new_inf,2040,43848.0
low,moderate,low,True,tv,new_inf,2027,1724862.0
low,moderate,low,True,tv,new_inf,2028,1367814.0
low,moderate,low,True,tv,new_inf,2029,1198338.0
low,moderate,low,True,tv,new_inf,2030,1068360.0
low,moderate,low,True,tv,new_inf,2031,912804.0
low,moderate,low,True,tv,new_inf,2032,820932.0
low,moderate,low,True,tv,new_inf,2033,748548.0
low,moderate,low,True,tv,new_inf,2034,665028.0
low,moderate,low,True,tv,new_inf,2035,669204.0
low,moderate,low,True,tv,new_inf,2036,666594.0
low,moderate,low,True,tv,new_inf,2037,630228.0
low,moderate,low,True,tv,new_inf,2038,599778.0
low,moderate,low,True,tv,new_inf,2039,531222.0
low,moderate,low,True,tv,new_inf,2040,50982.0
low,moderate,moderate,True,tv,new_inf,2027,1670922.0
low,moderate,moderate,True,tv,new_inf,2028,1295952.0
low,moderate,moderate,True,tv,new_inf,2029,1138308.0
low,moderate,moderate,True,tv,new_inf,2030,999804.0
low,moderate,moderate,True,tv,new_inf,2031,859038.0
low,moderate,moderate,True,tv,new_inf,2032,742806.0
low,moderate,moderate,True,tv,new_inf,2033,683298.0
low,moderate,moderate,True,tv,new_inf,2034,641712.0
low,moderate,moderate,True,tv,new_inf,2035,646584.0
low,moderate,moderate,True,tv,new_inf,2036,604824.0
low,moderate,moderate,True,tv,new_inf,2037,599082.0
low,moderate,moderate,True,tv,new_inf,2038,547578.0
low,moderate,moderate,True,tv,new_inf,2039,503034.0
low,moderate,moderate,True,tv,new_inf,2040,44718.0
low,moderate,none,True,tv,new_inf,2027,1806642.0
low,moderate,none,True,tv,new_inf,2028,1486656.0
low,moderate,none,True,tv,new_inf,2029,1282902.0
low,moderate,none,True,tv,new_inf,2030,1128390.0
low,moderate,none,True,tv,new_inf,2031,963264.0
low,moderate,none,True,tv,new_inf,2032,880962.0
low,moderate,none,True,tv,new_inf,2033,866346.0
low,moderate,none,True,tv,new_inf,2034,835374.0
low,moderate,none,True,tv,new_inf,2035,755508.0
low,moderate,none,True,tv,new_inf,2036,780390.0
low,moderate,none,True,tv,new_inf,2037,784914.0
low,moderate,none,True,tv,new_inf,2038,726450.0
low,moderate,none,True,tv,new_inf,2039,680340.0
low,moderate,none,True,tv,new_inf,2040,64032.0
moderate,baseline,high,True,tv,new_inf,2027,1667616.0
moderate,baseline,high,True,tv,new_inf,2028,1395654.0
moderate,baseline,high,True,tv,new_inf,2029,1370598.0
moderate,baseline,high,True,tv,new_inf,2030,1282902.0
moderate,baseline,high,True,tv,new_inf,2031,1185984.0
moderate,baseline,high,True,tv,new_inf,2032,1151010.0
moderate,baseline,high,True,tv,new_inf,2033,1101942.0
moderate,baseline,high,True,tv,new_inf,2034,1074450.0
moderate,baseline,high,True,tv,new_inf,2035,1109772.0
moderate,baseline,high,True,tv,new_inf,2036,1093242.0
moderate,baseline,high,True,tv,new_inf,2037,1081584.0
moderate,baseline,high,True,tv,new_inf,2038,1062618.0
moderate,baseline,high,True,tv,new_inf,2039,1053396.0
moderate,baseline,high,True,tv,new_inf,2040,105096.0
moderate,baseline,low,True,tv,new_inf,2027,1775148.0
moderate,baseline,low,True,tv,new_inf,2028,1555038.0
moderate,baseline,low,True,tv,new_inf,2029,1505448.0
moderate,baseline,low,True,tv,new_inf,2030,1432020.0
moderate,baseline,low,True,tv,new_inf,2031,1364508.0
moderate,baseline,low,True,tv,new_inf,2032,1335276.0
moderate,baseline,low,True,tv,new_inf,2033,1299780.0
moderate,baseline,low,True,tv,new_inf,2034,1323618.0
moderate,baseline,low,True,tv,new_inf,2035,1320486.0
moderate,baseline,low,True,tv,new_inf,2036,1357026.0
moderate,baseline,low,True,tv,new_inf,2037,1349544.0
moderate,baseline,low,True,tv,new_inf,2038,1325880.0
moderate,baseline,low,True,tv,new_inf,2039,1356156.0
moderate,baseline,low,True,tv,new_inf,2040,118668.0
moderate,baseline,moderate,True,tv,new_inf,2027,1711116.0
moderate,baseline,moderate,True,tv,new_inf,2028,1465428.0
moderate,baseline,moderate,True,tv,new_inf,2029,1421754.0
moderate,baseline,moderate,True,tv,new_inf,2030,1341192.0
moderate,baseline,moderate,True,tv,new_inf,2031,1272462.0
moderate,baseline,moderate,True,tv,new_inf,2032,1248624.0
moderate,baseline,moderate,True,tv,new_inf,2033,1177110.0
moderate,baseline,moderate,True,tv,new_inf,2034,1145790.0
moderate,baseline,moderate,True,tv,new_inf,2035,1169454.0
moderate,baseline,moderate,True,tv,new_inf,2036,1162320.0
moderate,baseline,moderate,True,tv,new_inf,2037,1167018.0
moderate,baseline,moderate,True,tv,new_inf,2038,1173978.0
moderate,baseline,moderate,True,tv,new_inf,2039,1196598.0
moderate,baseline,moderate,True,tv,new_inf,2040,105792.0
moderate,baseline,none,True,tv,new_inf,2027,1851012.0
moderate,baseline,none,True,tv,new_inf,2028,1669878.0
moderate,baseline,none,True,tv,new_inf,2029,1632642.0
moderate,baseline,none,True,tv,new_inf,2030,1544946.0
moderate,baseline,none,True,tv,new_inf,2031,1481088.0
moderate,baseline,none,True,tv,new_inf,2032,1449420.0
moderate,baseline,none,True,tv,new_inf,2033,1423320.0
moderate,baseline,none,True,tv,new_inf,2034,1433412.0
moderate,baseline,none,True,tv,new_inf,2035,1478130.0
moderate,baseline,none,True,tv,new_inf,2036,1510146.0
moderate,baseline,none,True,tv,new_inf,2037,1523544.0
moderate,baseline,none,True,tv,new_inf,2038,1553124.0
moderate,baseline,none,True,tv,new_inf,2039,1571394.0
moderate,baseline,none,True,tv,new_inf,2040,140070.0
moderate,high,high,True,tv,new_inf,2027,1547904.0
moderate,high,high,True,tv,new_inf,2028,1017552.0
moderate,high,high,True,tv,new_inf,2029,817278.0
moderate,high,high,True,tv,new_inf,2030,649890.0
moderate,high,high,True,tv,new_inf,2031,469104.0
moderate,high,high,True,tv,new_inf,2032,407682.0
moderate,high,high,True,tv,new_inf,2033,325032.0
moderate,high,high,True,tv,new_inf,2034,244470.0
moderate,high,high,True,tv,new_inf,2035,235596.0
moderate,high,high,True,tv,new_inf,2036,156600.0
moderate,high,high,True,tv,new_inf,2037,147552.0
moderate,high,high,True,tv,new_inf,2038,127542.0
moderate,high,high,True,tv,new_inf,2039,118668.0
moderate,high,high,True,tv,new_inf,2040,10440.0
moderate,high,low,True,tv,new_inf,2027,1664832.0
moderate,high,low,True,tv,new_inf,2028,1131348.0
moderate,high,low,True,tv,new_inf,2029,898188.0
moderate,high,low,True,tv,new_inf,2030,724536.0
moderate,high,low,True,tv,new_inf,2031,552972.0
moderate,high,low,True,tv,new_inf,2032,463188.0
moderate,high,low,True,tv,new_inf,2033,405768.0
moderate,high,low,True,tv,new_inf,2034,331470.0
moderate,high,low,True,tv,new_inf,2035,275442.0
moderate,high,low,True,tv,new_inf,2036,232464.0
moderate,high,low,True,tv,new_inf,2037,199578.0
moderate,high,low,True,tv,new_inf,2038,171912.0
moderate,high,low,True,tv,new_inf,2039,138504.0
moderate,high,low,True,tv,new_inf,2040,14094.0
moderate,high,moderate,True,tv,new_inf,2027,1598016.0
moderate,high,moderate,True,tv,new_inf,2028,1065054.0
moderate,high,moderate,True,tv,new_inf,2029,834156.0
moderate,high,moderate,True,tv,new_inf,2030,661896.0
moderate,high,moderate,True,tv,new_inf,2031,503730.0
moderate,high,moderate,True,tv,new_inf,2032,413424.0
moderate,high,moderate,True,tv,new_inf,2033,344520.0
moderate,high,moderate,True,tv,new_inf,2034,250734.0
moderate,high,moderate,True,tv,new_inf,2035,226722.0
moderate,high,moderate,True,tv,new_inf,2036,190530.0
moderate,high,moderate,True,tv,new_inf,2037,168606.0
moderate,high,moderate,True,tv,new_inf,2038,132066.0
moderate,high,moderate,True,tv,new_inf,2039,96222.0
moderate,high,moderate,True,tv,new_inf,2040,9048.0
moderate,high,none,True,tv,new_inf,2027,1754094.0
moderate,high,none,True,tv,new_inf,2028,1245492.0
moderate,high,none,True,tv,new_inf,2029,985536.0
moderate,high,none,True,tv,new_inf,2030,804054.0
moderate,high,none,True,tv,new_inf,2031,617178.0
moderate,high,none,True,tv,new_inf,2032,544794.0
moderate,high,none,True,tv,new_inf,2033,473628.0
moderate,high,none,True,tv,new_inf,2034,371490.0
moderate,high,none,True,tv,new_inf,2035,323988.0
moderate,high,none,True,tv,new_inf,2036,270396.0
moderate,high,none,True,tv,new_inf,2037,250038.0
moderate,high,none,True,tv,new_inf,2038,197490.0
moderate,high,none,True,tv,new_inf,2039,172260.0
moderate,high,none,True,tv,new_inf,2040,16182.0
moderate,low,high,True,tv,new_inf,2027,1654740.0
moderate,low,high,True,tv,new_inf,2028,1311786.0
moderate,low,high,True,tv,new_inf,2029,1251060.0
moderate,low,high,True,tv,new_inf,2030,1123518.0
moderate,low,high,True,tv,new_inf,2031,1010766.0
moderate,low,high,True,tv,new_inf,2032,939426.0
moderate,low,high,True,tv,new_inf,2033,840246.0
moderate,low,high,True,tv,new_inf,2034,808752.0
moderate,low,high,True,tv,new_inf,2035,813102.0
moderate,low,high,True,tv,new_inf,2036,761598.0
moderate,low,high,True,tv,new_inf,2037,728886.0
moderate,low,high,True,tv,new_inf,2038,698610.0
moderate,low,high,True,tv,new_inf,2039,706092.0
moderate,low,high,True,tv,new_inf,2040,64206.0
moderate,low,low,True,tv,new_inf,2027,1758966.0
moderate,low,low,True,tv,new_inf,2028,1474128.0
moderate,low,low,True,tv,new_inf,2029,1389390.0
moderate,low,low,True,tv,new_inf,2030,1280292.0
moderate,low,low,True,tv,new_inf,2031,1175370.0
moderate,low,low,True,tv,new_inf,2032,1117080.0
moderate,low,low,True,tv,new_inf,2033,1039998.0
moderate,low,low,True,tv,new_inf,2034,1019466.0
moderate,low,low,True,tv,new_inf,2035,1014072.0
moderate,low,low,True,tv,new_inf,2036,968484.0
moderate,low,low,True,tv,new_inf,2037,958566.0
moderate,low,low,True,tv,new_inf,2038,914544.0
moderate,low,low,True,tv,new_inf,2039,939426.0
moderate,low,low,True,tv,new_inf,2040,77604.0
moderate,low,moderate,True,tv,new_inf,2027,1700676.0
moderate,low,moderate,True,tv,new_inf,2028,1382778.0
moderate,low,moderate,True,tv,new_inf,2029,1306740.0
moderate,low,moderate,True,tv,new_inf,2030,1192770.0
moderate,low,moderate,True,tv,new_inf,2031,1070796.0
moderate,low,moderate,True,tv,new_inf,2032,990582.0
moderate,low,moderate,True,tv,new_inf,2033,902538.0
moderate,low,moderate,True,tv,new_inf,2034,885138.0
moderate,low,moderate,True,tv,new_inf,2035,911586.0
moderate,low,moderate,True,tv,new_inf,2036,838332.0
moderate,low,moderate,True,tv,new_inf,2037,841638.0
moderate,low,moderate,True,tv,new_inf,2038,802836.0
moderate,low,moderate,True,tv,new_inf,2039,797964.0
moderate,low,moderate,True,tv,new_inf,2040,69774.0
moderate,low,none,True,tv,new_inf,2027,1837788.0
moderate,low,none,True,tv,new_inf,2028,1594536.0
moderate,low,none,True,tv,new_inf,2029,1486656.0
moderate,low,none,True,tv,new_inf,2030,1364334.0
moderate,low,none,True,tv,new_inf,2031,1268460.0
moderate,low,none,True,tv,new_inf,2032,1221132.0
moderate,low,none,True,tv,new_inf,2033,1163886.0
moderate,low,none,True,tv,new_inf,2034,1134654.0
moderate,low,none,True,tv,new_inf,2035,1168062.0
moderate,low,none,True,tv,new_inf,2036,1155186.0
moderate,low,none,True,tv,new_inf,2037,1173804.0
moderate,low,none,True,tv,new_inf,2038,1200600.0
moderate,low,none,True,tv,new_inf,2039,1204776.0
moderate,low,none,True,tv,new_inf,2040,104748.0
moderate,moderate,high,True,tv,new_inf,2027,1607586.0
moderate,moderate,high,True,tv,new_inf,2028,1190334.0
moderate,moderate,high,True,tv,new_inf,2029,1037562.0
moderate,moderate,high,True,tv,new_inf,2030,882702.0
moderate,moderate,high,True,tv,new_inf,2031,695304.0
moderate,moderate,high,True,tv,new_inf,2032,598038.0
moderate,moderate,high,True,tv,new_inf,2033,558018.0
moderate,moderate,high,True,tv,new_inf,2034,524436.0
moderate,moderate,high,True,tv,new_inf,2035,518694.0
moderate,moderate,high,True,tv,new_inf,2036,426648.0
moderate,moderate,high,True,tv,new_inf,2037,399678.0
moderate,moderate,high,True,tv,new_inf,2038,339648.0
moderate,moderate,high,True,tv,new_inf,2039,298410.0
moderate,moderate,high,True,tv,new_inf,2040,31146.0
moderate,moderate,low,True,tv,new_inf,2027,1713900.0
moderate,moderate,low,True,tv,new_inf,2028,1328316.0
moderate,moderate,low,True,tv,new_inf,2029,1124562.0
moderate,moderate,low,True,tv,new_inf,2030,984492.0
moderate,moderate,low,True,tv,new_inf,2031,825978.0
moderate,moderate,low,True,tv,new_inf,2032,724188.0
moderate,moderate,low,True,tv,new_inf,2033,654414.0
moderate,moderate,low,True,tv,new_inf,2034,599604.0
moderate,moderate,low,True,tv,new_inf,2035,585510.0
moderate,moderate,low,True,tv,new_inf,2036,563586.0
moderate,moderate,low,True,tv,new_inf,2037,541314.0
moderate,moderate,low,True,tv,new_inf,2038,517476.0
moderate,moderate,low,True,tv,new_inf,2039,455706.0
moderate,moderate,low,True,tv,new_inf,2040,40368.0
moderate,moderate,moderate,True,tv,new_inf,2027,1655436.0
moderate,moderate,moderate,True,tv,new_inf,2028,1252104.0
moderate,moderate,moderate,True,tv,new_inf,2029,1074276.0
moderate,moderate,moderate,True,tv,new_inf,2030,916980.0
moderate,moderate,moderate,True,tv,new_inf,2031,776736.0
moderate,moderate,moderate,True,tv,new_inf,2032,650412.0
moderate,moderate,moderate,True,tv,new_inf,2033,589164.0
moderate,moderate,moderate,True,tv,new_inf,2034,524610.0
moderate,moderate,moderate,True,tv,new_inf,2035,530526.0
moderate,moderate,moderate,True,tv,new_inf,2036,484068.0
moderate,moderate,moderate,True,tv,new_inf,2037,463536.0
moderate,moderate,moderate,True,tv,new_inf,2038,407508.0
moderate,moderate,moderate,True,tv,new_inf,2039,376362.0
moderate,moderate,moderate,True,tv,new_inf,2040,32364.0
moderate,moderate,none,True,tv,new_inf,2027,1797072.0
moderate,moderate,none,True,tv,new_inf,2028,1452378.0
moderate,moderate,none,True,tv,new_inf,2029,1232268.0
moderate,moderate,none,True,tv,new_inf,2030,1062966.0
moderate,moderate,none,True,tv,new_inf,2031,907062.0
moderate,moderate,none,True,tv,new_inf,2032,802488.0
moderate,moderate,none,True,tv,new_inf,2033,751506.0
moderate,moderate,none,True,tv,new_inf,2034,706788.0
moderate,moderate,none,True,tv,new_inf,2035,665724.0
moderate,moderate,none,True,tv,new_inf,2036,656502.0
moderate,moderate,none,True,tv,new_inf,2037,639276.0
moderate,moderate,none,True,tv,new_inf,2038,592470.0
moderate,moderate,none,True,tv,new_inf,2039,541140.0
moderate,moderate,none,True,tv,new_inf,2040,47328.0
baseline,baseline,high,True,syph,prevalence,2027,0.0022837811141808283
baseline,baseline,high,True,syph,prevalence,2028,0.002533510767523284
baseline,baseline,high,True,syph,prevalence,2029,0.0036144295654713587
baseline,baseline,high,True,syph,prevalence,2030,0.0034757438577120146
baseline,baseline,high,True,syph,prevalence,2031,0.0035491150793413064
baseline,baseline,high,True,syph,prevalence,2032,0.0039056244565993763
baseline,baseline,high,True,syph,prevalence,2033,0.0032890933782719076
baseline,baseline,high,True,syph,prevalence,2034,0.0025388012108972426
baseline,baseline,high,True,syph,prevalence,2035,0.0026355215062845274
baseline,baseline,high,True,syph,prevalence,2036,0.002515130559058049
baseline,baseline,high,True,syph,prevalence,2037,0.0023880329699149288
baseline,baseline,high,True,syph,prevalence,2038,0.0031590631753758273
baseline,baseline,high,True,syph,prevalence,2039,0.0028239683301426247
baseline,baseline,high,True,syph,prevalence,2040,0.0026320667284522705
baseline,baseline,low,True,syph,prevalence,2027,0.0023142664652671878
baseline,baseline,low,True,syph,prevalence,2028,0.0029449377548814754
baseline,baseline,low,True,syph,prevalence,2029,0.0035698358576973658
baseline,baseline,low,True,syph,prevalence,2030,0.004105388987319183
baseline,baseline,low,True,syph,prevalence,2031,0.004111170576768083
baseline,baseline,low,True,syph,prevalence,2032,0.004018502338516665
baseline,baseline,low,True,syph,prevalence,2033,0.003074720377911539
baseline,baseline,low,True,syph,prevalence,2034,0.0022794785422598296
baseline,baseline,low,True,syph,prevalence,2035,0.0026915303002099113
baseline,baseline,low,True,syph,prevalence,2036,0.003686176926138022
baseline,baseline,low,True,syph,prevalence,2037,0.002819274427863517
baseline,baseline,low,True,syph,prevalence,2038,0.0026798332464585332
baseline,baseline,low,True,syph,prevalence,2039,0.003200672573708654
baseline,baseline,low,True,syph,prevalence,2040,0.0032375656472042012
baseline,baseline,moderate,True,syph,prevalence,2027,0.0022880091795093385
baseline,baseline,moderate,True,syph,prevalence,2028,0.0025683914090359836
baseline,baseline,moderate,True,syph,prevalence,2029,0.0034302397234734576
baseline,baseline,moderate,True,syph,prevalence,2030,0.003312595942959657
baseline,baseline,moderate,True,syph,prevalence,2031,0.0030150561865562695
baseline,baseline,moderate,True,syph,prevalence,2032,0.0034123048372167912
baseline,baseline,moderate,True,syph,prevalence,2033,0.0024694663051595704
baseline,baseline,moderate,True,syph,prevalence,2034,0.0020461756469050737
baseline,baseline,moderate,True,syph,prevalence,2035,0.0030096174161628737
baseline,baseline,moderate,True,syph,prevalence,2036,0.0041205878022283
baseline,baseline,moderate,True,syph,prevalence,2037,0.0035959535600003202
baseline,baseline,moderate,True,syph,prevalence,2038,0.002766007580722772
baseline,baseline,moderate,True,syph,prevalence,2039,0.002855723138224632
baseline,baseline,moderate,True,syph,prevalence,2040,0.00339429212391167
baseline,baseline,none,False,syph,prevalence,2027,0.0023201136951545467
baseline,baseline,none,False,syph,prevalence,2028,0.002873172847235338
baseline,baseline,none,False,syph,prevalence,2029,0.0039110425955004476
baseline,baseline,none,False,syph,prevalence,2030,0.0037736470626047658
baseline,baseline,none,False,syph,prevalence,2031,0.0033910342506991457
baseline,baseline,none,False,syph,prevalence,2032,0.0030947003601946585
baseline,baseline,none,False,syph,prevalence,2033,0.002422011297682063
baseline,baseline,none,False,syph,prevalence,2034,0.002550277958760505
baseline,baseline,none,False,syph,prevalence,2035,0.0032457698077056015
baseline,baseline,none,False,syph,prevalence,2036,0.003481561654846501
baseline,baseline,none,False,syph,prevalence,2037,0.003021897667639652
baseline,baseline,none,False,syph,prevalence,2038,0.003409575884462773
baseline,baseline,none,False,syph,prevalence,2039,0.0034123607742667593
baseline,baseline,none,False,syph,prevalence,2040,0.0031139944392956443
baseline,baseline,none,True,syph,prevalence,2027,0.0023570708651879544
baseline,baseline,none,True,syph,prevalence,2028,0.003498771514174172
baseline,baseline,none,True,syph,prevalence,2029,0.004541123033458842
baseline,baseline,none,True,syph,prevalence,2030,0.004175360430110642
baseline,baseline,none,True,syph,prevalence,2031,0.004259021523539549
baseline,baseline,none,True,syph,prevalence,2032,0.004329984919501999
baseline,baseline,none,True,syph,prevalence,2033,0.0037289164442735035
baseline,baseline,none,True,syph,prevalence,2034,0.0030070008105944693
baseline,baseline,none,True,syph,prevalence,2035,0.003089993656710445
baseline,baseline,none,True,syph,prevalence,2036,0.0035872715179667064
baseline,baseline,none,True,syph,prevalence,2037,0.00388742147587144
baseline,baseline,none,True,syph,prevalence,2038,0.003899821823489552
baseline,baseline,none,True,syph,prevalence,2039,0.0038839975783405236
baseline,baseline,none,True,syph,prevalence,2040,0.004077849860982391
baseline,high,high,True,syph,prevalence,2027,0.0020311039654945713
baseline,high,high,True,syph,prevalence,2028,0.002282853996112342
baseline,high,high,True,syph,prevalence,2029,0.0027480898297879324
baseline,high,high,True,syph,prevalence,2030,0.002156221331323514
baseline,high,high,True,syph,prevalence,2031,0.0019607658924989087
baseline,high,high,True,syph,prevalence,2032,0.0017858866925872068
baseline,high,high,True,syph,prevalence,2033,0.002317716179764049
baseline,high,high,True,syph,prevalence,2034,0.0031741815285121376
baseline,high,high,True,syph,prevalence,2035,0.0018812689154511161
baseline,high,high,True,syph,prevalence,2036,0.0007494388929074395
baseline,high,high,True,syph,prevalence,2037,0.0005895539890839014
baseline,high,high,True,syph,prevalence,2038,0.0014342099055887193
baseline,high,high,True,syph,prevalence,2039,0.0024292189236651395
baseline,high,high,True,syph,prevalence,2040,0.0031107424305267524
baseline,high,low,True,syph,prevalence,2027,0.002059718788436563
baseline,high,low,True,syph,prevalence,2028,0.0027339608023929634
baseline,high,low,True,syph,prevalence,2029,0.0031269583863931826
baseline,high,low,True,syph,prevalence,2030,0.0038499264768163204
baseline,high,low,True,syph,prevalence,2031,0.0034288025735567025
baseline,high,low,True,syph,prevalence,2032,0.003521755213410278
baseline,high,low,True,syph,prevalence,2033,0.0027525912470833147
baseline,high,low,True,syph,prevalence,2034,0.0027951351867424854
baseline,high,low,True,syph,prevalence,2035,0.0036017274705660725
baseline,high,low,True,syph,prevalence,2036,0.003991984097581477
baseline,high,low,True,syph,prevalence,2037,0.003147684984837115
baseline,high,low,True,syph,prevalence,2038,0.002887526801409443
baseline,high,low,True,syph,prevalence,2039,0.00320370953668679
baseline,high,low,True,syph,prevalence,2040,0.00373964435288456
baseline,high,moderate,True,syph,prevalence,2027,0.0020327928559151854
baseline,high,moderate,True,syph,prevalence,2028,0.002504956377788508
baseline,high,moderate,True,syph,prevalence,2029,0.002469995326082907
baseline,high,moderate,True,syph,prevalence,2030,0.0020725991698364405
baseline,high,moderate,True,syph,prevalence,2031,0.0021315233267413794
baseline,high,moderate,True,syph,prevalence,2032,0.003194513208670384
baseline,high,moderate,True,syph,prevalence,2033,0.0029594261898804484
baseline,high,moderate,True,syph,prevalence,2034,0.0029765509431882928
baseline,high,moderate,True,syph,prevalence,2035,0.004365892919133358
baseline,high,moderate,True,syph,prevalence,2036,0.0031097478222110652
baseline,high,moderate,True,syph,prevalence,2037,0.001852139197950816
baseline,high,moderate,True,syph,prevalence,2038,0.0015117140543264979
baseline,high,moderate,True,syph,prevalence,2039,0.0011431394733261249
baseline,high,moderate,True,syph,prevalence,2040,0.0009677865339416563
baseline,high,none,True,syph,prevalence,2027,0.0020917069238769294
baseline,high,none,True,syph,prevalence,2028,0.002544969418858422
baseline,high,none,True,syph,prevalence,2029,0.0035948761871465763
baseline,high,none,True,syph,prevalence,2030,0.0026784247543719104
baseline,high,none,True,syph,prevalence,2031,0.002891949982505227
baseline,high,none,True,syph,prevalence,2032,0.0038300993762567853
baseline,high,none,True,syph,prevalence,2033,0.003907089192212404
baseline,high,none,True,syph,prevalence,2034,0.004286155189671143
baseline,high,none,True,syph,prevalence,2035,0.004935117256100451
baseline,high,none,True,syph,prevalence,2036,0.003987524071515959
baseline,high,none,True,syph,prevalence,2037,0.00356771439307784
baseline,high,none,True,syph,prevalence,2038,0.004070638106811404
baseline,high,none,True,syph,prevalence,2039,0.0045812382504009045
baseline,high,none,True,syph,prevalence,2040,0.005091133765832561
baseline,low,high,True,syph,prevalence,2027,0.002195327654309724
baseline,low,high,True,syph,prevalence,2028,0.0026023149831267698
baseline,low,high,True,syph,prevalence,2029,0.0035457819191475016
baseline,low,high,True,syph,prevalence,2030,0.0028405068811318728
baseline,low,high,True,syph,prevalence,2031,0.0033666021163684715
baseline,low,high,True,syph,prevalence,2032,0.0040210453444714965
baseline,low,high,True,syph,prevalence,2033,0.0034268177074939024
baseline,low,high,True,syph,prevalence,2034,0.0027631242296592587
baseline,low,high,True,syph,prevalence,2035,0.003206104720970015
baseline,low,high,True,syph,prevalence,2036,0.0026314858714149986
baseline,low,high,True,syph,prevalence,2037,0.002775192730222901
baseline,low,high,True,syph,prevalence,2038,0.0032994332807036487
baseline,low,high,True,syph,prevalence,2039,0.003120554054574916
baseline,low,high,True,syph,prevalence,2040,0.0034105653382761813
baseline,low,low,True,syph,prevalence,2027,0.0022715866217068587
baseline,low,low,True,syph,prevalence,2028,0.002834840472311712
baseline,low,low,True,syph,prevalence,2029,0.003506480091351659
baseline,low,low,True,syph,prevalence,2030,0.0037459045839252753
baseline,low,low,True,syph,prevalence,2031,0.004069650381028746
baseline,low,low,True,syph,prevalence,2032,0.004778551234995128
baseline,low,low,True,syph,prevalence,2033,0.00410415022560357
baseline,low,low,True,syph,prevalence,2034,0.002867697382695268
baseline,low,low,True,syph,prevalence,2035,0.0031415323430114073
baseline,low,low,True,syph,prevalence,2036,0.0031187025852451845
baseline,low,low,True,syph,prevalence,2037,0.0022499863276115384
baseline,low,low,True,syph,prevalence,2038,0.0024116469916043272
baseline,low,low,True,syph,prevalence,2039,0.0031491330784233712
baseline,low,low,True,syph,prevalence,2040,0.0039295644114921225
baseline,low,moderate,True,syph,prevalence,2027,0.0021952434413456305
baseline,low,moderate,True,syph,prevalence,2028,0.002594192064408492
baseline,low,moderate,True,syph,prevalence,2029,0.003021138130742674
baseline,low,moderate,True,syph,prevalence,2030,0.002952595885223998
baseline,low,moderate,True,syph,prevalence,2031,0.0027267009911085566
baseline,low,moderate,True,syph,prevalence,2032,0.0035146989324709764
baseline,low,moderate,True,syph,prevalence,2033,0.0037618709018364845
baseline,low,moderate,True,syph,prevalence,2034,0.003641289459776595
baseline,low,moderate,True,syph,prevalence,2035,0.004037578553715495
baseline,low,moderate,True,syph,prevalence,2036,0.003582513436099196
baseline,low,moderate,True,syph,prevalence,2037,0.004243978901287615
baseline,low,moderate,True,syph,prevalence,2038,0.0034013340306922545
baseline,low,moderate,True,syph,prevalence,2039,0.0038742810773229317
baseline,low,moderate,True,syph,prevalence,2040,0.0041741357234314986
baseline,low,none,True,syph,prevalence,2027,0.0022939603908027914
baseline,low,none,True,syph,prevalence,2028,0.003158466658369545
baseline,low,none,True,syph,prevalence,2029,0.004616860317573781
baseline,low,none,True,syph,prevalence,2030,0.004050597381330649
baseline,low,none,True,syph,prevalence,2031,0.004455539200714018
baseline,low,none,True,syph,prevalence,2032,0.004671615024911289
baseline,low,none,True,syph,prevalence,2033,0.0037714091614275596
baseline,low,none,True,syph,prevalence,2034,0.0032571728571405465
baseline,low,none,True,syph,prevalence,2035,0.003599942781422218
baseline,low,none,True,syph,prevalence,2036,0.004382199120976725
baseline,low,none,True,syph,prevalence,2037,0.0040849618397868
baseline,low,none,True,syph,prevalence,2038,0.004177101520726254
baseline,low,none,True,syph,prevalence,2039,0.0041979502600999075
baseline,low,none,True,syph,prevalence,2040,0.0044609206054989185
baseline,moderate,high,True,syph,prevalence,2027,0.002101152423113701
baseline,moderate,high,True,syph,prevalence,2028,0.002531697409175021
baseline,moderate,high,True,syph,prevalence,2029,0.002856085947689621
baseline,moderate,high,True,syph,prevalence,2030,0.002172489837766672
baseline,moderate,high,True,syph,prevalence,2031,0.0023878969736877633
baseline,moderate,high,True,syph,prevalence,2032,0.002794957386657624
baseline,moderate,high,True,syph,prevalence,2033,0.003069515300355072
baseline,moderate,high,True,syph,prevalence,2034,0.0035156466334520776
baseline,moderate,high,True,syph,prevalence,2035,0.003812150295420407
baseline,moderate,high,True,syph,prevalence,2036,0.0035377818093501783
baseline,moderate,high,True,syph,prevalence,2037,0.003628005092530097
baseline,moderate,high,True,syph,prevalence,2038,0.003810769894723132
baseline,moderate,high,True,syph,prevalence,2039,0.0038946099430153445
baseline,moderate,high,True,syph,prevalence,2040,0.004016064257028112
baseline,moderate,low,True,syph,prevalence,2027,0.002187071883058589
baseline,moderate,low,True,syph,prevalence,2028,0.0026235681836645265
baseline,moderate,low,True,syph,prevalence,2029,0.0031753843563625725
baseline,moderate,low,True,syph,prevalence,2030,0.0031031826981902533
baseline,moderate,low,True,syph,prevalence,2031,0.002949573590724963
baseline,moderate,low,True,syph,prevalence,2032,0.003422702407409043
baseline,moderate,low,True,syph,prevalence,2033,0.0029921839593765585
baseline,moderate,low,True,syph,prevalence,2034,0.002754332969259164
baseline,moderate,low,True,syph,prevalence,2035,0.004042356360451127
baseline,moderate,low,True,syph,prevalence,2036,0.0028387950144059143
baseline,moderate,low,True,syph,prevalence,2037,0.0033090362135056715
baseline,moderate,low,True,syph,prevalence,2038,0.004915140066344695
baseline,moderate,low,True,syph,prevalence,2039,0.004997475715963615
baseline,moderate,low,True,syph,prevalence,2040,0.005140562248995984
baseline,moderate,moderate,True,syph,prevalence,2027,0.002118727211477918
baseline,moderate,moderate,True,syph,prevalence,2028,0.0027600316038178386
baseline,moderate,moderate,True,syph,prevalence,2029,0.002926756236080222
baseline,moderate,moderate,True,syph,prevalence,2030,0.0022583766964546113
baseline,moderate,moderate,True,syph,prevalence,2031,0.001886458942465635
baseline,moderate,moderate,True,syph,prevalence,2032,0.0024716258338882873
baseline,moderate,moderate,True,syph,prevalence,2033,0.002461733182751752
baseline,moderate,moderate,True,syph,prevalence,2034,0.0021610165453816656
baseline,moderate,moderate,True,syph,prevalence,2035,0.002690882054615832
baseline,moderate,moderate,True,syph,prevalence,2036,0.003370856046848049
baseline,moderate,moderate,True,syph,prevalence,2037,0.002633898643621308
baseline,moderate,moderate,True,syph,prevalence,2038,0.003035812103322109
baseline,moderate,moderate,True,syph,prevalence,2039,0.0035559620087809037
baseline,moderate,moderate,True,syph,prevalence,2040,0.004137546697346618
baseline,moderate,none,True,syph,prevalence,2027,0.0021999169877099495
baseline,moderate,none,True,syph,prevalence,2028,0.002958596417626697
baseline,moderate,none,True,syph,prevalence,2029,0.003956912592740362
baseline,moderate,none,True,syph,prevalence,2030,0.004064006230763819
baseline,moderate,none,True,syph,prevalence,2031,0.003766497467591812
baseline,moderate,none,True,syph,prevalence,2032,0.004088291091456734
baseline,moderate,none,True,syph,prevalence,2033,0.004000742923163203
baseline,moderate,none,True,syph,prevalence,2034,0.003656846826641854
baseline,moderate,none,True,syph,prevalence,2035,0.0038511942711217605
baseline,moderate,none,True,syph,prevalence,2036,0.004862676249509224
baseline,moderate,none,True,syph,prevalence,2037,0.003913364534305184
baseline,moderate,none,True,syph,prevalence,2038,0.003857949379722029
baseline,moderate,none,True,syph,prevalence,2039,0.004894348678913492
baseline,moderate,none,True,syph,prevalence,2040,0.004856348470806302
high,baseline,high,True,syph,prevalence,2027,0.002179905320242002
high,baseline,high,True,syph,prevalence,2028,0.0018307980984230894
high,baseline,high,True,syph,prevalence,2029,0.001549783697321265
high,baseline,high,True,syph,prevalence,2030,0.0006769718382650784
high,baseline,high,True,syph,prevalence,2031,0.000185918799578366
high,baseline,high,True,syph,prevalence,2032,1.889060807859155e-05
high,baseline,high,True,syph,prevalence,2033,0.0
high,baseline,high,True,syph,prevalence,2034,0.0
high,baseline,high,True,syph,prevalence,2035,0.0
high,baseline,high,True,syph,prevalence,2036,0.0
high,baseline,high,True,syph,prevalence,2037,0.0
high,baseline,high,True,syph,prevalence,2038,0.0
high,baseline,high,True,syph,prevalence,2039,0.0
high,baseline,high,True,syph,prevalence,2040,0.0
high,baseline,low,True,syph,prevalence,2027,0.0022186806923474023
high,baseline,low,True,syph,prevalence,2028,0.001973347331731326
high,baseline,low,True,syph,prevalence,2029,0.0017886683154221463
high,baseline,low,True,syph,prevalence,2030,0.0012920870062739702
high,baseline,low,True,syph,prevalence,2031,0.0008177437976896382
high,baseline,low,True,syph,prevalence,2032,0.00032733115342432494
high,baseline,low,True,syph,prevalence,2033,0.00029969908801759837
high,baseline,low,True,syph,prevalence,2034,0.00024991796301238446
high,baseline,low,True,syph,prevalence,2035,0.00011669977729823987
high,baseline,low,True,syph,prevalence,2036,6.495371700213627e-05
high,baseline,low,True,syph,prevalence,2037,3.666495712323945e-05
high,baseline,low,True,syph,prevalence,2038,8.378844597356317e-06
high,baseline,low,True,syph,prevalence,2039,0.0
high,baseline,low,True,syph,prevalence,2040,0.0
high,baseline,moderate,True,syph,prevalence,2027,0.0021924020729333126
high,baseline,moderate,True,syph,prevalence,2028,0.001850113946755506
high,baseline,moderate,True,syph,prevalence,2029,0.0013739693784086992
high,baseline,moderate,True,syph,prevalence,2030,0.001015528457601168
high,baseline,moderate,True,syph,prevalence,2031,0.0007058028872508864
high,baseline,moderate,True,syph,prevalence,2032,0.0004904080750113144
high,baseline,moderate,True,syph,prevalence,2033,0.00024024006927855532
high,baseline,moderate,True,syph,prevalence,2034,7.387137809978489e-05
high,baseline,moderate,True,syph,prevalence,2035,6.273792917012163e-06
high,baseline,moderate,True,syph,prevalence,2036,0.0
high,baseline,moderate,True,syph,prevalence,2037,0.0
high,baseline,moderate,True,syph,prevalence,2038,0.0
high,baseline,moderate,True,syph,prevalence,2039,0.0
high,baseline,moderate,True,syph,prevalence,2040,0.0
high,baseline,none,True,syph,prevalence,2027,0.0022794872213741132
high,baseline,none,True,syph,prevalence,2028,0.0022162450191994805
high,baseline,none,True,syph,prevalence,2029,0.002463090919271857
high,baseline,none,True,syph,prevalence,2030,0.002507617514079137
high,baseline,none,True,syph,prevalence,2031,0.0027088437607057604
high,baseline,none,True,syph,prevalence,2032,0.002459268028502491
high,baseline,none,True,syph,prevalence,2033,0.0022212046174872337
high,baseline,none,True,syph,prevalence,2034,0.0018956606170728214
high,baseline,none,True,syph,prevalence,2035,0.0013303710158488872
high,baseline,none,True,syph,prevalence,2036,0.0013347143769431447
high,baseline,none,True,syph,prevalence,2037,0.001034357074604832
high,baseline,none,True,syph,prevalence,2038,0.001066694639587864
high,baseline,none,True,syph,prevalence,2039,0.0010533688591464114
high,baseline,none,True,syph,prevalence,2040,0.0011892807034203075
high,high,high,True,syph,prevalence,2027,0.0018209409055804117
high,high,high,True,syph,prevalence,2028,0.001199648692547396
high,high,high,True,syph,prevalence,2029,0.0010073459559989879
high,high,high,True,syph,prevalence,2030,0.0005513271461572422
high,high,high,True,syph,prevalence,2031,0.00030673488164371693
high,high,high,True,syph,prevalence,2032,0.00011771496996715647
high,high,high,True,syph,prevalence,2033,0.0
high,high,high,True,syph,prevalence,2034,0.0
high,high,high,True,syph,prevalence,2035,0.0
high,high,high,True,syph,prevalence,2036,0.0
high,high,high,True,syph,prevalence,2037,0.0
high,high,high,True,syph,prevalence,2038,0.0
high,high,high,True,syph,prevalence,2039,0.0
high,high,high,True,syph,prevalence,2040,0.0
high,high,low,True,syph,prevalence,2027,0.0019065227242548576
high,high,low,True,syph,prevalence,2028,0.0017211342784480353
high,high,low,True,syph,prevalence,2029,0.0015336140894124449
high,high,low,True,syph,prevalence,2030,0.0006040170502948159
high,high,low,True,syph,prevalence,2031,0.0005632770617239372
high,high,low,True,syph,prevalence,2032,0.0006761505641095111
high,high,low,True,syph,prevalence,2033,0.0005810310529712161
high,high,low,True,syph,prevalence,2034,0.0004925912483773188
high,high,low,True,syph,prevalence,2035,0.0008766046389217313
high,high,low,True,syph,prevalence,2036,0.0010830261545931945
high,high,low,True,syph,prevalence,2037,0.0010601054679711633
high,high,low,True,syph,prevalence,2038,0.0008990047423377204
high,high,low,True,syph,prevalence,2039,0.0006156934479569786
high,high,low,True,syph,prevalence,2040,0.00048389326697082815
high,high,moderate,True,syph,prevalence,2027,0.0018278140085491133
high,high,moderate,True,syph,prevalence,2028,0.0010559821980516122
high,high,moderate,True,syph,prevalence,2029,0.0006708826071934783
high,high,moderate,True,syph,prevalence,2030,0.0003704180219070588
high,high,moderate,True,syph,prevalence,2031,0.00038946608951073437
high,high,moderate,True,syph,prevalence,2032,0.00031263862179758435
high,high,moderate,True,syph,prevalence,2033,0.00016372012172088016
high,high,moderate,True,syph,prevalence,2034,8.16360634997906e-05
high,high,moderate,True,syph,prevalence,2035,7.741989190393423e-06
high,high,moderate,True,syph,prevalence,2036,0.0
high,high,moderate,True,syph,prevalence,2037,0.0
high,high,moderate,True,syph,prevalence,2038,0.0
high,high,moderate,True,syph,prevalence,2039,0.0
high,high,moderate,True,syph,prevalence,2040,0.0
high,high,none,True,syph,prevalence,2027,0.0019065714440398296
high,high,none,True,syph,prevalence,2028,0.0015761787559629213
high,high,none,True,syph,prevalence,2029,0.0012880390407775176
high,high,none,True,syph,prevalence,2030,0.0006336343533880598
high,high,none,True,syph,prevalence,2031,0.00038462173581257404
high,high,none,True,syph,prevalence,2032,0.00019116176580046543
high,high,none,True,syph,prevalence,2033,0.0003514062248320187
high,high,none,True,syph,prevalence,2034,0.0003975455373742924
high,high,none,True,syph,prevalence,2035,0.0005693360708560149
high,high,none,True,syph,prevalence,2036,0.0009699776550409633
high,high,none,True,syph,prevalence,2037,0.0010544292775675397
high,high,none,True,syph,prevalence,2038,0.0011094594081517187
high,high,none,True,syph,prevalence,2039,0.0007453592878530927
high,high,none,True,syph,prevalence,2040,0.0007229883518543313
high,low,high,True,syph,prevalence,2027,0.002074473363042745
high,low,high,True,syph,prevalence,2028,0.0015394811266275668
high,low,high,True,syph,prevalence,2029,0.0010499647995812586
high,low,high,True,syph,prevalence,2030,0.0006344742246045695
high,low,high,True,syph,prevalence,2031,0.0002641735338656741
high,low,high,True,syph,prevalence,2032,6.854290622420379e-05
high,low,high,True,syph,prevalence,2033,1.319087191663369e-06
high,low,high,True,syph,prevalence,2034,0.0
high,low,high,True,syph,prevalence,2035,0.0
high,low,high,True,syph,prevalence,2036,0.0
high,low,high,True,syph,prevalence,2037,0.0
high,low,high,True,syph,prevalence,2038,0.0
high,low,high,True,syph,prevalence,2039,0.0
high,low,high,True,syph,prevalence,2040,0.0
high,low,low,True,syph,prevalence,2027,0.0021187951810700406
high,low,low,True,syph,prevalence,2028,0.001761534567196289
high,low,low,True,syph,prevalence,2029,0.0016765404181613632
high,low,low,True,syph,prevalence,2030,0.0010224754428663327
high,low,low,True,syph,prevalence,2031,0.0005623830892497215
high,low,low,True,syph,prevalence,2032,0.00041623394226992735
high,low,low,True,syph,prevalence,2033,0.0003853077777577259
high,low,low,True,syph,prevalence,2034,0.0004265872590654648
high,low,low,True,syph,prevalence,2035,0.00038806376024860795
high,low,low,True,syph,prevalence,2036,0.0002426294927670649
high,low,low,True,syph,prevalence,2037,6.35346396466854e-05
high,low,low,True,syph,prevalence,2038,8.891682480752286e-06
high,low,low,True,syph,prevalence,2039,0.0
high,low,low,True,syph,prevalence,2040,0.0
high,low,moderate,True,syph,prevalence,2027,0.002098048752803577
high,low,moderate,True,syph,prevalence,2028,0.0016493075877318593
high,low,moderate,True,syph,prevalence,2029,0.0011861793041775843
high,low,moderate,True,syph,prevalence,2030,0.0010707096656658332
high,low,moderate,True,syph,prevalence,2031,0.0007679510165766821
high,low,moderate,True,syph,prevalence,2032,0.00041295151682924005
high,low,moderate,True,syph,prevalence,2033,0.00027694048241336846
high,low,moderate,True,syph,prevalence,2034,0.00018303895162298793
high,low,moderate,True,syph,prevalence,2035,6.28572321740756e-05
high,low,moderate,True,syph,prevalence,2036,8.812359467556166e-06
high,low,moderate,True,syph,prevalence,2037,0.0
high,low,moderate,True,syph,prevalence,2038,0.0
high,low,moderate,True,syph,prevalence,2039,0.0
high,low,moderate,True,syph,prevalence,2040,0.0
high,low,none,True,syph,prevalence,2027,0.0021809482767010976
high,low,none,True,syph,prevalence,2028,0.0021694309812711854
high,low,none,True,syph,prevalence,2029,0.0024252602553107043
high,low,none,True,syph,prevalence,2030,0.0018205119523188509
high,low,none,True,syph,prevalence,2031,0.0016964870260120835
high,low,none,True,syph,prevalence,2032,0.00128761619853154
high,low,none,True,syph,prevalence,2033,0.0009393804151384865
high,low,none,True,syph,prevalence,2034,0.0010226282481850054
high,low,none,True,syph,prevalence,2035,0.0015760329063415918
high,low,none,True,syph,prevalence,2036,0.0020638484642788025
high,low,none,True,syph,prevalence,2037,0.0018343826031805572
high,low,none,True,syph,prevalence,2038,0.001458816352145527
high,low,none,True,syph,prevalence,2039,0.001365807264281064
high,low,none,True,syph,prevalence,2040,0.0016601954746284643
high,moderate,high,True,syph,prevalence,2027,0.0019939401678458228
high,moderate,high,True,syph,prevalence,2028,0.0013852247948764752
high,moderate,high,True,syph,prevalence,2029,0.0011609800525075565
high,moderate,high,True,syph,prevalence,2030,0.0004075880775868203
high,moderate,high,True,syph,prevalence,2031,0.0003122256045477081
high,moderate,high,True,syph,prevalence,2032,0.00039401208361157703
high,moderate,high,True,syph,prevalence,2033,0.0002879598756411627
high,moderate,high,True,syph,prevalence,2034,0.00014747960135205954
high,moderate,high,True,syph,prevalence,2035,1.9252648184066606e-05
high,moderate,high,True,syph,prevalence,2036,0.0
high,moderate,high,True,syph,prevalence,2037,0.0
high,moderate,high,True,syph,prevalence,2038,0.0
high,moderate,high,True,syph,prevalence,2039,0.0
high,moderate,high,True,syph,prevalence,2040,0.0
high,moderate,low,True,syph,prevalence,2027,0.0020078149975936883
high,moderate,low,True,syph,prevalence,2028,0.0015603785442573179
high,moderate,low,True,syph,prevalence,2029,0.0016953171224568183
high,moderate,low,True,syph,prevalence,2030,0.0006861738118125297
high,moderate,low,True,syph,prevalence,2031,0.0007086354551958363
high,moderate,low,True,syph,prevalence,2032,0.0006974934232394227
high,moderate,low,True,syph,prevalence,2033,0.0003142148469602017
high,moderate,low,True,syph,prevalence,2034,4.638726529546108e-05
high,moderate,low,True,syph,prevalence,2035,0.0
high,moderate,low,True,syph,prevalence,2036,0.0
high,moderate,low,True,syph,prevalence,2037,0.0
high,moderate,low,True,syph,prevalence,2038,0.0
high,moderate,low,True,syph,prevalence,2039,0.0
high,moderate,low,True,syph,prevalence,2040,0.0
high,moderate,moderate,True,syph,prevalence,2027,0.002024435733506732
high,moderate,moderate,True,syph,prevalence,2028,0.0013711070334635818
high,moderate,moderate,True,syph,prevalence,2029,0.0009166623734960634
high,moderate,moderate,True,syph,prevalence,2030,0.0006959850827518363
high,moderate,moderate,True,syph,prevalence,2031,0.0005068009980050924
high,moderate,moderate,True,syph,prevalence,2032,0.0004136113001001047
high,moderate,moderate,True,syph,prevalence,2033,0.00020134635488140403
high,moderate,moderate,True,syph,prevalence,2034,4.582208550591028e-05
high,moderate,moderate,True,syph,prevalence,2035,6.893080664778745e-06
high,moderate,moderate,True,syph,prevalence,2036,0.0
high,moderate,moderate,True,syph,prevalence,2037,0.0
high,moderate,moderate,True,syph,prevalence,2038,0.0
high,moderate,moderate,True,syph,prevalence,2039,0.0
high,moderate,moderate,True,syph,prevalence,2040,0.0
high,moderate,none,True,syph,prevalence,2027,0.002071371787927423
high,moderate,none,True,syph,prevalence,2028,0.0019471680803237108
high,moderate,none,True,syph,prevalence,2029,0.002324911026062056
high,moderate,none,True,syph,prevalence,2030,0.0014166350057416538
high,moderate,none,True,syph,prevalence,2031,0.0008825642233747441
high,moderate,none,True,syph,prevalence,2032,0.0006841954520189579
high,moderate,none,True,syph,prevalence,2033,0.000493111495908002
high,moderate,none,True,syph,prevalence,2034,0.00025688346757214963
high,moderate,none,True,syph,prevalence,2035,0.0001617129137404266
high,moderate,none,True,syph,prevalence,2036,5.4614815405483907e-05
high,moderate,none,True,syph,prevalence,2037,2.0132654769410962e-05
high,moderate,none,True,syph,prevalence,2038,0.0
high,moderate,none,True,syph,prevalence,2039,0.0
high,moderate,none,True,syph,prevalence,2040,0.0
low,baseline,high,True,syph,prevalence,2027,0.0022186977268518105
low,baseline,high,True,syph,prevalence,2028,0.0021311044565620833
low,baseline,high,True,syph,prevalence,2029,0.0018023630026736165
low,baseline,high,True,syph,prevalence,2030,0.0014326036259078882
low,baseline,high,True,syph,prevalence,2031,0.0010375997638526026
low,baseline,high,True,syph,prevalence,2032,0.0007457364900647052
low,baseline,high,True,syph,prevalence,2033,0.0004962919696525619
low,baseline,high,True,syph,prevalence,2034,0.000187004290083802
low,baseline,high,True,syph,prevalence,2035,2.7445936697266083e-05
low,baseline,high,True,syph,prevalence,2036,0.0
low,baseline,high,True,syph,prevalence,2037,0.0
low,baseline,high,True,syph,prevalence,2038,0.0
low,baseline,high,True,syph,prevalence,2039,0.0
low,baseline,high,True,syph,prevalence,2040,0.0
low,baseline,low,True,syph,prevalence,2027,0.00224544048442983
low,baseline,low,True,syph,prevalence,2028,0.002289891872088415
low,baseline,low,True,syph,prevalence,2029,0.0025975522109188127
low,baseline,low,True,syph,prevalence,2030,0.002375983750327195
low,baseline,low,True,syph,prevalence,2031,0.0016525089218948502
low,baseline,low,True,syph,prevalence,2032,0.00185908992795901
low,baseline,low,True,syph,prevalence,2033,0.002305975383890073
low,baseline,low,True,syph,prevalence,2034,0.0029391921939754453
low,baseline,low,True,syph,prevalence,2035,0.0028050759139351808
low,baseline,low,True,syph,prevalence,2036,0.002555335798648304
low,baseline,low,True,syph,prevalence,2037,0.0026768456940354434
low,baseline,low,True,syph,prevalence,2038,0.002820457740950245
low,baseline,low,True,syph,prevalence,2039,0.003181460809746295
low,baseline,low,True,syph,prevalence,2040,0.003064565956132221
low,baseline,moderate,True,syph,prevalence,2027,0.0022339555866003557
low,baseline,moderate,True,syph,prevalence,2028,0.0022395601205188174
low,baseline,moderate,True,syph,prevalence,2029,0.00263990217521302
low,baseline,moderate,True,syph,prevalence,2030,0.0022223147790958043
low,baseline,moderate,True,syph,prevalence,2031,0.001708479976672304
low,baseline,moderate,True,syph,prevalence,2032,0.0029577908879708306
low,baseline,moderate,True,syph,prevalence,2033,0.00340648609135994
low,baseline,moderate,True,syph,prevalence,2034,0.0028557084482730396
low,baseline,moderate,True,syph,prevalence,2035,0.002929118630050292
low,baseline,moderate,True,syph,prevalence,2036,0.002008154442684123
low,baseline,moderate,True,syph,prevalence,2037,0.0023646205613173732
low,baseline,moderate,True,syph,prevalence,2038,0.002291099287747564
low,baseline,moderate,True,syph,prevalence,2039,0.0019933224286616427
low,baseline,moderate,True,syph,prevalence,2040,0.0021382842509603075
low,baseline,none,True,syph,prevalence,2027,0.002296038067992576
low,baseline,none,True,syph,prevalence,2028,0.002368745781997801
low,baseline,none,True,syph,prevalence,2029,0.0031592222608827444
low,baseline,none,True,syph,prevalence,2030,0.0036022344368386
low,baseline,none,True,syph,prevalence,2031,0.004062588037940373
low,baseline,none,True,syph,prevalence,2032,0.0038105692363004117
low,baseline,none,True,syph,prevalence,2033,0.0034713258221080144
low,baseline,none,True,syph,prevalence,2034,0.002896547390103897
low,baseline,none,True,syph,prevalence,2035,0.0033414613140985996
low,baseline,none,True,syph,prevalence,2036,0.0025510364228447198
low,baseline,none,True,syph,prevalence,2037,0.0021550126395508762
low,baseline,none,True,syph,prevalence,2038,0.002035636580039431
low,baseline,none,True,syph,prevalence,2039,0.002190449990765584
low,baseline,none,True,syph,prevalence,2040,0.002645427389677926
low,high,high,True,syph,prevalence,2027,0.0018832295393675547
low,high,high,True,syph,prevalence,2028,0.0016268323319325773
low,high,high,True,syph,prevalence,2029,0.00169276631591688
low,high,high,True,syph,prevalence,2030,0.0019123019265359473
low,high,high,True,syph,prevalence,2031,0.0020864701423962016
low,high,high,True,syph,prevalence,2032,0.0024606282188900028
low,high,high,True,syph,prevalence,2033,0.0024758925446309392
low,high,high,True,syph,prevalence,2034,0.0022998456609196064
low,high,high,True,syph,prevalence,2035,0.0021962620263545215
low,high,high,True,syph,prevalence,2036,0.002252079804714095
low,high,high,True,syph,prevalence,2037,0.001955519315704003
low,high,high,True,syph,prevalence,2038,0.0018033238821275797
low,high,high,True,syph,prevalence,2039,0.0019663285944366894
low,high,high,True,syph,prevalence,2040,0.0022950366376330708
low,high,low,True,syph,prevalence,2027,0.001949485172332058
low,high,low,True,syph,prevalence,2028,0.0017378363339196228
low,high,low,True,syph,prevalence,2029,0.002216477039357076
low,high,low,True,syph,prevalence,2030,0.0016127444888043366
low,high,low,True,syph,prevalence,2031,0.001272878545663669
low,high,low,True,syph,prevalence,2032,0.0015364633908368061
low,high,low,True,syph,prevalence,2033,0.001803242383958974
low,high,low,True,syph,prevalence,2034,0.0019551066027930957
low,high,low,True,syph,prevalence,2035,0.0018509844176921263
low,high,low,True,syph,prevalence,2036,0.0019555633177594954
low,high,low,True,syph,prevalence,2037,0.0017857746567215918
low,high,low,True,syph,prevalence,2038,0.0016920615083208749
low,high,low,True,syph,prevalence,2039,0.0014921552246859736
low,high,low,True,syph,prevalence,2040,0.00167288815152772
low,high,moderate,True,syph,prevalence,2027,0.0018624463715024274
low,high,moderate,True,syph,prevalence,2028,0.0017341102320531051
low,high,moderate,True,syph,prevalence,2029,0.0019272295262334944
low,high,moderate,True,syph,prevalence,2030,0.002010823556062197
low,high,moderate,True,syph,prevalence,2031,0.001984094156135349
low,high,moderate,True,syph,prevalence,2032,0.0014862780022533858
low,high,moderate,True,syph,prevalence,2033,0.0020151483155347377
low,high,moderate,True,syph,prevalence,2034,0.002236380755807517
low,high,moderate,True,syph,prevalence,2035,0.0016251187718749015
low,high,moderate,True,syph,prevalence,2036,0.000987372598276419
low,high,moderate,True,syph,prevalence,2037,0.0008565277011739625
low,high,moderate,True,syph,prevalence,2038,0.0008847506831889953
low,high,moderate,True,syph,prevalence,2039,0.0015858296436121247
low,high,moderate,True,syph,prevalence,2040,0.0021706069404120007
low,high,none,True,syph,prevalence,2027,0.0019094857552536953
low,high,none,True,syph,prevalence,2028,0.001789510197475665
low,high,none,True,syph,prevalence,2029,0.0023093405101089356
low,high,none,True,syph,prevalence,2030,0.0023662117762137894
low,high,none,True,syph,prevalence,2031,0.0019617626096089494
low,high,none,True,syph,prevalence,2032,0.002147448032789653
low,high,none,True,syph,prevalence,2033,0.0024601175664506593
low,high,none,True,syph,prevalence,2034,0.002628216244621066
low,high,none,True,syph,prevalence,2035,0.002307954837689408
low,high,none,True,syph,prevalence,2036,0.0023744250372239747
low,high,none,True,syph,prevalence,2037,0.002074370511557218
low,high,none,True,syph,prevalence,2038,0.002661842088020125
low,high,none,True,syph,prevalence,2039,0.003508532160936567
low,high,none,True,syph,prevalence,2040,0.004212548015364917
low,low,high,True,syph,prevalence,2027,0.0021162427537208418
low,low,high,True,syph,prevalence,2028,0.0020032045706285615
low,low,high,True,syph,prevalence,2029,0.0015327974764434982
low,low,high,True,syph,prevalence,2030,0.0011544115674943316
low,low,high,True,syph,prevalence,2031,0.0011092255364039366
low,low,high,True,syph,prevalence,2032,0.0013165449576244775
low,low,high,True,syph,prevalence,2033,0.0021372481833542433
low,low,high,True,syph,prevalence,2034,0.0028537882174305322
low,low,high,True,syph,prevalence,2035,0.002724304469497704
low,low,high,True,syph,prevalence,2036,0.0019503744214758585
low,low,high,True,syph,prevalence,2037,0.0017346815273203084
low,low,high,True,syph,prevalence,2038,0.0014522821635784015
low,low,high,True,syph,prevalence,2039,0.0008508525764905744
low,low,high,True,syph,prevalence,2040,0.0005253698327111849
low,low,low,True,syph,prevalence,2027,0.002176984734567907
low,low,low,True,syph,prevalence,2028,0.0023474633150763783
low,low,low,True,syph,prevalence,2029,0.002825686036616788
low,low,low,True,syph,prevalence,2030,0.0024348144968108472
low,low,low,True,syph,prevalence,2031,0.003085883412985287
low,low,low,True,syph,prevalence,2032,0.003939797433764083
low,low,low,True,syph,prevalence,2033,0.0043962025743165805
low,low,low,True,syph,prevalence,2034,0.004336073557360476
low,low,low,True,syph,prevalence,2035,0.004422280603246633
low,low,low,True,syph,prevalence,2036,0.0032800639543504053
low,low,low,True,syph,prevalence,2037,0.002852585683224211
low,low,low,True,syph,prevalence,2038,0.0030816455231756365
low,low,low,True,syph,prevalence,2039,0.003683309098916788
low,low,low,True,syph,prevalence,2040,0.0032869941303676244
low,low,moderate,True,syph,prevalence,2027,0.0021258048585809843
low,low,moderate,True,syph,prevalence,2028,0.0020857619719148552
low,low,moderate,True,syph,prevalence,2029,0.0017941708313985668
low,low,moderate,True,syph,prevalence,2030,0.0013149940330879424
low,low,moderate,True,syph,prevalence,2031,0.0008789391048525094
low,low,moderate,True,syph,prevalence,2032,0.0012167834149875482
low,low,moderate,True,syph,prevalence,2033,0.0018727508682136382
low,low,moderate,True,syph,prevalence,2034,0.0026366536365285023
low,low,moderate,True,syph,prevalence,2035,0.0027621468335540427
low,low,moderate,True,syph,prevalence,2036,0.0018886482484197233
low,low,moderate,True,syph,prevalence,2037,0.0012411282630595195
low,low,moderate,True,syph,prevalence,2038,0.000876475184031328
low,low,moderate,True,syph,prevalence,2039,0.0005785273846930002
low,low,moderate,True,syph,prevalence,2040,0.00047006774505737594
low,low,none,True,syph,prevalence,2027,0.0022212268819914033
low,low,none,True,syph,prevalence,2028,0.0024342262083779866
low,low,none,True,syph,prevalence,2029,0.0028256780700134203
low,low,none,True,syph,prevalence,2030,0.0025494955433540576
low,low,none,True,syph,prevalence,2031,0.002375874703276651
low,low,none,True,syph,prevalence,2032,0.0028028297572768716
low,low,none,True,syph,prevalence,2033,0.0035362160614264915
low,low,none,True,syph,prevalence,2034,0.003896329259448256
low,low,none,True,syph,prevalence,2035,0.0036424294639644484
low,low,none,True,syph,prevalence,2036,0.003036258077503919
low,low,none,True,syph,prevalence,2037,0.0023240252270004006
low,low,none,True,syph,prevalence,2038,0.0033235689759111703
low,low,none,True,syph,prevalence,2039,0.003672459647057776
low,low,none,True,syph,prevalence,2040,0.003764404609475032
low,moderate,high,True,syph,prevalence,2027,0.002036917864501757
low,moderate,high,True,syph,prevalence,2028,0.0017410691361036807
low,moderate,high,True,syph,prevalence,2029,0.0018763231146465141
low,moderate,high,True,syph,prevalence,2030,0.002353327999195287
low,moderate,high,True,syph,prevalence,2031,0.0022175313671030524
low,moderate,high,True,syph,prevalence,2032,0.0014967444799750393
low,moderate,high,True,syph,prevalence,2033,0.0017889233772988213
low,moderate,high,True,syph,prevalence,2034,0.001017219949600022
low,moderate,high,True,syph,prevalence,2035,0.0013769884284256608
low,moderate,high,True,syph,prevalence,2036,0.0016849834598204629
low,moderate,high,True,syph,prevalence,2037,0.0011096862055592835
low,moderate,high,True,syph,prevalence,2038,0.0005169703653587983
low,moderate,high,True,syph,prevalence,2039,0.0004982036123902465
low,moderate,high,True,syph,prevalence,2040,0.0006402048655569782
low,moderate,low,True,syph,prevalence,2027,0.002039693424132179
low,moderate,low,True,syph,prevalence,2028,0.001806353155753633
low,moderate,low,True,syph,prevalence,2029,0.002362471057341009
low,moderate,low,True,syph,prevalence,2030,0.002375023274239306
low,moderate,low,True,syph,prevalence,2031,0.002617161654633156
low,moderate,low,True,syph,prevalence,2032,0.0030476279799325173
low,moderate,low,True,syph,prevalence,2033,0.0029690618262476426
low,moderate,low,True,syph,prevalence,2034,0.0028203034012990917
low,moderate,low,True,syph,prevalence,2035,0.0034755464438166127
low,moderate,low,True,syph,prevalence,2036,0.0035791933577543843
low,moderate,low,True,syph,prevalence,2037,0.003327083985160819
low,moderate,low,True,syph,prevalence,2038,0.00256910648399886
low,moderate,low,True,syph,prevalence,2039,0.002335290034699571
low,moderate,low,True,syph,prevalence,2040,0.0025059922021275468
low,moderate,moderate,True,syph,prevalence,2027,0.002054905519077112
low,moderate,moderate,True,syph,prevalence,2028,0.001798548079985572
low,moderate,moderate,True,syph,prevalence,2029,0.0017749583496776665
low,moderate,moderate,True,syph,prevalence,2030,0.0011160334237678752
low,moderate,moderate,True,syph,prevalence,2031,0.0011794715250378592
low,moderate,moderate,True,syph,prevalence,2032,0.001319558673105372
low,moderate,moderate,True,syph,prevalence,2033,0.0008403293183123205
low,moderate,moderate,True,syph,prevalence,2034,0.0007402926509554445
low,moderate,moderate,True,syph,prevalence,2035,0.0004157080063663668
low,moderate,moderate,True,syph,prevalence,2036,0.00012563009045923236
low,moderate,moderate,True,syph,prevalence,2037,1.366633431478757e-05
low,moderate,moderate,True,syph,prevalence,2038,0.0
low,moderate,moderate,True,syph,prevalence,2039,0.0
low,moderate,moderate,True,syph,prevalence,2040,0.0
low,moderate,none,True,syph,prevalence,2027,0.002099138713012023
low,moderate,none,True,syph,prevalence,2028,0.0021513395945973765
low,moderate,none,True,syph,prevalence,2029,0.0030431758630227166
low,moderate,none,True,syph,prevalence,2030,0.00236437396566094
low,moderate,none,True,syph,prevalence,2031,0.002476413034551738
low,moderate,none,True,syph,prevalence,2032,0.0024966025599642704
low,moderate,none,True,syph,prevalence,2033,0.0029054914539526078
low,moderate,none,True,syph,prevalence,2034,0.0036366233501927197
low,moderate,none,True,syph,prevalence,2035,0.004245313761131918
low,moderate,none,True,syph,prevalence,2036,0.003974605773149839
low,moderate,none,True,syph,prevalence,2037,0.002819082371578327
low,moderate,none,True,syph,prevalence,2038,0.002824559728760945
low,moderate,none,True,syph,prevalence,2039,0.0043334940039240445
low,moderate,none,True,syph,prevalence,2040,0.004584491813407476
moderate,baseline,high,True,syph,prevalence,2027,0.0022075874572955448
moderate,baseline,high,True,syph,prevalence,2028,0.001802789254032643
moderate,baseline,high,True,syph,prevalence,2029,0.0013848670054355861
moderate,baseline,high,True,syph,prevalence,2030,0.0009454637881830043
moderate,baseline,high,True,syph,prevalence,2031,0.0006057038059604684
moderate,baseline,high,True,syph,prevalence,2032,0.0003839954121756814
moderate,baseline,high,True,syph,prevalence,2033,0.00043331483202138844
moderate,baseline,high,True,syph,prevalence,2034,0.00047886038138222073
moderate,baseline,high,True,syph,prevalence,2035,0.000644314705650166
moderate,baseline,high,True,syph,prevalence,2036,0.0007778839988146124
moderate,baseline,high,True,syph,prevalence,2037,0.000801958635350706
moderate,baseline,high,True,syph,prevalence,2038,0.0007396712357987049
moderate,baseline,high,True,syph,prevalence,2039,0.0006303718514796288
moderate,baseline,high,True,syph,prevalence,2040,0.00048199223456955415
moderate,baseline,low,True,syph,prevalence,2027,0.002232488343844061
moderate,baseline,low,True,syph,prevalence,2028,0.002338685600510383
moderate,baseline,low,True,syph,prevalence,2029,0.002943136690194277
moderate,baseline,low,True,syph,prevalence,2030,0.0019404928469957169
moderate,baseline,low,True,syph,prevalence,2031,0.0021232103665110467
moderate,baseline,low,True,syph,prevalence,2032,0.0019163223002558762
moderate,baseline,low,True,syph,prevalence,2033,0.0021829162768428503
moderate,baseline,low,True,syph,prevalence,2034,0.0022038288002210913
moderate,baseline,low,True,syph,prevalence,2035,0.002894016379002706
moderate,baseline,low,True,syph,prevalence,2036,0.002450689796857995
moderate,baseline,low,True,syph,prevalence,2037,0.002096132855077031
moderate,baseline,low,True,syph,prevalence,2038,0.002065594479877355
moderate,baseline,low,True,syph,prevalence,2039,0.0018678269720135375
moderate,baseline,low,True,syph,prevalence,2040,0.0017420157610949813
moderate,baseline,moderate,True,syph,prevalence,2027,0.0022063183208127623
moderate,baseline,moderate,True,syph,prevalence,2028,0.001975367868014919
moderate,baseline,moderate,True,syph,prevalence,2029,0.0017060199820858434
moderate,baseline,moderate,True,syph,prevalence,2030,0.0014077621945139435
moderate,baseline,moderate,True,syph,prevalence,2031,0.0011085877873084882
moderate,baseline,moderate,True,syph,prevalence,2032,0.0005406097960440836
moderate,baseline,moderate,True,syph,prevalence,2033,0.000120268141368651
moderate,baseline,moderate,True,syph,prevalence,2034,5.121631840166764e-06
moderate,baseline,moderate,True,syph,prevalence,2035,0.0
moderate,baseline,moderate,True,syph,prevalence,2036,0.0
moderate,baseline,moderate,True,syph,prevalence,2037,0.0
moderate,baseline,moderate,True,syph,prevalence,2038,0.0
moderate,baseline,moderate,True,syph,prevalence,2039,0.0
moderate,baseline,moderate,True,syph,prevalence,2040,0.0
moderate,baseline,none,True,syph,prevalence,2027,0.002284969858518564
moderate,baseline,none,True,syph,prevalence,2028,0.0024768535303077823
moderate,baseline,none,True,syph,prevalence,2029,0.0026530079174016978
moderate,baseline,none,True,syph,prevalence,2030,0.00293643707882591
moderate,baseline,none,True,syph,prevalence,2031,0.003157391832400149
moderate,baseline,none,True,syph,prevalence,2032,0.003184647990146997
moderate,baseline,none,True,syph,prevalence,2033,0.0028210745741020877
moderate,baseline,none,True,syph,prevalence,2034,0.003006728443922717
moderate,baseline,none,True,syph,prevalence,2035,0.002520195678082844
moderate,baseline,none,True,syph,prevalence,2036,0.001733184735473041
moderate,baseline,none,True,syph,prevalence,2037,0.00118299846462609
moderate,baseline,none,True,syph,prevalence,2038,0.0010210766037215798
moderate,baseline,none,True,syph,prevalence,2039,0.0008058287575980972
moderate,baseline,none,True,syph,prevalence,2040,0.0005757129468469674
moderate,high,high,True,syph,prevalence,2027,0.0018568902575449332
moderate,high,high,True,syph,prevalence,2028,0.001295832589550286
moderate,high,high,True,syph,prevalence,2029,0.0011915407317396646
moderate,high,high,True,syph,prevalence,2030,0.0013762129363453295
moderate,high,high,True,syph,prevalence,2031,0.0010671826536736546
moderate,high,high,True,syph,prevalence,2032,0.001079020815207596
moderate,high,high,True,syph,prevalence,2033,0.0011426641796553284
moderate,high,high,True,syph,prevalence,2034,0.0011824986698119255
moderate,high,high,True,syph,prevalence,2035,0.0010532611833652963
moderate,high,high,True,syph,prevalence,2036,0.0010016358942434966
moderate,high,high,True,syph,prevalence,2037,0.0011748376217884373
moderate,high,high,True,syph,prevalence,2038,0.001477162057087819
moderate,high,high,True,syph,prevalence,2039,0.0011449933332146544
moderate,high,high,True,syph,prevalence,2040,0.0008986589243743952
moderate,high,low,True,syph,prevalence,2027,0.0019217560106631303
moderate,high,low,True,syph,prevalence,2028,0.001836483321613187
moderate,high,low,True,syph,prevalence,2029,0.0015631833409591122
moderate,high,low,True,syph,prevalence,2030,0.0014241830270721556
moderate,high,low,True,syph,prevalence,2031,0.0015760671807317744
moderate,high,low,True,syph,prevalence,2032,0.0016589683613757989
moderate,high,low,True,syph,prevalence,2033,0.0018597026583784745
moderate,high,low,True,syph,prevalence,2034,0.0019600251162429786
moderate,high,low,True,syph,prevalence,2035,0.0019051235679146878
moderate,high,low,True,syph,prevalence,2036,0.0014330677058065127
moderate,high,low,True,syph,prevalence,2037,0.001037733193401861
moderate,high,low,True,syph,prevalence,2038,0.0008323241359760424
moderate,high,low,True,syph,prevalence,2039,0.000757160495269599
moderate,high,low,True,syph,prevalence,2040,0.000670484704567677
moderate,high,moderate,True,syph,prevalence,2027,0.0018499356945041567
moderate,high,moderate,True,syph,prevalence,2028,0.0013907661695003056
moderate,high,moderate,True,syph,prevalence,2029,0.0013465049709710615
moderate,high,moderate,True,syph,prevalence,2030,0.0013391810338237214
moderate,high,moderate,True,syph,prevalence,2031,0.0012897781561436422
moderate,high,moderate,True,syph,prevalence,2032,0.0008427604375877893
moderate,high,moderate,True,syph,prevalence,2033,0.0013451025581146226
moderate,high,moderate,True,syph,prevalence,2034,0.0018649588099874602
moderate,high,moderate,True,syph,prevalence,2035,0.001615640622430493
moderate,high,moderate,True,syph,prevalence,2036,0.0015257896111642738
moderate,high,moderate,True,syph,prevalence,2037,0.0017871120841066602
moderate,high,moderate,True,syph,prevalence,2038,0.0018309983047919466
moderate,high,moderate,True,syph,prevalence,2039,0.0015079149173690297
moderate,high,moderate,True,syph,prevalence,2040,0.001258122494124153
moderate,high,none,True,syph,prevalence,2027,0.0019010878730561728
moderate,high,none,True,syph,prevalence,2028,0.0016914876737609886
moderate,high,none,True,syph,prevalence,2029,0.0018867916710455465
moderate,high,none,True,syph,prevalence,2030,0.0014460538702439078
moderate,high,none,True,syph,prevalence,2031,0.0016627296907288786
moderate,high,none,True,syph,prevalence,2032,0.002068533059440279
moderate,high,none,True,syph,prevalence,2033,0.0025037566832193997
moderate,high,none,True,syph,prevalence,2034,0.0023742808530341367
moderate,high,none,True,syph,prevalence,2035,0.0020397656080957133
moderate,high,none,True,syph,prevalence,2036,0.0016678121301820607
moderate,high,none,True,syph,prevalence,2037,0.0015491669438472847
moderate,high,none,True,syph,prevalence,2038,0.0014524987177647957
moderate,high,none,True,syph,prevalence,2039,0.0015956266197359962
moderate,high,none,True,syph,prevalence,2040,0.0015069818885662934
moderate,low,high,True,syph,prevalence,2027,0.0021132280167409467
moderate,low,high,True,syph,prevalence,2028,0.002002148333797365
moderate,low,high,True,syph,prevalence,2029,0.0017656369780017663
moderate,low,high,True,syph,prevalence,2030,0.000889929182469699
moderate,low,high,True,syph,prevalence,2031,0.0005015906701350433
moderate,low,high,True,syph,prevalence,2032,0.0003918338560396012
moderate,low,high,True,syph,prevalence,2033,0.0006882243714001444
moderate,low,high,True,syph,prevalence,2034,0.0007337132772660686
moderate,low,high,True,syph,prevalence,2035,0.000494732337880581
moderate,low,high,True,syph,prevalence,2036,0.000471726304006784
moderate,low,high,True,syph,prevalence,2037,0.0006020813758494811
moderate,low,high,True,syph,prevalence,2038,0.000623550904944192
moderate,low,high,True,syph,prevalence,2039,0.0006104501569051772
moderate,low,high,True,syph,prevalence,2040,0.0006497995299322549
moderate,low,low,True,syph,prevalence,2027,0.0021451586788138717
moderate,low,low,True,syph,prevalence,2028,0.002068160117910909
moderate,low,low,True,syph,prevalence,2029,0.00230146758587616
moderate,low,low,True,syph,prevalence,2030,0.001510396476680384
moderate,low,low,True,syph,prevalence,2031,0.0010723996385569136
moderate,low,low,True,syph,prevalence,2032,0.0009551810328205708
moderate,low,low,True,syph,prevalence,2033,0.0010912908455393518
moderate,low,low,True,syph,prevalence,2034,0.001644725196269126
moderate,low,low,True,syph,prevalence,2035,0.001843386143766126
moderate,low,low,True,syph,prevalence,2036,0.0016677091618993068
moderate,low,low,True,syph,prevalence,2037,0.0015394498438251248
moderate,low,low,True,syph,prevalence,2038,0.001045289296446663
moderate,low,low,True,syph,prevalence,2039,0.000933054618995407
moderate,low,low,True,syph,prevalence,2040,0.001498079385403329
moderate,low,moderate,True,syph,prevalence,2027,0.0021284842421029435
moderate,low,moderate,True,syph,prevalence,2028,0.0017318202727984282
moderate,low,moderate,True,syph,prevalence,2029,0.0017794112670824456
moderate,low,moderate,True,syph,prevalence,2030,0.0008875362141003609
moderate,low,moderate,True,syph,prevalence,2031,0.0006948687953095094
moderate,low,moderate,True,syph,prevalence,2032,0.00046735938261013664
moderate,low,moderate,True,syph,prevalence,2033,0.00048507125853649484
moderate,low,moderate,True,syph,prevalence,2034,0.000906832639610819
moderate,low,moderate,True,syph,prevalence,2035,0.0010271163468796056
moderate,low,moderate,True,syph,prevalence,2036,0.0006371562262093219
moderate,low,moderate,True,syph,prevalence,2037,0.0003252017293947136
moderate,low,moderate,True,syph,prevalence,2038,0.0002200304863480607
moderate,low,moderate,True,syph,prevalence,2039,0.00014018101122944152
moderate,low,moderate,True,syph,prevalence,2040,5.355469272995046e-05
moderate,low,none,True,syph,prevalence,2027,0.002205974161410406
moderate,low,none,True,syph,prevalence,2028,0.0020198640934190955
moderate,low,none,True,syph,prevalence,2029,0.0022521155435384
moderate,low,none,True,syph,prevalence,2030,0.0013167920605659912
moderate,low,none,True,syph,prevalence,2031,0.000660990072785162
moderate,low,none,True,syph,prevalence,2032,0.0005592276356045517
moderate,low,none,True,syph,prevalence,2033,0.0008514725202467975
moderate,low,none,True,syph,prevalence,2034,0.0008962424829523129
moderate,low,none,True,syph,prevalence,2035,0.0006585225449074884
moderate,low,none,True,syph,prevalence,2036,0.0009146348824038808
moderate,low,none,True,syph,prevalence,2037,0.0012113670678034827
moderate,low,none,True,syph,prevalence,2038,0.0015332002828470073
moderate,low,none,True,syph,prevalence,2039,0.0016138708153702146
moderate,low,none,True,syph,prevalence,2040,0.0016645326504481435
moderate,moderate,high,True,syph,prevalence,2027,0.0020244127807190625
moderate,moderate,high,True,syph,prevalence,2028,0.001639820999692054
moderate,moderate,high,True,syph,prevalence,2029,0.001192121153305599
moderate,moderate,high,True,syph,prevalence,2030,0.0007530684322388807
moderate,moderate,high,True,syph,prevalence,2031,0.00036346489742854676
moderate,moderate,high,True,syph,prevalence,2032,0.0003931415125863282
moderate,moderate,high,True,syph,prevalence,2033,0.00080018451253048
moderate,moderate,high,True,syph,prevalence,2034,0.001084033756268793
moderate,moderate,high,True,syph,prevalence,2035,0.001104079053976146
moderate,moderate,high,True,syph,prevalence,2036,0.001090823037648163
moderate,moderate,high,True,syph,prevalence,2037,0.0010707504698773968
moderate,moderate,high,True,syph,prevalence,2038,0.0010528507421179128
moderate,moderate,high,True,syph,prevalence,2039,0.0006911225474808919
moderate,moderate,high,True,syph,prevalence,2040,0.0006426563127594055
moderate,moderate,low,True,syph,prevalence,2027,0.0020286175687401742
moderate,moderate,low,True,syph,prevalence,2028,0.00200126028828591
moderate,moderate,low,True,syph,prevalence,2029,0.0021996791381303196
moderate,moderate,low,True,syph,prevalence,2030,0.0016335923021520173
moderate,moderate,low,True,syph,prevalence,2031,0.0013132257138477282
moderate,moderate,low,True,syph,prevalence,2032,0.0014345686534398719
moderate,moderate,low,True,syph,prevalence,2033,0.001491119875548588
moderate,moderate,low,True,syph,prevalence,2034,0.0013783484749364013
moderate,moderate,low,True,syph,prevalence,2035,0.001258206603286307
moderate,moderate,low,True,syph,prevalence,2036,0.0011172050816366703
moderate,moderate,low,True,syph,prevalence,2037,0.0009904760112060388
moderate,moderate,low,True,syph,prevalence,2038,0.0006770980835856697
moderate,moderate,low,True,syph,prevalence,2039,0.0005083881994500404
moderate,moderate,low,True,syph,prevalence,2040,0.00048503654242448976
moderate,moderate,moderate,True,syph,prevalence,2027,0.002039666884650122
moderate,moderate,moderate,True,syph,prevalence,2028,0.001883843077607116
moderate,moderate,moderate,True,syph,prevalence,2029,0.001833323209470064
moderate,moderate,moderate,True,syph,prevalence,2030,0.0011937446730468358
moderate,moderate,moderate,True,syph,prevalence,2031,0.0011579805591741075
moderate,moderate,moderate,True,syph,prevalence,2032,0.0015109674441938518
moderate,moderate,moderate,True,syph,prevalence,2033,0.0013311061002715425
moderate,moderate,moderate,True,syph,prevalence,2034,0.001104938124030751
moderate,moderate,moderate,True,syph,prevalence,2035,0.0009908200518358881
moderate,moderate,moderate,True,syph,prevalence,2036,0.0006211133604878128
moderate,moderate,moderate,True,syph,prevalence,2037,0.0009030754999930684
moderate,moderate,moderate,True,syph,prevalence,2038,0.0011845772894532361
moderate,moderate,moderate,True,syph,prevalence,2039,0.001228405736809878
moderate,moderate,moderate,True,syph,prevalence,2040,0.0011751693626434398
moderate,moderate,none,True,syph,prevalence,2027,0.002081088937752833
moderate,moderate,none,True,syph,prevalence,2028,0.0018804073836278014
moderate,moderate,none,True,syph,prevalence,2029,0.0016808987557273062
moderate,moderate,none,True,syph,prevalence,2030,0.0012121548919788428
moderate,moderate,none,True,syph,prevalence,2031,0.0011301518377455307
moderate,moderate,none,True,syph,prevalence,2032,0.0011587489271312256
moderate,moderate,none,True,syph,prevalence,2033,0.001917427364304472
moderate,moderate,none,True,syph,prevalence,2034,0.0025846602744355953
moderate,moderate,none,True,syph,prevalence,2035,0.0022109564037824008
moderate,moderate,none,True,syph,prevalence,2036,0.0013969181807286341
moderate,moderate,none,True,syph,prevalence,2037,0.000901733628282138
moderate,moderate,none,True,syph,prevalence,2038,0.0009423556165280222
moderate,moderate,none,True,syph,prevalence,2039,0.0010313563245224807
moderate,moderate,none,True,syph,prevalence,2040,0.0011475183188165354
baseline,baseline,high,True,syph,new_inf,2027,26796.0
baseline,baseline,high,True,syph,new_inf,2028,32886.0
baseline,baseline,high,True,syph,new_inf,2029,21054.0
baseline,baseline,high,True,syph,new_inf,2030,35496.0
baseline,baseline,high,True,syph,new_inf,2031,33234.0
baseline,baseline,high,True,syph,new_inf,2032,24012.0
baseline,baseline,high,True,syph,new_inf,2033,19662.0
baseline,baseline,high,True,syph,new_inf,2034,26622.0
baseline,baseline,high,True,syph,new_inf,2035,24012.0
baseline,baseline,high,True,syph,new_inf,2036,24360.0
baseline,baseline,high,True,syph,new_inf,2037,36018.0
baseline,baseline,high,True,syph,new_inf,2038,32190.0
baseline,baseline,high,True,syph,new_inf,2039,25404.0
baseline,baseline,high,True,syph,new_inf,2040,1392.0
baseline,baseline,low,True,syph,new_inf,2027,32190.0
baseline,baseline,low,True,syph,new_inf,2028,31320.0
baseline,baseline,low,True,syph,new_inf,2029,32190.0
baseline,baseline,low,True,syph,new_inf,2030,37236.0
baseline,baseline,low,True,syph,new_inf,2031,36192.0
baseline,baseline,low,True,syph,new_inf,2032,27840.0
baseline,baseline,low,True,syph,new_inf,2033,16182.0
baseline,baseline,low,True,syph,new_inf,2034,24882.0
baseline,baseline,low,True,syph,new_inf,2035,30798.0
baseline,baseline,low,True,syph,new_inf,2036,32712.0
baseline,baseline,low,True,syph,new_inf,2037,25230.0
baseline,baseline,low,True,syph,new_inf,2038,37758.0
baseline,baseline,low,True,syph,new_inf,2039,34104.0
baseline,baseline,low,True,syph,new_inf,2040,4002.0
baseline,baseline,moderate,True,syph,new_inf,2027,27492.0
baseline,baseline,moderate,True,syph,new_inf,2028,29406.0
baseline,baseline,moderate,True,syph,new_inf,2029,20184.0
baseline,baseline,moderate,True,syph,new_inf,2030,29232.0
baseline,baseline,moderate,True,syph,new_inf,2031,25752.0
baseline,baseline,moderate,True,syph,new_inf,2032,22098.0
baseline,baseline,moderate,True,syph,new_inf,2033,14964.0
baseline,baseline,moderate,True,syph,new_inf,2034,30798.0
baseline,baseline,moderate,True,syph,new_inf,2035,37236.0
baseline,baseline,moderate,True,syph,new_inf,2036,46632.0
baseline,baseline,moderate,True,syph,new_inf,2037,31842.0
baseline,baseline,moderate,True,syph,new_inf,2038,36888.0
baseline,baseline,moderate,True,syph,new_inf,2039,39150.0
baseline,baseline,moderate,True,syph,new_inf,2040,4176.0
baseline,baseline,none,False,syph,new_inf,2027,39672.0
baseline,baseline,none,False,syph,new_inf,2028,38454.0
baseline,baseline,none,False,syph,new_inf,2029,38454.0
baseline,baseline,none,False,syph,new_inf,2030,33756.0
baseline,baseline,none,False,syph,new_inf,2031,41238.0
baseline,baseline,none,False,syph,new_inf,2032,35844.0
baseline,baseline,none,False,syph,new_inf,2033,34452.0
baseline,baseline,none,False,syph,new_inf,2034,33408.0
baseline,baseline,none,False,syph,new_inf,2035,30276.0
baseline,baseline,none,False,syph,new_inf,2036,38454.0
baseline,baseline,none,False,syph,new_inf,2037,48198.0
baseline,baseline,none,False,syph,new_inf,2038,43326.0
baseline,baseline,none,False,syph,new_inf,2039,36018.0
baseline,baseline,none,False,syph,new_inf,2040,2610.0
baseline,baseline,none,True,syph,new_inf,2027,37932.0
baseline,baseline,none,True,syph,new_inf,2028,42282.0
baseline,baseline,none,True,syph,new_inf,2029,29406.0
baseline,baseline,none,True,syph,new_inf,2030,32364.0
baseline,baseline,none,True,syph,new_inf,2031,41238.0
baseline,baseline,none,True,syph,new_inf,2032,33234.0
baseline,baseline,none,True,syph,new_inf,2033,21750.0
baseline,baseline,none,True,syph,new_inf,2034,29058.0
baseline,baseline,none,True,syph,new_inf,2035,26796.0
baseline,baseline,none,True,syph,new_inf,2036,50286.0
baseline,baseline,none,True,syph,new_inf,2037,48720.0
baseline,baseline,none,True,syph,new_inf,2038,46458.0
baseline,baseline,none,True,syph,new_inf,2039,36192.0
baseline,baseline,none,True,syph,new_inf,2040,2784.0
baseline,high,high,True,syph,new_inf,2027,29754.0
baseline,high,high,True,syph,new_inf,2028,31842.0
baseline,high,high,True,syph,new_inf,2029,22620.0
baseline,high,high,True,syph,new_inf,2030,18792.0
baseline,high,high,True,syph,new_inf,2031,23316.0
baseline,high,high,True,syph,new_inf,2032,26448.0
baseline,high,high,True,syph,new_inf,2033,36018.0
baseline,high,high,True,syph,new_inf,2034,24012.0
baseline,high,high,True,syph,new_inf,2035,5394.0
baseline,high,high,True,syph,new_inf,2036,5394.0
baseline,high,high,True,syph,new_inf,2037,19836.0
baseline,high,high,True,syph,new_inf,2038,38106.0
baseline,high,high,True,syph,new_inf,2039,45588.0
baseline,high,high,True,syph,new_inf,2040,3828.0
baseline,high,low,True,syph,new_inf,2027,32016.0
baseline,high,low,True,syph,new_inf,2028,39846.0
baseline,high,low,True,syph,new_inf,2029,47502.0
baseline,high,low,True,syph,new_inf,2030,35496.0
baseline,high,low,True,syph,new_inf,2031,46980.0
baseline,high,low,True,syph,new_inf,2032,36540.0
baseline,high,low,True,syph,new_inf,2033,38802.0
baseline,high,low,True,syph,new_inf,2034,55158.0
baseline,high,low,True,syph,new_inf,2035,55680.0
baseline,high,low,True,syph,new_inf,2036,41064.0
baseline,high,low,True,syph,new_inf,2037,38628.0
baseline,high,low,True,syph,new_inf,2038,45414.0
baseline,high,low,True,syph,new_inf,2039,54114.0
baseline,high,low,True,syph,new_inf,2040,5568.0
baseline,high,moderate,True,syph,new_inf,2027,30798.0
baseline,high,moderate,True,syph,new_inf,2028,32538.0
baseline,high,moderate,True,syph,new_inf,2029,19662.0
baseline,high,moderate,True,syph,new_inf,2030,19662.0
baseline,high,moderate,True,syph,new_inf,2031,48372.0
baseline,high,moderate,True,syph,new_inf,2032,35844.0
baseline,high,moderate,True,syph,new_inf,2033,25926.0
baseline,high,moderate,True,syph,new_inf,2034,53766.0
baseline,high,moderate,True,syph,new_inf,2035,36018.0
baseline,high,moderate,True,syph,new_inf,2036,21402.0
baseline,high,moderate,True,syph,new_inf,2037,23664.0
baseline,high,moderate,True,syph,new_inf,2038,18966.0
baseline,high,moderate,True,syph,new_inf,2039,10092.0
baseline,high,moderate,True,syph,new_inf,2040,1218.0
baseline,high,none,True,syph,new_inf,2027,37062.0
baseline,high,none,True,syph,new_inf,2028,42456.0
baseline,high,none,True,syph,new_inf,2029,26970.0
baseline,high,none,True,syph,new_inf,2030,34800.0
baseline,high,none,True,syph,new_inf,2031,54114.0
baseline,high,none,True,syph,new_inf,2032,56550.0
baseline,high,none,True,syph,new_inf,2033,47328.0
baseline,high,none,True,syph,new_inf,2034,67338.0
baseline,high,none,True,syph,new_inf,2035,57594.0
baseline,high,none,True,syph,new_inf,2036,58464.0
baseline,high,none,True,syph,new_inf,2037,64902.0
baseline,high,none,True,syph,new_inf,2038,75342.0
baseline,high,none,True,syph,new_inf,2039,82998.0
baseline,high,none,True,syph,new_inf,2040,6786.0
baseline,low,high,True,syph,new_inf,2027,29580.0
baseline,low,high,True,syph,new_inf,2028,27492.0
baseline,low,high,True,syph,new_inf,2029,25230.0
baseline,low,high,True,syph,new_inf,2030,30276.0
baseline,low,high,True,syph,new_inf,2031,41064.0
baseline,low,high,True,syph,new_inf,2032,31320.0
baseline,low,high,True,syph,new_inf,2033,19836.0
baseline,low,high,True,syph,new_inf,2034,34974.0
baseline,low,high,True,syph,new_inf,2035,24534.0
baseline,low,high,True,syph,new_inf,2036,27840.0
baseline,low,high,True,syph,new_inf,2037,37236.0
baseline,low,high,True,syph,new_inf,2038,34800.0
baseline,low,high,True,syph,new_inf,2039,40020.0
baseline,low,high,True,syph,new_inf,2040,4002.0
baseline,low,low,True,syph,new_inf,2027,34452.0
baseline,low,low,True,syph,new_inf,2028,31842.0
baseline,low,low,True,syph,new_inf,2029,35670.0
baseline,low,low,True,syph,new_inf,2030,37062.0
baseline,low,low,True,syph,new_inf,2031,41586.0
baseline,low,low,True,syph,new_inf,2032,37236.0
baseline,low,low,True,syph,new_inf,2033,21054.0
baseline,low,low,True,syph,new_inf,2034,31146.0
baseline,low,low,True,syph,new_inf,2035,35322.0
baseline,low,low,True,syph,new_inf,2036,22272.0
baseline,low,low,True,syph,new_inf,2037,27840.0
baseline,low,low,True,syph,new_inf,2038,40542.0
baseline,low,low,True,syph,new_inf,2039,36888.0
baseline,low,low,True,syph,new_inf,2040,4002.0
baseline,low,moderate,True,syph,new_inf,2027,30798.0
baseline,low,moderate,True,syph,new_inf,2028,29232.0
baseline,low,moderate,True,syph,new_inf,2029,20184.0
baseline,low,moderate,True,syph,new_inf,2030,22620.0
baseline,low,moderate,True,syph,new_inf,2031,33582.0
baseline,low,moderate,True,syph,new_inf,2032,36192.0
baseline,low,moderate,True,syph,new_inf,2033,28536.0
baseline,low,moderate,True,syph,new_inf,2034,37932.0
baseline,low,moderate,True,syph,new_inf,2035,42282.0
baseline,low,moderate,True,syph,new_inf,2036,39846.0
baseline,low,moderate,True,syph,new_inf,2037,37236.0
baseline,low,moderate,True,syph,new_inf,2038,43326.0
baseline,low,moderate,True,syph,new_inf,2039,45066.0
baseline,low,moderate,True,syph,new_inf,2040,5046.0
baseline,low,none,True,syph,new_inf,2027,38280.0
baseline,low,none,True,syph,new_inf,2028,40368.0
baseline,low,none,True,syph,new_inf,2029,36540.0
baseline,low,none,True,syph,new_inf,2030,42108.0
baseline,low,none,True,syph,new_inf,2031,46806.0
baseline,low,none,True,syph,new_inf,2032,34800.0
baseline,low,none,True,syph,new_inf,2033,29232.0
baseline,low,none,True,syph,new_inf,2034,39150.0
baseline,low,none,True,syph,new_inf,2035,44718.0
baseline,low,none,True,syph,new_inf,2036,54462.0
baseline,low,none,True,syph,new_inf,2037,55332.0
baseline,low,none,True,syph,new_inf,2038,53070.0
baseline,low,none,True,syph,new_inf,2039,51678.0
baseline,low,none,True,syph,new_inf,2040,4698.0
baseline,moderate,high,True,syph,new_inf,2027,29580.0
baseline,moderate,high,True,syph,new_inf,2028,25230.0
baseline,moderate,high,True,syph,new_inf,2029,20706.0
baseline,moderate,high,True,syph,new_inf,2030,28188.0
baseline,moderate,high,True,syph,new_inf,2031,36540.0
baseline,moderate,high,True,syph,new_inf,2032,28710.0
baseline,moderate,high,True,syph,new_inf,2033,39498.0
baseline,moderate,high,True,syph,new_inf,2034,44196.0
baseline,moderate,high,True,syph,new_inf,2035,40368.0
baseline,moderate,high,True,syph,new_inf,2036,47502.0
baseline,moderate,high,True,syph,new_inf,2037,41760.0
baseline,moderate,high,True,syph,new_inf,2038,49068.0
baseline,moderate,high,True,syph,new_inf,2039,44892.0
baseline,moderate,high,True,syph,new_inf,2040,3132.0
baseline,moderate,low,True,syph,new_inf,2027,36018.0
baseline,moderate,low,True,syph,new_inf,2028,38106.0
baseline,moderate,low,True,syph,new_inf,2029,28536.0
baseline,moderate,low,True,syph,new_inf,2030,28362.0
baseline,moderate,low,True,syph,new_inf,2031,44544.0
baseline,moderate,low,True,syph,new_inf,2032,31668.0
baseline,moderate,low,True,syph,new_inf,2033,26622.0
baseline,moderate,low,True,syph,new_inf,2034,40890.0
baseline,moderate,low,True,syph,new_inf,2035,33930.0
baseline,moderate,low,True,syph,new_inf,2036,37062.0
baseline,moderate,low,True,syph,new_inf,2037,64206.0
baseline,moderate,low,True,syph,new_inf,2038,69426.0
baseline,moderate,low,True,syph,new_inf,2039,62640.0
baseline,moderate,low,True,syph,new_inf,2040,4002.0
baseline,moderate,moderate,True,syph,new_inf,2027,33408.0
baseline,moderate,moderate,True,syph,new_inf,2028,33930.0
baseline,moderate,moderate,True,syph,new_inf,2029,25056.0
baseline,moderate,moderate,True,syph,new_inf,2030,19140.0
baseline,moderate,moderate,True,syph,new_inf,2031,31320.0
baseline,moderate,moderate,True,syph,new_inf,2032,28884.0
baseline,moderate,moderate,True,syph,new_inf,2033,25056.0
baseline,moderate,moderate,True,syph,new_inf,2034,32016.0
baseline,moderate,moderate,True,syph,new_inf,2035,44022.0
baseline,moderate,moderate,True,syph,new_inf,2036,35148.0
baseline,moderate,moderate,True,syph,new_inf,2037,45588.0
baseline,moderate,moderate,True,syph,new_inf,2038,46284.0
baseline,moderate,moderate,True,syph,new_inf,2039,50286.0
baseline,moderate,moderate,True,syph,new_inf,2040,3828.0
baseline,moderate,none,True,syph,new_inf,2027,38802.0
baseline,moderate,none,True,syph,new_inf,2028,49242.0
baseline,moderate,none,True,syph,new_inf,2029,45588.0
baseline,moderate,none,True,syph,new_inf,2030,40368.0
baseline,moderate,none,True,syph,new_inf,2031,51678.0
baseline,moderate,none,True,syph,new_inf,2032,47502.0
baseline,moderate,none,True,syph,new_inf,2033,42978.0
baseline,moderate,none,True,syph,new_inf,2034,40368.0
baseline,moderate,none,True,syph,new_inf,2035,51156.0
baseline,moderate,none,True,syph,new_inf,2036,42456.0
baseline,moderate,none,True,syph,new_inf,2037,57768.0
baseline,moderate,none,True,syph,new_inf,2038,69774.0
baseline,moderate,none,True,syph,new_inf,2039,62292.0
baseline,moderate,none,True,syph,new_inf,2040,6264.0
high,baseline,high,True,syph,new_inf,2027,14268.0
high,baseline,high,True,syph,new_inf,2028,15312.0
high,baseline,high,True,syph,new_inf,2029,3306.0
high,baseline,high,True,syph,new_inf,2030,522.0
high,baseline,high,True,syph,new_inf,2031,0.0
high,baseline,high,True,syph,new_inf,2032,0.0
high,baseline,high,True,syph,new_inf,2033,0.0
high,baseline,high,True,syph,new_inf,2034,0.0
high,baseline,high,True,syph,new_inf,2035,0.0
high,baseline,high,True,syph,new_inf,2036,0.0
high,baseline,high,True,syph,new_inf,2037,0.0
high,baseline,high,True,syph,new_inf,2038,0.0
high,baseline,high,True,syph,new_inf,2039,0.0
high,baseline,high,True,syph,new_inf,2040,0.0
high,baseline,low,True,syph,new_inf,2027,15660.0
high,baseline,low,True,syph,new_inf,2028,14790.0
high,baseline,low,True,syph,new_inf,2029,10614.0
high,baseline,low,True,syph,new_inf,2030,6264.0
high,baseline,low,True,syph,new_inf,2031,4698.0
high,baseline,low,True,syph,new_inf,2032,8352.0
high,baseline,low,True,syph,new_inf,2033,5220.0
high,baseline,low,True,syph,new_inf,2034,2262.0
high,baseline,low,True,syph,new_inf,2035,522.0
high,baseline,low,True,syph,new_inf,2036,174.0
high,baseline,low,True,syph,new_inf,2037,0.0
high,baseline,low,True,syph,new_inf,2038,0.0
high,baseline,low,True,syph,new_inf,2039,0.0
high,baseline,low,True,syph,new_inf,2040,0.0
high,baseline,moderate,True,syph,new_inf,2027,15138.0
high,baseline,moderate,True,syph,new_inf,2028,15486.0
high,baseline,moderate,True,syph,new_inf,2029,7308.0
high,baseline,moderate,True,syph,new_inf,2030,5742.0
high,baseline,moderate,True,syph,new_inf,2031,4698.0
high,baseline,moderate,True,syph,new_inf,2032,1914.0
high,baseline,moderate,True,syph,new_inf,2033,174.0
high,baseline,moderate,True,syph,new_inf,2034,0.0
high,baseline,moderate,True,syph,new_inf,2035,0.0
high,baseline,moderate,True,syph,new_inf,2036,0.0
high,baseline,moderate,True,syph,new_inf,2037,0.0
high,baseline,moderate,True,syph,new_inf,2038,0.0
high,baseline,moderate,True,syph,new_inf,2039,0.0
high,baseline,moderate,True,syph,new_inf,2040,0.0
high,baseline,none,True,syph,new_inf,2027,19836.0
high,baseline,none,True,syph,new_inf,2028,31842.0
high,baseline,none,True,syph,new_inf,2029,22620.0
high,baseline,none,True,syph,new_inf,2030,27666.0
high,baseline,none,True,syph,new_inf,2031,19314.0
high,baseline,none,True,syph,new_inf,2032,18096.0
high,baseline,none,True,syph,new_inf,2033,19488.0
high,baseline,none,True,syph,new_inf,2034,29754.0
high,baseline,none,True,syph,new_inf,2035,21576.0
high,baseline,none,True,syph,new_inf,2036,20706.0
high,baseline,none,True,syph,new_inf,2037,17574.0
high,baseline,none,True,syph,new_inf,2038,18096.0
high,baseline,none,True,syph,new_inf,2039,21228.0
high,baseline,none,True,syph,new_inf,2040,1740.0
high,high,high,True,syph,new_inf,2027,13050.0
high,high,high,True,syph,new_inf,2028,11658.0
high,high,high,True,syph,new_inf,2029,7830.0
high,high,high,True,syph,new_inf,2030,4698.0
high,high,high,True,syph,new_inf,2031,174.0
high,high,high,True,syph,new_inf,2032,0.0
high,high,high,True,syph,new_inf,2033,0.0
high,high,high,True,syph,new_inf,2034,0.0
high,high,high,True,syph,new_inf,2035,0.0
high,high,high,True,syph,new_inf,2036,0.0
high,high,high,True,syph,new_inf,2037,0.0
high,high,high,True,syph,new_inf,2038,0.0
high,high,high,True,syph,new_inf,2039,0.0
high,high,high,True,syph,new_inf,2040,0.0
high,high,low,True,syph,new_inf,2027,17052.0
high,high,low,True,syph,new_inf,2028,20532.0
high,high,low,True,syph,new_inf,2029,9048.0
high,high,low,True,syph,new_inf,2030,10092.0
high,high,low,True,syph,new_inf,2031,16530.0
high,high,low,True,syph,new_inf,2032,11136.0
high,high,low,True,syph,new_inf,2033,8004.0
high,high,low,True,syph,new_inf,2034,14268.0
high,high,low,True,syph,new_inf,2035,25056.0
high,high,low,True,syph,new_inf,2036,16356.0
high,high,low,True,syph,new_inf,2037,18096.0
high,high,low,True,syph,new_inf,2038,12702.0
high,high,low,True,syph,new_inf,2039,4176.0
high,high,low,True,syph,new_inf,2040,0.0
high,high,moderate,True,syph,new_inf,2027,13050.0
high,high,moderate,True,syph,new_inf,2028,5568.0
high,high,moderate,True,syph,new_inf,2029,3654.0
high,high,moderate,True,syph,new_inf,2030,4872.0
high,high,moderate,True,syph,new_inf,2031,5916.0
high,high,moderate,True,syph,new_inf,2032,2610.0
high,high,moderate,True,syph,new_inf,2033,0.0
high,high,moderate,True,syph,new_inf,2034,0.0
high,high,moderate,True,syph,new_inf,2035,0.0
high,high,moderate,True,syph,new_inf,2036,0.0
high,high,moderate,True,syph,new_inf,2037,0.0
high,high,moderate,True,syph,new_inf,2038,0.0
high,high,moderate,True,syph,new_inf,2039,0.0
high,high,moderate,True,syph,new_inf,2040,0.0
high,high,none,True,syph,new_inf,2027,18618.0
high,high,none,True,syph,new_inf,2028,22620.0
high,high,none,True,syph,new_inf,2029,12876.0
high,high,none,True,syph,new_inf,2030,6960.0
high,high,none,True,syph,new_inf,2031,522.0
high,high,none,True,syph,new_inf,2032,4698.0
high,high,none,True,syph,new_inf,2033,6612.0
high,high,none,True,syph,new_inf,2034,6612.0
high,high,none,True,syph,new_inf,2035,13398.0
high,high,none,True,syph,new_inf,2036,17052.0
high,high,none,True,syph,new_inf,2037,17922.0
high,high,none,True,syph,new_inf,2038,13224.0
high,high,none,True,syph,new_inf,2039,8526.0
high,high,none,True,syph,new_inf,2040,696.0
high,low,high,True,syph,new_inf,2027,13746.0
high,low,high,True,syph,new_inf,2028,8700.0
high,low,high,True,syph,new_inf,2029,5568.0
high,low,high,True,syph,new_inf,2030,1044.0
high,low,high,True,syph,new_inf,2031,0.0
high,low,high,True,syph,new_inf,2032,0.0
high,low,high,True,syph,new_inf,2033,0.0
high,low,high,True,syph,new_inf,2034,0.0
high,low,high,True,syph,new_inf,2035,0.0
high,low,high,True,syph,new_inf,2036,0.0
high,low,high,True,syph,new_inf,2037,0.0
high,low,high,True,syph,new_inf,2038,0.0
high,low,high,True,syph,new_inf,2039,0.0
high,low,high,True,syph,new_inf,2040,0.0
high,low,low,True,syph,new_inf,2027,16182.0
high,low,low,True,syph,new_inf,2028,15660.0
high,low,low,True,syph,new_inf,2029,9396.0
high,low,low,True,syph,new_inf,2030,5220.0
high,low,low,True,syph,new_inf,2031,5046.0
high,low,low,True,syph,new_inf,2032,3828.0
high,low,low,True,syph,new_inf,2033,5394.0
high,low,low,True,syph,new_inf,2034,6264.0
high,low,low,True,syph,new_inf,2035,3306.0
high,low,low,True,syph,new_inf,2036,522.0
high,low,low,True,syph,new_inf,2037,0.0
high,low,low,True,syph,new_inf,2038,0.0
high,low,low,True,syph,new_inf,2039,0.0
high,low,low,True,syph,new_inf,2040,0.0
high,low,moderate,True,syph,new_inf,2027,14442.0
high,low,moderate,True,syph,new_inf,2028,9396.0
high,low,moderate,True,syph,new_inf,2029,10962.0
high,low,moderate,True,syph,new_inf,2030,9918.0
high,low,moderate,True,syph,new_inf,2031,6960.0
high,low,moderate,True,syph,new_inf,2032,3828.0
high,low,moderate,True,syph,new_inf,2033,3654.0
high,low,moderate,True,syph,new_inf,2034,1392.0
high,low,moderate,True,syph,new_inf,2035,0.0
high,low,moderate,True,syph,new_inf,2036,0.0
high,low,moderate,True,syph,new_inf,2037,0.0
high,low,moderate,True,syph,new_inf,2038,0.0
high,low,moderate,True,syph,new_inf,2039,0.0
high,low,moderate,True,syph,new_inf,2040,0.0
high,low,none,True,syph,new_inf,2027,17400.0
high,low,none,True,syph,new_inf,2028,35322.0
high,low,none,True,syph,new_inf,2029,16530.0
high,low,none,True,syph,new_inf,2030,16182.0
high,low,none,True,syph,new_inf,2031,12180.0
high,low,none,True,syph,new_inf,2032,9918.0
high,low,none,True,syph,new_inf,2033,12180.0
high,low,none,True,syph,new_inf,2034,18444.0
high,low,none,True,syph,new_inf,2035,27492.0
high,low,none,True,syph,new_inf,2036,23142.0
high,low,none,True,syph,new_inf,2037,16356.0
high,low,none,True,syph,new_inf,2038,15834.0
high,low,none,True,syph,new_inf,2039,18444.0
high,low,none,True,syph,new_inf,2040,3654.0
high,moderate,high,True,syph,new_inf,2027,13398.0
high,moderate,high,True,syph,new_inf,2028,12180.0
high,moderate,high,True,syph,new_inf,2029,4872.0
high,moderate,high,True,syph,new_inf,2030,4524.0
high,moderate,high,True,syph,new_inf,2031,9222.0
high,moderate,high,True,syph,new_inf,2032,7656.0
high,moderate,high,True,syph,new_inf,2033,2088.0
high,moderate,high,True,syph,new_inf,2034,0.0
high,moderate,high,True,syph,new_inf,2035,0.0
high,moderate,high,True,syph,new_inf,2036,0.0
high,moderate,high,True,syph,new_inf,2037,0.0
high,moderate,high,True,syph,new_inf,2038,0.0
high,moderate,high,True,syph,new_inf,2039,0.0
high,moderate,high,True,syph,new_inf,2040,0.0
high,moderate,low,True,syph,new_inf,2027,16008.0
high,moderate,low,True,syph,new_inf,2028,21576.0
high,moderate,low,True,syph,new_inf,2029,5394.0
high,moderate,low,True,syph,new_inf,2030,9918.0
high,moderate,low,True,syph,new_inf,2031,21576.0
high,moderate,low,True,syph,new_inf,2032,8178.0
high,moderate,low,True,syph,new_inf,2033,348.0
high,moderate,low,True,syph,new_inf,2034,0.0
high,moderate,low,True,syph,new_inf,2035,0.0
high,moderate,low,True,syph,new_inf,2036,0.0
high,moderate,low,True,syph,new_inf,2037,0.0
high,moderate,low,True,syph,new_inf,2038,0.0
high,moderate,low,True,syph,new_inf,2039,0.0
high,moderate,low,True,syph,new_inf,2040,0.0
high,moderate,moderate,True,syph,new_inf,2027,13050.0
high,moderate,moderate,True,syph,new_inf,2028,8352.0
high,moderate,moderate,True,syph,new_inf,2029,7482.0
high,moderate,moderate,True,syph,new_inf,2030,6960.0
high,moderate,moderate,True,syph,new_inf,2031,4872.0
high,moderate,moderate,True,syph,new_inf,2032,2958.0
high,moderate,moderate,True,syph,new_inf,2033,522.0
high,moderate,moderate,True,syph,new_inf,2034,0.0
high,moderate,moderate,True,syph,new_inf,2035,0.0
high,moderate,moderate,True,syph,new_inf,2036,0.0
high,moderate,moderate,True,syph,new_inf,2037,0.0
high,moderate,moderate,True,syph,new_inf,2038,0.0
high,moderate,moderate,True,syph,new_inf,2039,0.0
high,moderate,moderate,True,syph,new_inf,2040,0.0
high,moderate,none,True,syph,new_inf,2027,19836.0
high,moderate,none,True,syph,new_inf,2028,36540.0
high,moderate,none,True,syph,new_inf,2029,18096.0
high,moderate,none,True,syph,new_inf,2030,12702.0
high,moderate,none,True,syph,new_inf,2031,8874.0
high,moderate,none,True,syph,new_inf,2032,5742.0
high,moderate,none,True,syph,new_inf,2033,3132.0
high,moderate,none,True,syph,new_inf,2034,1566.0
high,moderate,none,True,syph,new_inf,2035,696.0
high,moderate,none,True,syph,new_inf,2036,0.0
high,moderate,none,True,syph,new_inf,2037,0.0
high,moderate,none,True,syph,new_inf,2038,0.0
high,moderate,none,True,syph,new_inf,2039,0.0
high,moderate,none,True,syph,new_inf,2040,0.0
low,baseline,high,True,syph,new_inf,2027,23838.0
low,baseline,high,True,syph,new_inf,2028,18444.0
low,baseline,high,True,syph,new_inf,2029,12354.0
low,baseline,high,True,syph,new_inf,2030,9744.0
low,baseline,high,True,syph,new_inf,2031,7830.0
low,baseline,high,True,syph,new_inf,2032,4002.0
low,baseline,high,True,syph,new_inf,2033,522.0
low,baseline,high,True,syph,new_inf,2034,0.0
low,baseline,high,True,syph,new_inf,2035,0.0
low,baseline,high,True,syph,new_inf,2036,0.0
low,baseline,high,True,syph,new_inf,2037,0.0
low,baseline,high,True,syph,new_inf,2038,0.0
low,baseline,high,True,syph,new_inf,2039,0.0
low,baseline,high,True,syph,new_inf,2040,0.0
low,baseline,low,True,syph,new_inf,2027,24882.0
low,baseline,low,True,syph,new_inf,2028,30624.0
low,baseline,low,True,syph,new_inf,2029,21402.0
low,baseline,low,True,syph,new_inf,2030,15138.0
low,baseline,low,True,syph,new_inf,2031,19314.0
low,baseline,low,True,syph,new_inf,2032,20706.0
low,baseline,low,True,syph,new_inf,2033,34452.0
low,baseline,low,True,syph,new_inf,2034,35322.0
low,baseline,low,True,syph,new_inf,2035,27666.0
low,baseline,low,True,syph,new_inf,2036,34626.0
low,baseline,low,True,syph,new_inf,2037,39846.0
low,baseline,low,True,syph,new_inf,2038,42978.0
low,baseline,low,True,syph,new_inf,2039,31842.0
low,baseline,low,True,syph,new_inf,2040,1914.0
low,baseline,moderate,True,syph,new_inf,2027,24186.0
low,baseline,moderate,True,syph,new_inf,2028,26100.0
low,baseline,moderate,True,syph,new_inf,2029,16704.0
low,baseline,moderate,True,syph,new_inf,2030,11832.0
low,baseline,moderate,True,syph,new_inf,2031,35322.0
low,baseline,moderate,True,syph,new_inf,2032,30276.0
low,baseline,moderate,True,syph,new_inf,2033,26100.0
low,baseline,moderate,True,syph,new_inf,2034,34452.0
low,baseline,moderate,True,syph,new_inf,2035,29928.0
low,baseline,moderate,True,syph,new_inf,2036,35148.0
low,baseline,moderate,True,syph,new_inf,2037,27840.0
low,baseline,moderate,True,syph,new_inf,2038,21228.0
low,baseline,moderate,True,syph,new_inf,2039,29058.0
low,baseline,moderate,True,syph,new_inf,2040,2610.0
low,baseline,none,True,syph,new_inf,2027,28710.0
low,baseline,none,True,syph,new_inf,2028,31668.0
low,baseline,none,True,syph,new_inf,2029,32364.0
low,baseline,none,True,syph,new_inf,2030,36192.0
low,baseline,none,True,syph,new_inf,2031,49590.0
low,baseline,none,True,syph,new_inf,2032,28362.0
low,baseline,none,True,syph,new_inf,2033,28188.0
low,baseline,none,True,syph,new_inf,2034,37584.0
low,baseline,none,True,syph,new_inf,2035,30798.0
low,baseline,none,True,syph,new_inf,2036,28362.0
low,baseline,none,True,syph,new_inf,2037,33060.0
low,baseline,none,True,syph,new_inf,2038,25752.0
low,baseline,none,True,syph,new_inf,2039,36888.0
low,baseline,none,True,syph,new_inf,2040,3654.0
low,high,high,True,syph,new_inf,2027,22968.0
low,high,high,True,syph,new_inf,2028,21402.0
low,high,high,True,syph,new_inf,2029,22620.0
low,high,high,True,syph,new_inf,2030,24012.0
low,high,high,True,syph,new_inf,2031,26448.0
low,high,high,True,syph,new_inf,2032,36366.0
low,high,high,True,syph,new_inf,2033,31494.0
low,high,high,True,syph,new_inf,2034,32016.0
low,high,high,True,syph,new_inf,2035,32886.0
low,high,high,True,syph,new_inf,2036,24882.0
low,high,high,True,syph,new_inf,2037,26970.0
low,high,high,True,syph,new_inf,2038,27666.0
low,high,high,True,syph,new_inf,2039,29058.0
low,high,high,True,syph,new_inf,2040,1566.0
low,high,low,True,syph,new_inf,2027,25056.0
low,high,low,True,syph,new_inf,2028,29406.0
low,high,low,True,syph,new_inf,2029,19314.0
low,high,low,True,syph,new_inf,2030,12876.0
low,high,low,True,syph,new_inf,2031,22794.0
low,high,low,True,syph,new_inf,2032,35322.0
low,high,low,True,syph,new_inf,2033,32190.0
low,high,low,True,syph,new_inf,2034,25926.0
low,high,low,True,syph,new_inf,2035,28014.0
low,high,low,True,syph,new_inf,2036,23142.0
low,high,low,True,syph,new_inf,2037,16530.0
low,high,low,True,syph,new_inf,2038,26100.0
low,high,low,True,syph,new_inf,2039,30972.0
low,high,low,True,syph,new_inf,2040,3132.0
low,high,moderate,True,syph,new_inf,2027,24534.0
low,high,moderate,True,syph,new_inf,2028,25752.0
low,high,moderate,True,syph,new_inf,2029,21054.0
low,high,moderate,True,syph,new_inf,2030,24708.0
low,high,moderate,True,syph,new_inf,2031,19836.0
low,high,moderate,True,syph,new_inf,2032,29580.0
low,high,moderate,True,syph,new_inf,2033,24534.0
low,high,moderate,True,syph,new_inf,2034,22446.0
low,high,moderate,True,syph,new_inf,2035,15834.0
low,high,moderate,True,syph,new_inf,2036,10962.0
low,high,moderate,True,syph,new_inf,2037,15834.0
low,high,moderate,True,syph,new_inf,2038,24534.0
low,high,moderate,True,syph,new_inf,2039,36018.0
low,high,moderate,True,syph,new_inf,2040,2088.0
low,high,none,True,syph,new_inf,2027,25230.0
low,high,none,True,syph,new_inf,2028,38802.0
low,high,none,True,syph,new_inf,2029,29058.0
low,high,none,True,syph,new_inf,2030,19662.0
low,high,none,True,syph,new_inf,2031,32712.0
low,high,none,True,syph,new_inf,2032,34626.0
low,high,none,True,syph,new_inf,2033,43500.0
low,high,none,True,syph,new_inf,2034,29406.0
low,high,none,True,syph,new_inf,2035,32190.0
low,high,none,True,syph,new_inf,2036,36540.0
low,high,none,True,syph,new_inf,2037,44544.0
low,high,none,True,syph,new_inf,2038,58464.0
low,high,none,True,syph,new_inf,2039,66294.0
low,high,none,True,syph,new_inf,2040,5046.0
low,low,high,True,syph,new_inf,2027,22968.0
low,low,high,True,syph,new_inf,2028,15660.0
low,low,high,True,syph,new_inf,2029,12876.0
low,low,high,True,syph,new_inf,2030,8874.0
low,low,high,True,syph,new_inf,2031,15834.0
low,low,high,True,syph,new_inf,2032,30624.0
low,low,high,True,syph,new_inf,2033,31668.0
low,low,high,True,syph,new_inf,2034,34278.0
low,low,high,True,syph,new_inf,2035,29928.0
low,low,high,True,syph,new_inf,2036,19488.0
low,low,high,True,syph,new_inf,2037,21054.0
low,low,high,True,syph,new_inf,2038,8526.0
low,low,high,True,syph,new_inf,2039,870.0
low,low,high,True,syph,new_inf,2040,0.0
low,low,low,True,syph,new_inf,2027,25404.0
low,low,low,True,syph,new_inf,2028,37932.0
low,low,low,True,syph,new_inf,2029,26796.0
low,low,low,True,syph,new_inf,2030,25404.0
low,low,low,True,syph,new_inf,2031,42804.0
low,low,low,True,syph,new_inf,2032,47502.0
low,low,low,True,syph,new_inf,2033,45588.0
low,low,low,True,syph,new_inf,2034,40890.0
low,low,low,True,syph,new_inf,2035,40020.0
low,low,low,True,syph,new_inf,2036,34104.0
low,low,low,True,syph,new_inf,2037,51504.0
low,low,low,True,syph,new_inf,2038,55332.0
low,low,low,True,syph,new_inf,2039,35670.0
low,low,low,True,syph,new_inf,2040,3480.0
low,low,moderate,True,syph,new_inf,2027,22794.0
low,low,moderate,True,syph,new_inf,2028,19140.0
low,low,moderate,True,syph,new_inf,2029,13572.0
low,low,moderate,True,syph,new_inf,2030,8700.0
low,low,moderate,True,syph,new_inf,2031,12006.0
low,low,moderate,True,syph,new_inf,2032,22446.0
low,low,moderate,True,syph,new_inf,2033,22968.0
low,low,moderate,True,syph,new_inf,2034,29580.0
low,low,moderate,True,syph,new_inf,2035,21576.0
low,low,moderate,True,syph,new_inf,2036,15486.0
low,low,moderate,True,syph,new_inf,2037,15486.0
low,low,moderate,True,syph,new_inf,2038,7308.0
low,low,moderate,True,syph,new_inf,2039,4698.0
low,low,moderate,True,syph,new_inf,2040,348.0
low,low,none,True,syph,new_inf,2027,26796.0
low,low,none,True,syph,new_inf,2028,36540.0
low,low,none,True,syph,new_inf,2029,23664.0
low,low,none,True,syph,new_inf,2030,22272.0
low,low,none,True,syph,new_inf,2031,25926.0
low,low,none,True,syph,new_inf,2032,42804.0
low,low,none,True,syph,new_inf,2033,50460.0
low,low,none,True,syph,new_inf,2034,41412.0
low,low,none,True,syph,new_inf,2035,40368.0
low,low,none,True,syph,new_inf,2036,30798.0
low,low,none,True,syph,new_inf,2037,52200.0
low,low,none,True,syph,new_inf,2038,53070.0
low,low,none,True,syph,new_inf,2039,43500.0
low,low,none,True,syph,new_inf,2040,4698.0
low,moderate,high,True,syph,new_inf,2027,22968.0
low,moderate,high,True,syph,new_inf,2028,20358.0
low,moderate,high,True,syph,new_inf,2029,20880.0
low,moderate,high,True,syph,new_inf,2030,23490.0
low,moderate,high,True,syph,new_inf,2031,19140.0
low,moderate,high,True,syph,new_inf,2032,20184.0
low,moderate,high,True,syph,new_inf,2033,9396.0
low,moderate,high,True,syph,new_inf,2034,15660.0
low,moderate,high,True,syph,new_inf,2035,19836.0
low,moderate,high,True,syph,new_inf,2036,17052.0
low,moderate,high,True,syph,new_inf,2037,8004.0
low,moderate,high,True,syph,new_inf,2038,6438.0
low,moderate,high,True,syph,new_inf,2039,11310.0
low,moderate,high,True,syph,new_inf,2040,870.0
low,moderate,low,True,syph,new_inf,2027,24012.0
low,moderate,low,True,syph,new_inf,2028,25752.0
low,moderate,low,True,syph,new_inf,2029,26100.0
low,moderate,low,True,syph,new_inf,2030,26448.0
low,moderate,low,True,syph,new_inf,2031,43152.0
low,moderate,low,True,syph,new_inf,2032,37932.0
low,moderate,low,True,syph,new_inf,2033,31320.0
low,moderate,low,True,syph,new_inf,2034,41934.0
low,moderate,low,True,syph,new_inf,2035,53940.0
low,moderate,low,True,syph,new_inf,2036,47502.0
low,moderate,low,True,syph,new_inf,2037,39846.0
low,moderate,low,True,syph,new_inf,2038,33930.0
low,moderate,low,True,syph,new_inf,2039,36192.0
low,moderate,low,True,syph,new_inf,2040,2262.0
low,moderate,moderate,True,syph,new_inf,2027,25056.0
low,moderate,moderate,True,syph,new_inf,2028,19836.0
low,moderate,moderate,True,syph,new_inf,2029,13224.0
low,moderate,moderate,True,syph,new_inf,2030,9918.0
low,moderate,moderate,True,syph,new_inf,2031,10962.0
low,moderate,moderate,True,syph,new_inf,2032,8874.0
low,moderate,moderate,True,syph,new_inf,2033,10962.0
low,moderate,moderate,True,syph,new_inf,2034,4698.0
low,moderate,moderate,True,syph,new_inf,2035,522.0
low,moderate,moderate,True,syph,new_inf,2036,0.0
low,moderate,moderate,True,syph,new_inf,2037,0.0
low,moderate,moderate,True,syph,new_inf,2038,0.0
low,moderate,moderate,True,syph,new_inf,2039,0.0
low,moderate,moderate,True,syph,new_inf,2040,0.0
low,moderate,none,True,syph,new_inf,2027,26622.0
low,moderate,none,True,syph,new_inf,2028,41934.0
low,moderate,none,True,syph,new_inf,2029,33234.0
low,moderate,none,True,syph,new_inf,2030,20880.0
low,moderate,none,True,syph,new_inf,2031,34626.0
low,moderate,none,True,syph,new_inf,2032,38106.0
low,moderate,none,True,syph,new_inf,2033,59160.0
low,moderate,none,True,syph,new_inf,2034,53766.0
low,moderate,none,True,syph,new_inf,2035,59508.0
low,moderate,none,True,syph,new_inf,2036,43152.0
low,moderate,none,True,syph,new_inf,2037,40716.0
low,moderate,none,True,syph,new_inf,2038,69600.0
low,moderate,none,True,syph,new_inf,2039,73080.0
low,moderate,none,True,syph,new_inf,2040,5916.0
moderate,baseline,high,True,syph,new_inf,2027,21402.0
moderate,baseline,high,True,syph,new_inf,2028,12528.0
moderate,baseline,high,True,syph,new_inf,2029,7134.0
moderate,baseline,high,True,syph,new_inf,2030,6090.0
moderate,baseline,high,True,syph,new_inf,2031,3654.0
moderate,baseline,high,True,syph,new_inf,2032,8352.0
moderate,baseline,high,True,syph,new_inf,2033,5568.0
moderate,baseline,high,True,syph,new_inf,2034,4698.0
moderate,baseline,high,True,syph,new_inf,2035,8004.0
moderate,baseline,high,True,syph,new_inf,2036,6612.0
moderate,baseline,high,True,syph,new_inf,2037,7134.0
moderate,baseline,high,True,syph,new_inf,2038,6438.0
moderate,baseline,high,True,syph,new_inf,2039,1914.0
moderate,baseline,high,True,syph,new_inf,2040,0.0
moderate,baseline,low,True,syph,new_inf,2027,21228.0
moderate,baseline,low,True,syph,new_inf,2028,33060.0
moderate,baseline,low,True,syph,new_inf,2029,14094.0
moderate,baseline,low,True,syph,new_inf,2030,16008.0
moderate,baseline,low,True,syph,new_inf,2031,9570.0
moderate,baseline,low,True,syph,new_inf,2032,19662.0
moderate,baseline,low,True,syph,new_inf,2033,22794.0
moderate,baseline,low,True,syph,new_inf,2034,26448.0
moderate,baseline,low,True,syph,new_inf,2035,35844.0
moderate,baseline,low,True,syph,new_inf,2036,25056.0
moderate,baseline,low,True,syph,new_inf,2037,32364.0
moderate,baseline,low,True,syph,new_inf,2038,26448.0
moderate,baseline,low,True,syph,new_inf,2039,21750.0
moderate,baseline,low,True,syph,new_inf,2040,1566.0
moderate,baseline,moderate,True,syph,new_inf,2027,21924.0
moderate,baseline,moderate,True,syph,new_inf,2028,21924.0
moderate,baseline,moderate,True,syph,new_inf,2029,9570.0
moderate,baseline,moderate,True,syph,new_inf,2030,9396.0
moderate,baseline,moderate,True,syph,new_inf,2031,1914.0
moderate,baseline,moderate,True,syph,new_inf,2032,0.0
moderate,baseline,moderate,True,syph,new_inf,2033,0.0
moderate,baseline,moderate,True,syph,new_inf,2034,0.0
moderate,baseline,moderate,True,syph,new_inf,2035,0.0
moderate,baseline,moderate,True,syph,new_inf,2036,0.0
moderate,baseline,moderate,True,syph,new_inf,2037,0.0
moderate,baseline,moderate,True,syph,new_inf,2038,0.0
moderate,baseline,moderate,True,syph,new_inf,2039,0.0
moderate,baseline,moderate,True,syph,new_inf,2040,0.0
moderate,baseline,none,True,syph,new_inf,2027,26796.0
moderate,baseline,none,True,syph,new_inf,2028,34278.0
moderate,baseline,none,True,syph,new_inf,2029,26274.0
moderate,baseline,none,True,syph,new_inf,2030,29580.0
moderate,baseline,none,True,syph,new_inf,2031,27144.0
moderate,baseline,none,True,syph,new_inf,2032,38628.0
moderate,baseline,none,True,syph,new_inf,2033,29406.0
moderate,baseline,none,True,syph,new_inf,2034,21576.0
moderate,baseline,none,True,syph,new_inf,2035,20184.0
moderate,baseline,none,True,syph,new_inf,2036,12702.0
moderate,baseline,none,True,syph,new_inf,2037,9744.0
moderate,baseline,none,True,syph,new_inf,2038,9396.0
moderate,baseline,none,True,syph,new_inf,2039,2610.0
moderate,baseline,none,True,syph,new_inf,2040,0.0
moderate,high,high,True,syph,new_inf,2027,19836.0
moderate,high,high,True,syph,new_inf,2028,12528.0
moderate,high,high,True,syph,new_inf,2029,18270.0
moderate,high,high,True,syph,new_inf,2030,14790.0
moderate,high,high,True,syph,new_inf,2031,16008.0
moderate,high,high,True,syph,new_inf,2032,22968.0
moderate,high,high,True,syph,new_inf,2033,16704.0
moderate,high,high,True,syph,new_inf,2034,16530.0
moderate,high,high,True,syph,new_inf,2035,12876.0
moderate,high,high,True,syph,new_inf,2036,24186.0
moderate,high,high,True,syph,new_inf,2037,27144.0
moderate,high,high,True,syph,new_inf,2038,18096.0
moderate,high,high,True,syph,new_inf,2039,8178.0
moderate,high,high,True,syph,new_inf,2040,1044.0
moderate,high,low,True,syph,new_inf,2027,23142.0
moderate,high,low,True,syph,new_inf,2028,22620.0
moderate,high,low,True,syph,new_inf,2029,19314.0
moderate,high,low,True,syph,new_inf,2030,14094.0
moderate,high,low,True,syph,new_inf,2031,33060.0
moderate,high,low,True,syph,new_inf,2032,29580.0
moderate,high,low,True,syph,new_inf,2033,33234.0
moderate,high,low,True,syph,new_inf,2034,31668.0
moderate,high,low,True,syph,new_inf,2035,25752.0
moderate,high,low,True,syph,new_inf,2036,12876.0
moderate,high,low,True,syph,new_inf,2037,14268.0
moderate,high,low,True,syph,new_inf,2038,12006.0
moderate,high,low,True,syph,new_inf,2039,10440.0
moderate,high,low,True,syph,new_inf,2040,870.0
moderate,high,moderate,True,syph,new_inf,2027,21750.0
moderate,high,moderate,True,syph,new_inf,2028,19488.0
moderate,high,moderate,True,syph,new_inf,2029,18966.0
moderate,high,moderate,True,syph,new_inf,2030,11832.0
moderate,high,moderate,True,syph,new_inf,2031,12354.0
moderate,high,moderate,True,syph,new_inf,2032,24012.0
moderate,high,moderate,True,syph,new_inf,2033,32364.0
moderate,high,moderate,True,syph,new_inf,2034,30798.0
moderate,high,moderate,True,syph,new_inf,2035,23838.0
moderate,high,moderate,True,syph,new_inf,2036,33060.0
moderate,high,moderate,True,syph,new_inf,2037,35844.0
moderate,high,moderate,True,syph,new_inf,2038,21576.0
moderate,high,moderate,True,syph,new_inf,2039,17922.0
moderate,high,moderate,True,syph,new_inf,2040,2262.0
moderate,high,none,True,syph,new_inf,2027,22620.0
moderate,high,none,True,syph,new_inf,2028,30972.0
moderate,high,none,True,syph,new_inf,2029,20358.0
moderate,high,none,True,syph,new_inf,2030,22272.0
moderate,high,none,True,syph,new_inf,2031,34278.0
moderate,high,none,True,syph,new_inf,2032,42804.0
moderate,high,none,True,syph,new_inf,2033,38628.0
moderate,high,none,True,syph,new_inf,2034,27666.0
moderate,high,none,True,syph,new_inf,2035,32886.0
moderate,high,none,True,syph,new_inf,2036,28188.0
moderate,high,none,True,syph,new_inf,2037,33756.0
moderate,high,none,True,syph,new_inf,2038,26100.0
moderate,high,none,True,syph,new_inf,2039,18270.0
moderate,high,none,True,syph,new_inf,2040,1566.0
moderate,low,high,True,syph,new_inf,2027,19662.0
moderate,low,high,True,syph,new_inf,2028,22794.0
moderate,low,high,True,syph,new_inf,2029,10614.0
moderate,low,high,True,syph,new_inf,2030,4350.0
moderate,low,high,True,syph,new_inf,2031,4176.0
moderate,low,high,True,syph,new_inf,2032,5916.0
moderate,low,high,True,syph,new_inf,2033,11310.0
moderate,low,high,True,syph,new_inf,2034,5568.0
moderate,low,high,True,syph,new_inf,2035,7482.0
moderate,low,high,True,syph,new_inf,2036,12528.0
moderate,low,high,True,syph,new_inf,2037,12528.0
moderate,low,high,True,syph,new_inf,2038,7830.0
moderate,low,high,True,syph,new_inf,2039,11832.0
moderate,low,high,True,syph,new_inf,2040,696.0
moderate,low,low,True,syph,new_inf,2027,23490.0
moderate,low,low,True,syph,new_inf,2028,30102.0
moderate,low,low,True,syph,new_inf,2029,15834.0
moderate,low,low,True,syph,new_inf,2030,11484.0
moderate,low,low,True,syph,new_inf,2031,11136.0
moderate,low,low,True,syph,new_inf,2032,12180.0
moderate,low,low,True,syph,new_inf,2033,25578.0
moderate,low,low,True,syph,new_inf,2034,29406.0
moderate,low,low,True,syph,new_inf,2035,30102.0
moderate,low,low,True,syph,new_inf,2036,16878.0
moderate,low,low,True,syph,new_inf,2037,21576.0
moderate,low,low,True,syph,new_inf,2038,11310.0
moderate,low,low,True,syph,new_inf,2039,26796.0
moderate,low,low,True,syph,new_inf,2040,3132.0
moderate,low,moderate,True,syph,new_inf,2027,20532.0
moderate,low,moderate,True,syph,new_inf,2028,20706.0
moderate,low,moderate,True,syph,new_inf,2029,10092.0
moderate,low,moderate,True,syph,new_inf,2030,6786.0
moderate,low,moderate,True,syph,new_inf,2031,3828.0
moderate,low,moderate,True,syph,new_inf,2032,3480.0
moderate,low,moderate,True,syph,new_inf,2033,10266.0
moderate,low,moderate,True,syph,new_inf,2034,12354.0
moderate,low,moderate,True,syph,new_inf,2035,5394.0
moderate,low,moderate,True,syph,new_inf,2036,1740.0
moderate,low,moderate,True,syph,new_inf,2037,3654.0
moderate,low,moderate,True,syph,new_inf,2038,174.0
moderate,low,moderate,True,syph,new_inf,2039,0.0
moderate,low,moderate,True,syph,new_inf,2040,0.0
moderate,low,none,True,syph,new_inf,2027,25230.0
moderate,low,none,True,syph,new_inf,2028,25404.0
moderate,low,none,True,syph,new_inf,2029,15486.0
moderate,low,none,True,syph,new_inf,2030,5916.0
moderate,low,none,True,syph,new_inf,2031,7482.0
moderate,low,none,True,syph,new_inf,2032,17226.0
moderate,low,none,True,syph,new_inf,2033,15486.0
moderate,low,none,True,syph,new_inf,2034,9048.0
moderate,low,none,True,syph,new_inf,2035,8352.0
moderate,low,none,True,syph,new_inf,2036,23316.0
moderate,low,none,True,syph,new_inf,2037,20706.0
moderate,low,none,True,syph,new_inf,2038,30624.0
moderate,low,none,True,syph,new_inf,2039,23142.0
moderate,low,none,True,syph,new_inf,2040,1914.0
moderate,moderate,high,True,syph,new_inf,2027,19314.0
moderate,moderate,high,True,syph,new_inf,2028,17748.0
moderate,moderate,high,True,syph,new_inf,2029,7656.0
moderate,moderate,high,True,syph,new_inf,2030,3306.0
moderate,moderate,high,True,syph,new_inf,2031,3480.0
moderate,moderate,high,True,syph,new_inf,2032,14964.0
moderate,moderate,high,True,syph,new_inf,2033,13746.0
moderate,moderate,high,True,syph,new_inf,2034,14268.0
moderate,moderate,high,True,syph,new_inf,2035,16530.0
moderate,moderate,high,True,syph,new_inf,2036,16704.0
moderate,moderate,high,True,syph,new_inf,2037,17922.0
moderate,moderate,high,True,syph,new_inf,2038,11136.0
moderate,moderate,high,True,syph,new_inf,2039,6090.0
moderate,moderate,high,True,syph,new_inf,2040,522.0
moderate,moderate,low,True,syph,new_inf,2027,21924.0
moderate,moderate,low,True,syph,new_inf,2028,31494.0
moderate,moderate,low,True,syph,new_inf,2029,18618.0
moderate,moderate,low,True,syph,new_inf,2030,15660.0
moderate,moderate,low,True,syph,new_inf,2031,15660.0
moderate,moderate,low,True,syph,new_inf,2032,21054.0
moderate,moderate,low,True,syph,new_inf,2033,21924.0
moderate,moderate,low,True,syph,new_inf,2034,23490.0
moderate,moderate,low,True,syph,new_inf,2035,18444.0
moderate,moderate,low,True,syph,new_inf,2036,14094.0
moderate,moderate,low,True,syph,new_inf,2037,13050.0
moderate,moderate,low,True,syph,new_inf,2038,9048.0
moderate,moderate,low,True,syph,new_inf,2039,5916.0
moderate,moderate,low,True,syph,new_inf,2040,870.0
moderate,moderate,moderate,True,syph,new_inf,2027,21228.0
moderate,moderate,moderate,True,syph,new_inf,2028,19836.0
moderate,moderate,moderate,True,syph,new_inf,2029,14790.0
moderate,moderate,moderate,True,syph,new_inf,2030,12006.0
moderate,moderate,moderate,True,syph,new_inf,2031,23490.0
moderate,moderate,moderate,True,syph,new_inf,2032,24012.0
moderate,moderate,moderate,True,syph,new_inf,2033,14268.0
moderate,moderate,moderate,True,syph,new_inf,2034,14268.0
moderate,moderate,moderate,True,syph,new_inf,2035,9570.0
moderate,moderate,moderate,True,syph,new_inf,2036,14442.0
moderate,moderate,moderate,True,syph,new_inf,2037,18966.0
moderate,moderate,moderate,True,syph,new_inf,2038,18792.0
moderate,moderate,moderate,True,syph,new_inf,2039,20358.0
moderate,moderate,moderate,True,syph,new_inf,2040,522.0
moderate,moderate,none,True,syph,new_inf,2027,21402.0
moderate,moderate,none,True,syph,new_inf,2028,25578.0
moderate,moderate,none,True,syph,new_inf,2029,17922.0
moderate,moderate,none,True,syph,new_inf,2030,14268.0
moderate,moderate,none,True,syph,new_inf,2031,16530.0
moderate,moderate,none,True,syph,new_inf,2032,33930.0
moderate,moderate,none,True,syph,new_inf,2033,49068.0
moderate,moderate,none,True,syph,new_inf,2034,41586.0
moderate,moderate,none,True,syph,new_inf,2035,20184.0
moderate,moderate,none,True,syph,new_inf,2036,19488.0
moderate,moderate,none,True,syph,new_inf,2037,14094.0
moderate,moderate,none,True,syph,new_inf,2038,21054.0
moderate,moderate,none,True,syph,new_inf,2039,21054.0
moderate,moderate,none,True,syph,new_inf,2040,1044.0
