uid,sex,n
3,m,1
5,f,1
7,m,1
8,m,1
12,f,1
15,f,0
24,m,1
29,f,0
31,m,1
33,m,1
34,m,1
37,m,1
39,f,3
41,m,1
43,m,0
52,m,1
54,f,4
60,m,5
68,f,2
70,f,1
72,f,2
79,f,1
92,f,1
96,f,1
101,m,5
102,f,1
106,f,1
108,f,11
109,f,10
111,m,0
114,m,1
120,m,12
125,f,1
135,f,1
136,m,0
141,f,0
158,m,1
162,f,0
167,f,0
172,m,1
173,f,1
175,f,1
176,f,1
177,f,2
178,f,1
183,f,0
186,f,2
195,m,3
202,m,1
203,m,1
212,f,0
231,m,1
233,m,0
246,f,1
247,f,2
252,f,0
262,m,1
263,f,1
264,f,1
268,f,1
271,f,9
277,f,0
283,m,1
285,m,0
286,m,1
302,f,1
307,f,0
314,f,0
316,f,1
317,m,1
320,m,5
339,m,0
344,f,1
345,f,1
350,m,1
354,m,0
358,m,2
359,m,1
363,m,1
364,m,1
370,m,1
378,m,2
388,f,0
389,m,0
390,m,1
397,m,4
401,f,1
404,m,1
407,f,1
409,m,2
411,f,6
415,f,1
416,m,0
418,m,1
420,m,1
431,f,0
432,f,4
434,m,2
454,m,0
455,f,1
459,m,0
462,f,0
469,m,0
473,m,1
474,m,0
475,f,1
477,f,4
479,f,1
481,f,0
483,m,1
484,f,1
488,f,0
495,m,1
497,f,1
499,f,1
502,m,1
503,f,1
508,m,0
509,m,1
513,f,0
523,f,1
527,f,0
540,m,1
541,m,0
543,m,2
553,m,3
555,f,1
567,f,1
569,m,0
572,m,2
578,f,1
583,f,1
588,m,1
589,f,1
590,m,1
597,f,1
599,m,2
602,f,1
608,f,6
609,m,4
616,f,1
635,f,1
645,f,1
648,m,0
650,m,0
654,f,1
658,f,0
659,m,1
661,m,1
666,m,0
670,m,1
672,m,1
680,m,0
681,f,1
683,f,14
686,f,1
689,f,3
690,f,6
696,m,0
697,f,0
701,f,1
705,m,1
706,f,0
707,m,0
709,m,0
710,m,1
715,m,1
716,m,1
719,m,0
722,f,1
725,f,1
727,m,1
731,m,0
735,m,0
737,f,1
740,m,1
744,m,1
747,m,1
752,f,0
753,m,1
756,m,0
757,m,0
760,f,3
765,f,1
767,f,2
769,f,1
772,m,1
774,f,1
775,f,0
778,f,0
779,f,1
786,m,1
787,m,5
791,m,1
796,m,1
809,f,1
816,f,3
819,f,1
823,m,3
830,m,2
833,f,0
835,m,2
840,m,2
841,f,0
843,m,6
844,m,1
845,f,0
846,f,0
851,f,2
857,f,0
859,m,4
871,f,1
874,m,1
875,f,1
887,f,7
892,f,0
895,f,1
897,m,1
900,f,1
903,f,0
906,m,0
913,m,1
915,m,1
916,f,1
919,f,0
921,m,5
924,f,0
926,m,1
928,m,8
929,f,1
938,m,1
946,m,0
952,f,1
957,m,1
959,m,0
963,f,1
967,m,3
973,m,0
975,f,0
978,m,1
979,m,8
982,m,1
984,m,0
988,f,1
992,m,6
995,m,7
996,m,1
1002,f,0
1003,m,1
1004,m,0
1006,f,1
1012,m,2
1013,f,0
1015,f,0
1017,m,1
1018,f,1
1034,m,3
1036,m,1
1040,f,1
1041,f,1
1042,f,1
1043,m,1
1049,f,1
1053,m,1
1055,f,2
1057,m,0
1058,m,1
1060,f,1
1064,m,1
1065,f,1
1069,f,1
1070,m,1
1074,f,0
1081,m,0
1086,f,0
1088,m,0
1089,f,1
1094,f,3
1097,m,1
1103,m,0
1107,m,1
1114,m,1
1115,m,1
1117,m,1
1122,f,0
1126,m,0
1127,f,0
1132,f,1
1134,f,1
1136,f,1
1138,m,1
1140,m,5
1146,m,1
1147,f,1
1148,f,1
1157,f,0
1159,m,1
1160,m,5
1169,m,0
1175,m,1
1182,m,14
1185,m,1
1186,m,1
1187,m,2
1189,m,1
1192,m,1
1197,m,0
1198,f,2
1199,f,1
1200,m,1
1201,f,0
1204,f,5
1206,f,1
1207,m,1
1210,f,1
1213,f,2
1218,m,1
1231,m,1
1234,m,1
1237,m,0
1240,m,2
1242,m,0
1243,f,1
1247,m,3
1255,m,0
1257,m,1
1261,f,1
1264,m,2
1265,m,1
1266,m,1
1268,f,1
1283,f,1
1284,m,1
1292,m,2
1301,f,0
1302,f,4
1305,m,1
1308,m,5
1311,f,1
1313,f,3
1316,m,3
1320,m,0
1321,m,0
1322,f,0
1325,m,1
1329,f,1
1331,m,1
1341,f,0
1345,f,0
1350,f,1
1353,f,1
1358,f,1
1359,m,0
1362,m,6
1364,m,3
1369,f,6
1376,f,2
1377,f,8
1380,f,1
1381,m,1
1383,m,1
1384,m,0
1390,f,1
1391,m,1
1393,m,1
1394,m,1
1399,m,1
1402,f,0
1403,f,1
1404,m,1
1407,f,2
1408,f,0
1409,f,1
1412,m,0
1413,f,1
1414,m,2
1417,f,0
1420,m,0
1421,m,12
1427,m,1
1429,f,1
1430,f,1
1433,f,3
1434,f,3
1435,f,1
1442,m,0
1444,m,0
1445,m,1
1448,m,17
1464,f,0
1473,m,1
1475,f,0
1481,f,1
1482,m,5
1483,f,6
1484,m,2
1489,m,0
1495,m,1
1496,m,1
1498,f,0
1499,m,4
1502,m,3
1505,m,4
1511,f,2
1513,f,1
1516,f,1
1518,m,1
1523,m,1
1533,f,0
1535,f,0
1537,m,1
1544,f,1
1548,m,0
1550,f,1
1554,m,0
1562,f,1
1563,m,1
1566,f,0
1579,m,1
1584,f,3
1586,f,6
1588,m,1
1591,m,1
1593,m,1
1596,m,1
1598,f,3
1599,f,1
1600,m,0
1607,m,1
1609,m,1
1614,m,1
1619,m,5
1624,f,3
1627,f,1
1629,m,1
1632,f,4
1633,f,1
1638,f,2
1641,m,2
1647,f,1
1661,f,2
1666,m,0
1667,f,0
1675,f,1
1676,m,1
1677,f,0
1683,m,1
1686,f,1
1689,f,7
1692,m,1
1694,m,1
1695,f,0
1702,m,1
1703,m,1
1708,f,3
1722,m,10
1730,m,0
1733,m,0
1739,m,1
1743,f,1
1748,f,1
1749,f,5
1753,m,1
1754,m,1
1756,m,1
1762,f,2
1763,m,0
1774,m,0
1777,f,1
1783,f,7
1786,f,1
1787,f,0
1792,m,0
1795,m,1
1803,m,1
1804,m,1
1805,m,2
1812,f,2
1816,f,1
1818,f,1
1819,m,1
1823,m,0
1824,m,1
1828,m,0
1833,m,1
1836,f,1
1838,f,2
1849,f,1
1850,m,1
1852,m,1
1853,m,1
1860,m,1
1862,f,0
1864,f,5
1869,m,1
1870,f,1
1872,f,0
1875,m,0
1878,f,1
1879,f,0
1885,m,1
1886,f,0
1892,f,1
1904,f,1
1906,f,0
1907,f,0
1909,m,0
1910,f,4
1918,m,1
1923,m,0
1929,m,0
1931,m,2
1932,m,1
1934,m,3
1936,f,1
1940,m,4
1942,m,2
1953,f,1
1963,m,1
1964,f,0
1966,m,0
1970,m,1
1971,f,1
1977,f,0
1978,f,1
1981,m,0
1982,m,1
1984,m,0
1992,m,0
1999,m,2
2002,f,2
2006,m,1
2009,m,0
2014,m,1
2015,m,2
2022,m,1
2025,m,6
2026,f,1
2031,f,1
2035,m,1
2039,f,1
2040,f,1
2044,m,1
2058,f,0
2062,f,1
2065,m,1
2068,m,0
2070,m,1
2071,f,1
2077,f,2
2078,f,1
2080,m,3
2086,f,1
2089,m,1
2090,f,0
2110,m,2
2114,m,0
2116,m,1
2121,m,1
2126,m,1
2128,f,1
2130,m,1
2133,m,1
2135,m,1
2139,m,3
2141,f,1
2143,f,0
2154,f,1
2163,m,0
2164,m,1
2175,m,13
2179,f,1
2182,m,1
2183,f,1
2185,m,0
2193,m,1
2195,m,1
2197,f,1
2198,f,0
2200,f,2
2201,m,1
2204,f,1
2208,m,1
2209,m,1
2214,m,1
2215,m,0
2221,m,1
2224,f,1
2226,m,1
2246,m,3
2247,f,1
2249,m,1
2254,f,1
2256,f,8
2261,f,0
2267,m,0
2281,f,1
2286,f,0
2297,f,1
2308,f,1
2313,m,1
2316,f,1
2320,m,2
2324,f,1
2337,f,1
2339,f,1
2347,f,0
2354,m,3
2357,f,0
2358,f,0
2359,f,2
2360,m,1
2362,m,3
2367,f,1
2371,m,1
2374,f,1
2376,f,1
2377,f,1
2378,m,1
2382,m,0
2390,m,1
2404,f,1
2406,m,7
2413,f,15
2414,f,2
2416,f,1
2417,m,1
2422,f,22
2432,m,1
2434,f,1
2437,m,0
2445,m,0
2449,m,0
2451,m,0
2455,f,1
2457,f,2
2459,m,1
2460,f,1
2461,f,0
2462,m,1
2464,f,1
2475,m,1
2497,f,1
2498,m,4
2500,m,2
2501,m,0
2502,f,1
2503,m,4
2505,f,1
2508,m,4
2513,m,2
2516,f,0
2518,m,1
2519,m,0
2524,m,0
2530,m,1
2533,f,0
2535,m,1
2536,f,0
2542,m,0
2545,m,0
2546,m,2
2547,f,0
2554,f,6
2561,m,1
2562,m,1
2566,f,1
2570,f,0
2572,f,1
2574,f,1
2578,f,1
2584,m,10
2587,m,2
2588,f,0
2592,f,0
2598,m,0
2601,f,1
2602,m,1
2610,m,5
2617,f,0
2621,f,1
2622,f,1
2629,f,1
2630,m,1
2631,f,1
2633,m,2
2634,m,1
2637,m,2
2638,f,1
2644,m,1
2648,m,2
2651,m,1
2652,f,1
2654,f,0
2661,m,0
2662,m,0
2663,f,1
2664,f,3
2670,m,0
2671,m,0
2673,f,1
2678,m,1
2686,m,0
2689,m,1
2693,m,0
2695,f,1
2712,m,1
2715,f,1
2717,m,0
2726,m,0
2742,f,1
2743,f,1
2745,f,13
2751,f,0
2754,m,2
2756,m,1
2758,m,0
2763,f,0
2765,f,1
2775,f,1
2781,m,1
2785,f,4
2786,m,1
2789,m,4
2790,f,1
2791,m,3
2792,m,1
2794,f,5
2797,m,2
2798,f,7
2799,f,2
2801,f,1
2807,m,1
2810,m,4
2811,f,0
2812,f,0
2816,m,0
2817,f,1
2823,f,1
2825,m,2
2828,m,10
2833,m,1
2834,f,1
2836,m,3
2838,m,1
2840,m,1
2841,m,0
2842,m,0
2847,m,0
2848,m,0
2854,m,0
2858,f,1
2862,f,1
2865,f,1
2869,m,1
2870,f,0
2878,f,2
2879,f,2
2891,m,1
2895,m,0
2899,m,1
2913,m,1
2920,m,0
2925,f,1
2928,m,1
2935,f,1
2936,m,1
2947,f,0
2950,f,2
2953,f,1
2958,m,0
2959,m,1
2970,f,1
2972,m,1
2973,m,1
2975,m,7
2976,f,0
2979,f,0
2992,m,1
2994,f,3
3009,m,12
3010,f,1
3014,m,1
3018,f,1
3036,m,0
3042,f,1
3043,f,9
3044,m,13
3047,m,1
3048,m,1
3051,f,1
3055,f,1
3058,m,1
3062,f,1
3067,f,1
3070,f,1
3076,m,1
3077,f,1
3081,m,1
3082,f,2
3087,m,0
3089,f,1
3092,f,1
3093,m,1
3098,f,0
3103,m,1
3105,m,0
3110,f,0
3111,m,2
3112,f,1
3113,m,0
3120,m,0
3130,f,10
3137,m,1
3139,m,0
3141,f,0
3143,f,1
3147,f,1
3148,f,1
3150,f,2
3152,m,1
3161,m,1
3165,m,1
3166,m,3
3169,f,1
3180,f,1
3185,f,1
3187,m,1
3193,f,0
3198,m,0
3199,f,2
3209,m,1
3213,f,1
3226,m,0
3227,f,0
3234,m,4
3236,f,0
3241,f,0
3245,m,0
3251,m,1
3254,m,0
3257,f,0
3258,f,0
3260,f,1
3262,m,0
3263,m,2
3266,m,1
3268,f,0
3276,m,0
3277,m,0
3281,f,1
3290,m,1
3293,f,1
3295,m,2
3300,m,8
3307,f,1
3320,m,1
3323,m,0
3326,m,0
3337,m,0
3339,m,1
3347,m,0
3348,f,0
3350,f,1
3351,f,0
3356,m,6
3357,f,1
3358,m,1
3359,m,1
3360,m,1
3362,m,1
3365,m,13
3371,f,4
3372,f,3
3373,f,1
3374,f,0
3375,m,3
3379,m,1
3383,m,0
3384,f,1
3389,m,0
3391,f,0
3394,f,2
3398,m,1
3399,m,0
3405,f,2
3411,f,1
3417,m,11
3421,f,0
3422,m,1
3428,m,2
3432,m,0
3436,m,2
3442,f,0
3446,f,0
3450,f,1
3451,m,1
3458,f,1
3459,f,2
3462,f,1
3464,f,4
3466,f,6
3471,f,1
3473,f,1
3484,f,1
3494,f,0
3497,f,5
3505,f,1
3506,m,0
3508,f,1
3509,m,0
3510,m,1
3519,m,1
3522,f,0
3526,f,5
3527,m,1
3530,m,4
3532,m,1
3535,m,1
3536,f,1
3540,m,2
3541,f,3
3545,m,0
3549,f,1
3550,m,6
3553,m,13
3556,f,1
3560,f,0
3561,m,1
3566,m,2
3569,f,0
3570,m,1
3572,m,1
3578,m,1
3580,f,1
3587,f,1
3591,m,12
3592,m,0
3598,m,1
3602,m,0
3603,m,1
3604,m,1
3611,m,0
3615,f,1
3631,m,1
3632,f,0
3640,m,8
3644,f,0
3652,f,2
3664,f,4
3670,m,1
3672,m,1
3675,f,0
3677,m,3
3681,m,1
3683,f,1
3695,f,0
3699,m,0
3700,m,0
3706,f,1
3711,f,0
3718,f,1
3720,m,1
3722,m,1
3723,f,1
3724,m,1
3727,m,1
3728,m,2
3734,f,1
3738,m,6
3740,f,2
3754,f,3
3755,m,0
3758,f,0
3760,f,1
3768,f,2
3769,m,1
3770,f,12
3773,m,1
3776,f,1
3777,f,0
3782,m,1
3785,m,0
3787,m,1
3793,m,1
3795,m,1
3796,f,1
3806,m,1
3807,m,1
3812,f,1
3817,m,1
3825,f,1
3828,f,1
3831,m,1
3832,m,1
3834,f,1
3835,f,1
3836,m,1
3845,f,1
3846,m,0
3847,f,0
3852,m,1
3854,m,0
3859,m,1
3863,m,0
3865,f,2
3869,f,1
3872,f,1
3894,m,1
3895,f,1
3903,f,1
3907,m,5
3909,f,0
3915,f,0
3916,f,1
3918,m,0
3925,f,1
3926,f,1
3930,m,0
3931,f,0
3937,f,0
3941,m,0
3943,f,1
3945,m,1
3946,f,14
3950,f,1
3952,f,1
3953,m,0
3955,f,5
3957,m,0
3964,f,1
3971,m,0
3972,f,1
3975,m,1
3976,m,0
3981,m,1
3982,m,0
3984,m,1
3985,f,0
3994,m,0
3997,f,2
4002,f,1
4003,m,1
4005,f,0
4007,m,1
4013,m,1
4018,f,1
4021,f,0
4029,m,1
4033,f,1
4039,f,0
4041,m,1
4049,m,2
4050,f,8
4054,m,1
4057,m,1
4060,m,1
4062,f,1
4064,m,6
4065,f,1
4067,m,0
4068,f,1
4071,f,0
4076,m,1
4077,f,2
4097,f,1
4119,f,1
4120,m,0
4128,f,1
4129,m,1
4130,m,0
4133,f,1
4136,f,1
4137,f,1
4152,m,4
4158,f,1
4160,f,1
4163,f,4
4165,m,6
4171,m,2
4172,m,1
4173,m,1
4175,m,1
4176,f,1
4178,m,1
4186,m,1
4187,m,0
4188,m,1
4195,f,0
4200,f,1
4201,m,0
4202,m,1
4210,m,1
4216,m,1
4217,m,1
4219,f,1
4225,m,1
4242,f,1
4251,f,1
4252,m,1
4255,f,1
4261,m,1
4266,m,1
4272,f,1
4281,f,0
4283,f,0
4284,m,0
4285,f,1
4288,m,0
4290,m,1
4295,f,1
4317,m,1
4318,m,1
4320,f,0
4333,m,1
4334,f,1
4341,m,0
4344,f,1
4345,f,3
4353,m,12
4360,m,5
4369,m,0
4370,m,1
4374,m,1
4375,m,1
4381,m,12
4382,m,1
4384,m,1
4386,m,1
4392,f,1
4394,f,2
4395,m,2
4398,m,1
4400,f,2
4410,f,0
4412,m,0
4426,m,1
4429,m,1
4434,f,0
4435,m,0
4438,m,3
4439,m,1
4447,m,0
4449,m,0
4450,m,6
4452,m,1
4457,m,1
4459,m,1
4466,f,2
4472,m,2
4473,m,1
4480,f,1
4482,m,1
4493,f,1
4494,m,1
4496,f,1
4498,f,4
4501,m,1
4505,m,2
4514,m,0
4523,f,1
4526,f,0
4527,m,0
4530,f,0
4531,f,0
4532,f,1
4533,m,1
4537,f,1
4539,f,1
4540,f,2
4541,m,3
4546,m,1
4550,f,0
4552,m,1
4559,m,1
4560,f,5
4565,m,1
4567,f,3
4570,m,3
4573,f,1
4577,f,6
4581,m,0
4583,m,0
4588,f,1
4598,f,1
4599,f,1
4605,m,1
4607,m,0
4613,m,1
4621,m,2
4625,m,8
4626,m,2
4636,f,1
4637,f,5
4639,f,1
4643,f,2
4645,m,1
4647,f,1
4650,m,1
4651,m,0
4655,m,0
4660,f,1
4665,f,0
4666,m,1
4673,f,1
4679,m,1
4686,f,1
4688,f,1
4689,f,1
4690,m,2
4697,m,4
4700,f,1
4701,m,3
4707,m,1
4709,f,1
4713,f,1
4714,m,4
4725,f,0
4735,f,1
4740,m,1
4744,m,0
4749,f,0
4751,m,0
4753,f,9
4760,f,14
4765,m,1
4780,m,1
4801,m,2
4802,f,1
4803,m,1
4807,f,1
4808,m,1
4811,m,1
4815,f,0
4819,f,0
4824,f,1
4829,f,1
4833,m,6
4839,f,5
4843,m,1
4858,f,13
4863,f,0
4865,f,0
4870,f,2
4874,m,1
4878,m,4
4892,m,1
4894,f,1
4897,m,1
4899,f,1
4903,m,2
4906,f,1
4918,f,2
4922,f,3
4925,f,4
4933,f,0
4938,f,2
4949,f,3
4954,f,1
4955,m,1
4959,f,0
4963,m,1
4966,m,1
4975,m,1
4979,f,2
4992,f,1
4995,m,0
4996,f,1
4998,f,1
4999,f,1
5001,m,0
5006,f,1
5011,m,1
5014,m,1
5018,f,3
5027,f,0
5038,m,0
5040,m,1
5041,m,1
5043,m,5
5050,m,1
5054,m,0
5055,m,1
5063,m,0
5064,m,0
5068,f,0
5069,m,0
5070,f,4
5073,f,1
5076,f,1
5078,f,1
5087,m,1
5091,m,2
5094,m,1
5095,f,1
5096,m,0
5101,m,1
5104,f,1
5105,m,1
5106,m,6
5108,f,1
5110,f,1
5119,f,1
5124,f,1
5125,f,1
5126,f,2
5130,f,0
5132,f,4
5137,m,2
5138,m,0
5144,m,1
5148,m,0
5151,m,1
5154,m,1
5161,m,1
5164,f,1
5171,f,1
5172,f,1
5173,m,1
5177,f,1
5182,f,8
5184,f,0
5185,m,1
5193,m,1
5197,m,1
5199,m,0
5208,f,1
5216,m,0
5229,f,1
5236,m,4
5245,m,1
5246,m,12
5251,f,0
5255,m,0
5259,f,8
5261,f,0
5262,m,0
5263,f,1
5266,m,3
5271,m,0
5283,f,1
5286,f,1
5287,m,1
5288,f,0
5289,m,10
5297,m,1
5301,f,1
5302,f,0
5306,f,8
5309,m,1
5312,f,2
5318,m,1
5320,m,1
5321,f,1
5335,f,1
5338,f,1
5343,f,1
5348,f,0
5349,f,1
5358,m,0
5359,f,0
5362,m,1
5364,m,1
5365,f,0
5374,f,1
5382,f,1
5383,m,0
5390,f,1
5395,m,4
5396,m,1
5397,f,1
5399,f,1
5400,f,3
5402,m,3
5412,m,8
5416,f,0
5418,m,1
5421,m,1
5422,f,1
5425,m,0
5429,m,1
5433,m,1
5437,f,1
5441,m,1
5444,m,0
5447,m,1
5449,m,1
5450,m,1
5454,f,1
5458,m,12
5465,f,1
5474,m,0
5483,m,1
5485,m,0
5489,m,1
5490,m,1
5492,m,1
5496,m,1
5499,f,0
5516,m,1
5523,f,1
5524,m,1
5530,f,1
5531,m,4
5535,m,1
5543,f,0
5564,f,1
5575,f,5
5576,f,11
5585,m,1
5588,f,1
5590,f,3
5593,m,4
5602,f,0
5603,f,0
5611,f,1
5618,m,2
5619,m,1
5622,m,0
5630,f,0
5633,m,1
5635,f,1
5636,m,1
5638,f,1
5642,f,1
5645,m,1
5647,f,1
5648,m,1
5649,m,1
5660,m,0
5663,m,0
5665,f,1
5679,m,0
5685,f,1
5688,m,1
5689,f,1
5694,m,10
5709,m,1
5720,m,0
5721,f,1
5724,m,0
5732,m,0
5733,m,1
5734,m,1
5735,f,0
5736,f,1
5738,m,2
5741,f,0
5746,f,1
5751,f,0
5752,m,0
5755,f,1
5756,f,0
5761,f,1
5762,m,4
5763,f,1
5766,f,2
5767,m,1
5780,m,1
5784,m,3
5790,m,1
5797,m,1
5799,f,2
5816,f,0
5821,m,4
5828,m,0
5832,f,1
5834,m,1
5837,m,1
5840,f,1
5841,m,0
5842,f,0
5851,m,1
5852,f,1
5855,f,1
5856,f,1
5862,f,2
5870,m,1
5873,f,1
5874,m,1
5875,m,5
5878,m,1
5888,m,2
5889,f,1
5891,m,0
5900,f,1
5904,f,1
5905,m,1
5909,m,0
5912,m,1
5913,m,0
5914,f,2
5915,f,1
5925,f,0
5928,m,1
5929,f,1
5931,f,1
5932,f,4
5933,m,0
5939,f,0
5942,m,0
5946,m,2
5947,f,1
5948,f,4
5955,m,1
5958,m,0
5960,f,0
5961,f,0
5963,m,1
5970,f,0
5979,f,1
5981,f,3
5982,f,0
5983,m,0
5987,f,0
5989,f,0
5991,m,0
5997,m,1
6006,m,1
6009,m,5
6015,m,1
6018,f,0
6023,m,0
6028,m,1
6031,m,0
6034,f,1
6037,f,1
6043,m,1
6049,m,1
6053,f,1
6062,m,0
6073,f,0
6096,m,1
6097,m,1
6099,f,1
6101,f,0
6103,f,0
6105,m,1
6106,f,1
6107,m,0
6109,f,2
6113,m,1
6117,f,2
6122,m,2
6125,f,1
6126,f,1
6127,m,1
6129,f,3
6131,f,1
6133,m,10
6143,f,0
6145,f,1
6146,m,0
6147,m,0
6150,m,1
6154,f,5
6157,m,16
6162,f,1
6170,f,3
6172,m,1
6182,m,1
6190,f,1
6193,m,1
6194,m,0
6200,f,0
6202,f,0
6203,f,1
6209,f,1
6218,m,3
6226,m,0
6228,f,0
6230,m,0
6233,m,2
6237,f,5
6245,m,1
6246,f,1
6248,m,1
6252,f,1
6257,m,1
6263,f,0
6269,f,0
6270,f,0
6272,f,1
6273,m,0
6277,f,1
6278,m,1
6280,f,1
6281,f,0
6284,m,1
6286,f,1
6292,m,10
6298,f,2
6303,m,1
6305,m,1
6308,f,1
6313,m,1
6318,m,1
6319,m,0
6321,m,2
6327,f,0
6328,m,1
6329,m,1
6336,f,1
6338,m,0
6339,f,1
6342,f,1
6346,f,1
6349,f,1
6358,f,2
6367,f,0
6372,m,0
6375,m,0
6379,f,1
6380,m,1
6384,m,1
6386,f,1
6389,m,0
6396,f,1
6404,f,1
6405,m,1
6406,f,1
6408,m,2
6411,f,3
6415,m,1
6418,f,0
6419,m,0
6428,f,1
6431,f,1
6432,f,1
6436,f,1
6443,f,1
6444,m,0
6445,m,1
6446,m,1
6457,m,1
6467,m,0
6471,m,1
6473,m,1
6474,m,0
6476,m,1
6485,m,0
6486,m,0
6487,m,1
6488,f,0
6489,f,0
6490,m,1
6491,m,1
6495,f,1
6506,f,0
6507,f,1
6508,m,0
6511,f,1
6515,m,1
6524,f,1
6530,f,1
6531,m,0
6532,m,1
6535,f,1
6536,f,0
6537,m,0
6539,m,1
6553,f,4
6554,m,1
6563,f,1
6568,m,1
6570,m,0
6575,m,5
6578,m,0
6581,f,3
6584,m,0
6589,m,0
6590,m,0
6594,f,0
6595,f,1
6599,f,1
6601,f,5
6603,m,1
6604,m,0
6610,m,6
6626,m,1
6627,m,1
6634,f,1
6636,m,1
6640,f,1
6643,m,0
6647,m,1
6650,f,0
6654,m,1
6666,m,1
6671,f,1
6674,m,0
6676,f,0
6688,f,0
6691,m,1
6699,m,1
6708,m,0
6711,m,1
6712,f,2
6717,m,0
6719,f,1
6723,f,1
6727,m,2
6728,f,1
6731,m,3
6732,m,1
6737,m,0
6739,m,1
6740,m,0
6747,m,0
6749,m,1
6753,m,0
6754,f,1
6759,m,3
6765,f,1
6767,m,1
6768,f,7
6771,f,2
6773,m,1
6775,f,1
6780,f,1
6787,m,4
6790,m,0
6791,m,4
6794,m,1
6795,f,1
6813,m,0
6815,f,1
6820,m,0
6824,m,1
6830,m,0
6837,f,9
6838,m,1
6841,f,1
6843,m,0
6845,f,1
6849,f,1
6854,m,1
6857,f,2
6864,m,1
6868,m,1
6871,f,1
6876,f,1
6879,f,1
6889,f,1
6891,f,1
6894,f,0
6895,f,0
6900,f,1
6905,m,5
6906,m,1
6912,m,4
6917,m,7
6921,f,1
6922,f,0
6923,f,1
6925,f,11
6926,f,1
6928,m,1
6932,f,1
6933,m,1
6942,m,1
6950,f,0
6951,m,1
6957,m,1
6960,f,0
6961,f,2
6962,m,1
6963,f,0
6967,m,1
6968,f,1
6969,m,1
6975,f,1
6976,m,1
6979,m,0
6988,f,1
6989,m,1
6992,f,1
6993,m,1
6997,f,0
7003,m,1
7009,m,1
7011,m,4
7012,m,1
7016,m,2
7019,m,1
7020,m,1
7023,m,1
7027,f,1
7029,f,1
7030,f,0
7037,m,1
7038,f,1
7041,f,1
7044,f,2
7045,m,1
7048,m,1
7057,m,2
7063,f,1
7070,m,0
7071,f,1
7077,m,1
7080,m,4
7081,m,1
7082,f,4
7092,f,0
7093,m,1
7102,m,5
7103,m,0
7110,f,1
7113,f,5
7121,f,2
7122,m,1
7124,f,0
7126,f,3
7128,f,0
7129,m,1
7133,m,1
7135,m,0
7136,m,5
7137,f,1
7142,f,0
7145,m,4
7147,f,1
7149,m,0
7150,f,2
7159,m,4
7160,m,1
7161,m,4
7163,m,1
7168,m,0
7171,m,2
7176,f,0
7183,f,1
7184,m,0
7186,m,1
7187,f,2
7189,m,1
7193,m,0
7197,f,1
7199,m,1
7200,f,1
7205,f,1
7215,f,0
7220,f,3
7223,f,1
7227,m,1
7228,m,1
7230,f,1
7233,f,4
7236,m,1
7237,m,0
7239,f,1
7244,m,4
7245,m,1
7246,m,1
7253,f,1
7254,f,1
7255,m,1
7257,m,1
7265,f,1
7270,f,1
7277,f,1
7284,m,0
7287,f,1
7291,m,1
7300,m,2
7301,f,1
7302,f,1
7304,m,1
7305,f,0
7317,f,0
7319,m,1
7320,f,1
7321,f,1
7328,m,1
7329,f,5
7331,f,1
7333,f,1
7334,f,0
7336,f,3
7344,m,0
7346,m,1
7354,f,1
7360,f,1
7361,m,1
7366,f,0
7367,m,3
7369,f,4
7378,f,1
7379,f,1
7382,m,1
7385,f,1
7388,f,1
7401,f,1
7402,m,1
7403,f,0
7404,m,1
7405,m,1
7411,f,0
7415,m,1
7421,m,0
7424,m,1
7428,f,3
7432,m,1
7434,f,4
7438,m,0
7441,m,4
7448,f,3
7451,f,0
7463,f,1
7464,f,1
7465,m,1
7470,m,1
7476,m,1
7477,f,1
7479,f,1
7483,f,0
7484,m,0
7495,m,1
7499,f,1
7501,m,1
7507,m,1
7508,f,0
7514,f,1
7518,m,1
7525,f,2
7527,m,0
7528,f,4
7530,f,0
7531,f,3
7532,m,1
7543,f,0
7548,f,1
7555,m,1
7557,m,4
7561,f,1
7562,f,1
7563,m,1
7565,m,0
7566,m,1
7568,f,4
7569,m,1
7571,m,7
7573,f,2
7592,f,3
7597,f,2
7603,f,0
7619,m,1
7620,f,3
7629,m,1
7631,f,0
7634,f,3
7637,m,0
7639,m,0
7648,f,1
7655,m,1
7656,f,1
7657,m,1
7658,m,1
7663,m,1
7670,m,2
7676,m,0
7678,f,1
7686,f,1
7687,m,1
7690,m,1
7691,m,1
7699,m,1
7704,f,1
7709,f,1
7710,m,1
7718,m,0
7730,m,1
7736,m,1
7739,f,1
7740,f,1
7741,f,1
7742,f,1
7743,m,0
7749,m,1
7750,f,1
7755,m,1
7757,m,1
7760,f,1
7766,f,1
7767,f,1
7768,m,0
7773,m,1
7776,f,1
7780,f,5
7781,m,1
7787,f,1
7789,f,0
7791,f,1
7793,f,1
7797,m,1
7817,m,2
7822,m,1
7830,f,0
7836,m,1
7840,m,1
7845,m,2
7847,m,1
7848,f,1
7855,m,0
7856,f,8
7861,m,1
7862,m,0
7866,f,0
7868,f,7
7869,f,1
7871,m,1
7872,m,1
7873,m,2
7874,f,4
7876,m,0
7877,f,1
7880,f,1
7881,m,1
7894,m,1
7895,f,0
7903,f,1
7905,m,0
7906,f,1
7910,m,0
7912,f,1
7914,f,1
7921,f,2
7932,m,3
7936,m,1
7938,f,1
7939,f,0
7947,f,1
7948,m,0
7955,m,0
7956,m,1
7959,m,1
7963,f,1
7966,f,1
7969,m,1
7972,m,0
7975,f,0
7976,m,1
7988,f,1
7993,f,1
7994,f,1
7997,f,0
8004,m,11
8005,m,2
8010,f,5
8014,f,0
8019,m,0
8022,m,1
8026,m,2
8030,f,1
8032,m,0
8033,m,1
8034,f,1
8036,f,0
8038,m,0
8039,m,1
8046,m,0
8048,f,0
8055,m,0
8060,m,0
8061,f,0
8064,f,0
8067,m,1
8078,m,0
8080,m,0
8089,m,1
8095,m,1
8108,m,1
8112,f,11
8113,f,1
8123,f,0
8130,m,1
8132,f,1
8135,m,0
8137,m,1
8140,m,1
8148,f,1
8149,f,3
8158,f,0
8164,m,1
8165,m,1
8171,m,1
8175,f,1
8187,f,3
8188,m,0
8199,m,1
8201,m,4
8214,m,1
8215,m,0
8217,f,1
8219,m,1
8223,m,0
8224,f,1
8228,m,1
8237,m,2
8242,f,1
8245,m,0
8250,m,0
8251,m,0
8252,f,1
8253,m,0
8254,f,0
8259,m,1
8264,m,1
8278,f,0
8279,m,2
8284,m,8
8285,m,0
8290,f,1
8292,m,7
8293,f,0
8295,m,0
8311,m,13
8315,m,3
8316,f,5
8322,m,0
8323,f,1
8326,f,0
8332,m,0
8333,m,0
8334,f,1
8335,m,1
8344,f,1
8345,m,0
8351,m,0
8362,f,1
8365,f,1
8374,f,1
8377,f,1
8378,f,0
8379,f,1
8382,m,1
8384,f,1
8385,f,1
8389,m,1
8396,m,1
8398,m,1
8400,f,1
8401,f,1
8423,m,4
8428,m,0
8431,m,2
8436,m,1
8439,f,1
8442,f,1
8451,m,1
8458,m,1
8460,m,1
8467,m,1
8468,f,2
8469,m,2
8475,m,1
8478,f,1
8479,f,1
8490,f,1
8494,f,4
8495,f,0
8496,f,16
8502,m,1
8504,f,0
8505,m,1
8510,m,1
8512,f,1
8513,m,0
8514,f,0
8516,f,2
8520,f,1
8522,m,2
8523,f,0
8533,f,1
8535,m,1
8541,m,1
8551,f,2
8554,m,1
8555,f,0
8556,f,1
8559,f,2
8562,m,1
8573,m,1
8574,f,1
8580,m,0
8585,m,2
8586,m,0
8590,f,1
8596,f,1
8600,m,1
8601,f,1
8602,f,1
8605,f,1
8608,m,1
8609,m,3
8614,m,0
8615,m,4
8626,f,1
8627,m,0
8630,f,0
8633,f,2
8634,m,2
8638,f,0
8645,f,1
8657,f,1
8660,f,4
8664,m,1
8670,f,1
8674,m,1
8679,f,0
8682,f,1
8687,m,1
8693,f,2
8696,f,1
8699,m,1
8701,m,1
8704,m,1
8708,m,1
8709,m,4
8710,f,0
8714,f,1
8715,f,1
8718,m,1
8726,f,1
8731,m,0
8734,m,1
8738,m,1
8739,f,1
8741,m,0
8747,f,1
8748,m,1
8755,m,0
8757,f,0
8759,m,1
8764,f,0
8766,m,1
8774,m,1
8775,f,0
8779,f,1
8783,f,0
8788,m,1
8789,f,1
8792,m,1
8794,m,0
8796,f,0
8798,f,1
8812,f,3
8815,f,1
8818,f,3
8822,m,0
8832,m,1
8833,f,3
8836,m,2
8842,f,0
8846,m,1
8854,f,0
8855,m,1
8857,m,1
8860,m,0
8864,m,1
8866,f,1
8869,f,3
8871,f,0
8872,m,1
8880,f,1
8881,m,3
8885,f,1
8887,m,0
8892,m,5
8896,m,0
8897,m,1
8901,m,1
8903,f,3
8909,m,1
8910,f,0
8914,f,11
8916,m,1
8917,f,1
8919,f,1
8920,f,0
8923,f,3
8927,f,0
8930,f,1
8934,f,1
8935,f,1
8937,f,1
8951,f,1
8953,m,0
8961,f,1
8962,m,1
8969,m,3
8973,m,0
8979,m,0
8980,m,1
8981,m,5
8985,f,4
8987,m,1
8991,f,1
8992,m,1
8998,m,1
8999,m,0
9002,m,1
9008,m,0
9014,m,1
9019,f,1
9025,f,1
9030,m,1
9031,f,0
9032,f,1
9041,m,1
9046,f,0
9047,f,1
9056,m,0
9057,m,0
9058,f,6
9061,f,1
9064,m,1
9065,f,1
9068,m,0
9071,f,1
9077,f,0
9083,f,0
9085,m,1
9090,m,0
9100,f,1
9101,m,1
9102,f,2
9104,m,0
9108,m,1
9117,f,1
9122,f,1
9126,f,1
9132,f,0
9140,m,1
9145,m,1
9146,f,5
9147,f,0
9151,f,0
9156,m,1
9159,m,1
9160,f,0
9162,f,2
9164,f,1
9167,m,1
9168,m,1
9169,f,1
9172,m,1
9174,f,0
9175,f,1
9177,m,1
9180,m,0
9182,f,3
9186,f,0
9192,m,0
9198,f,1
9210,f,1
9211,f,1
9213,m,0
9214,f,1
9220,f,3
9234,f,1
9237,m,0
9239,f,0
9241,f,1
9249,f,0
9252,m,1
9255,m,0
9256,m,0
9257,m,0
9259,m,1
9267,m,0
9269,m,1
9277,m,1
9288,f,9
9289,f,1
9290,m,1
9291,f,0
9293,m,1
9295,f,0
9298,m,2
9309,m,0
9310,f,0
9327,f,0
9333,m,3
9346,f,0
9350,m,0
9352,m,0
9354,f,1
9355,m,1
9359,f,1
9360,f,1
9361,m,0
9364,m,2
9366,m,1
9368,m,1
9371,m,15
9374,f,1
9376,m,1
9383,f,1
9385,f,1
9389,m,2
9391,m,1
9402,m,8
9404,m,2
9406,m,0
9411,f,1
9413,m,1
9417,f,0
9418,f,2
9422,m,1
9427,m,1
9429,f,2
9431,f,1
9438,m,1
9439,f,0
9448,m,1
9450,m,18
9456,f,1
9467,m,0
9471,f,0
9472,m,1
9473,f,1
9476,m,0
9477,m,0
9482,f,0
9483,f,5
9487,m,2
9492,m,1
9495,f,1
9497,m,1
9498,m,1
9500,f,1
9503,f,0
9510,m,2
9515,f,1
9516,m,1
9524,f,0
9530,m,1
9531,f,0
9537,f,1
9539,f,0
9549,f,0
9550,f,2
9551,f,1
9555,f,2
9559,f,1
9576,m,2
9578,f,1
9583,m,1
9584,f,0
9586,m,1
9588,f,11
9592,m,3
9593,f,0
9596,f,1
9598,m,0
9602,f,0
9611,f,0
9613,m,1
9614,m,2
9615,m,2
9617,f,1
9621,f,1
9624,m,1
9627,f,0
9639,f,5
9640,f,0
9641,f,1
9644,f,1
9647,m,1
9651,m,1
9652,f,1
9653,m,1
9657,f,1
9658,f,0
9659,f,1
9662,m,1
9663,m,1
9673,f,3
9675,f,1
9676,f,0
9681,m,0
9682,m,1
9683,m,1
9689,f,1
9690,m,1
9693,m,1
9695,f,1
9696,m,1
9698,f,0
9701,m,0
9704,f,1
9715,f,1
9723,m,1
9726,f,6
9728,m,1
9730,m,0
9732,f,1
9733,f,2
9735,m,1
9743,f,4
9750,m,1
9751,f,0
9752,m,1
9754,f,6
9755,f,0
9767,f,0
9777,m,3
9778,m,2
9784,f,1
9785,f,1
9789,f,0
9792,f,0
9802,m,1
9803,f,1
9804,f,0
9805,f,1
9808,m,3
9811,m,1
9817,f,1
9822,f,1
9826,m,1
9832,m,1
9838,f,0
9848,m,1
9853,f,1
9855,m,5
9856,f,1
9858,m,1
9862,f,0
9863,f,0
9871,m,1
9872,m,0
9876,f,0
9880,f,0
9885,f,3
9887,m,1
9888,f,2
9891,m,0
9892,m,1
9893,m,1
9899,f,1
9900,m,1
9905,m,0
9912,m,0
9915,m,1
9918,m,1
9919,m,0
9922,m,0
9925,f,1
9929,f,1
9930,f,5
9936,m,1
9937,m,0
9947,f,1
9948,f,0
9953,m,0
9959,m,1
9962,f,2
9968,m,4
9970,m,1
9975,f,1
9984,f,0
9985,m,9
9986,f,0
9990,m,0
9999,f,2
10000,m,1
10001,m,4
10002,f,1
10004,f,1
10006,m,1
10007,f,1
10008,f,6
10010,m,2
10011,m,1
10012,m,4
10013,m,1
10014,f,1
10015,m,2
10017,m,1
10018,m,1
10019,m,1
10020,m,3
10021,m,1
10022,m,1
10023,m,1
10024,m,1
10025,m,1
10026,m,2
10027,f,1
10030,m,1
10031,m,0
10032,f,1
10033,m,1
10034,f,3
10035,m,4
10037,m,1
10039,m,1
10041,m,4
10042,m,1
10043,m,1
10044,m,1
10045,m,1
10047,m,0
10048,m,1
10051,f,1
10052,m,4
10053,f,1
10054,m,1
10055,m,1
10056,f,1
10057,m,1
10058,m,1
10059,f,6
10060,f,1
10061,f,1
10062,f,0
10064,f,1
10065,f,1
10066,f,1
10067,f,1
10069,f,0
10070,m,3
10074,f,1
10075,m,1
10076,f,0
10078,m,13
10079,m,0
10080,m,3
10081,m,1
10082,m,0
10083,m,1
10084,f,1
10085,f,0
10087,m,1
10088,f,1
10089,f,1
10090,f,0
10092,f,1
10093,m,0
10094,m,2
10095,f,2
10096,m,2
10097,m,1
10098,f,1
10099,f,3
10102,m,1
10104,f,1
10105,f,1
10106,f,5
10107,m,1
10108,f,1
10111,m,14
10113,f,1
10114,m,6
10115,f,0
10116,m,2
10117,m,1
10118,f,8
10119,m,2
10120,m,3
10121,f,2
10123,f,1
10124,m,1
10125,f,1
10126,f,0
10127,f,1
10128,m,1
10129,f,3
10130,m,1
10131,m,1
10133,f,2
10134,f,0
10135,f,1
10136,m,1
10139,m,1
10140,m,1
10141,f,1
10142,f,0
10143,f,1
10144,f,1
10145,f,5
10148,m,3
10149,f,6
10150,m,1
10151,f,1
10153,f,1
10155,f,3
10157,m,1
10159,m,1
10160,m,13
10162,f,1
10163,m,1
10164,f,13
10165,f,1
10166,f,5
10167,f,2
10168,f,1
10169,f,2
10171,m,1
10172,m,1
10173,m,13
10174,m,0
10175,m,1
10176,m,1
10178,f,1
10179,f,1
10180,m,0
10181,m,1
10182,m,1
10184,m,1
10185,m,1
10186,f,1
10187,m,1
10189,m,4
10191,m,3
10192,f,1
10193,m,3
10195,f,1
10197,f,1
10199,m,1
10200,f,1
10201,f,1
10202,m,2
10203,m,0
10204,f,1
10206,m,2
10207,f,1
10208,m,1
10209,m,0
10210,m,1
10211,f,1
10212,f,0
10214,f,1
10215,m,5
10216,m,5
10218,m,1
10219,f,1
10220,m,1
10221,m,1
10225,m,1
10226,f,2
10227,m,1
10228,f,1
10229,f,1
10230,f,6
10231,f,0
10232,f,0
10234,m,0
10236,f,1
10237,f,1
10238,f,14
10241,m,0
10242,f,1
10243,f,1
10244,f,0
10245,m,1
10247,m,1
10248,f,3
10249,f,1
10250,f,1
10251,m,1
10252,f,2
10253,f,1
10254,f,2
10255,f,0
10256,m,0
10257,f,1
10258,f,1
10259,f,5
10261,m,0
10262,f,1
10263,f,1
10264,f,0
10265,f,2
10266,f,1
10268,f,1
10271,f,0
10272,m,1
10274,m,3
10275,f,1
10276,m,7
10277,m,0
10278,f,1
10279,f,1
10280,f,1
10281,m,1
10282,f,4
10283,f,1
10284,m,1
10285,f,1
10286,f,1
10288,f,2
10290,m,1
10291,f,1
10292,m,0
10293,m,1
10294,m,1
10295,m,4
10297,m,0
10299,m,0
10300,m,3
10301,m,1
10303,f,1
10304,m,1
10307,m,1
10308,m,0
10310,m,1
10311,m,8
10314,f,1
10315,m,3
10316,m,1
10317,m,0
10318,f,1
10319,f,3
10320,m,2
10321,f,1
10322,m,1
10323,m,4
10324,f,3
10325,f,0
10326,f,0
10327,m,1
10328,f,1
10330,f,8
10331,f,1
10332,f,1
10333,f,1
10334,m,2
10335,m,2
10336,m,0
10337,m,1
10338,f,1
10339,m,4
10343,m,2
10345,f,1
10346,f,2
10347,m,1
10349,f,4
10350,m,1
10351,m,1
10352,m,5
10353,m,1
10354,m,1
10355,m,1
10356,f,1
10357,m,1
10358,f,1
10359,f,1
10361,m,1
10363,m,7
10364,f,1
10365,f,1
10367,f,1
10370,f,5
10371,m,1
10372,f,4
10376,m,1
10377,m,1
10379,f,1
10380,m,1
10381,f,1
10383,f,0
10384,f,4
10386,m,1
10387,f,0
10388,f,1
10389,f,3
10391,f,0
10392,m,1
10394,m,1
10395,f,1
10396,f,1
10397,m,1
10398,m,2
10399,m,1
10400,f,1
10402,f,1
10404,f,0
10406,m,1
10409,m,0
10410,f,13
10411,f,1
10412,m,1
10414,m,0
10415,m,1
10416,f,1
10418,m,0
10419,m,5
10420,f,4
10421,f,23
10424,m,3
10425,f,0
10426,m,1
10427,m,0
10429,f,1
10430,f,1
10431,m,1
10432,f,13
10434,f,0
10436,m,3
10437,f,0
10438,m,0
10440,m,1
10441,m,0
10442,m,1
10443,m,1
10444,m,1
10445,m,1
10447,f,1
10448,f,1
10451,f,1
10452,m,0
10453,m,1
10456,f,1
10457,m,1
10458,f,1
10459,m,0
10461,m,2
10462,m,1
10465,f,1
10466,f,0
10467,f,1
10469,f,0
10472,m,0
10473,f,3
10474,f,6
10475,f,1
10478,m,1
10479,f,0
10480,f,45
10482,f,1
10484,f,12
10485,m,1
10486,f,1
10487,f,6
10488,m,1
10489,f,6
10490,f,1
10493,m,0
10494,f,17
10496,m,1
10497,f,1
10498,f,2
10499,m,1
10500,m,0
10501,m,13
10502,m,3
10504,m,1
10505,f,1
10507,f,1
10508,m,1
10509,m,1
10510,f,1
10512,m,0
10513,m,1
10514,f,1
10515,m,1
10516,f,7
10518,m,1
10519,m,10
10522,m,0
10523,f,0
10524,m,1
10525,m,1
10526,f,1
10527,f,1
10528,f,3
10529,m,5
10530,f,1
10531,f,1
10533,m,3
10534,f,3
10535,f,3
10536,f,1
10538,m,1
10540,m,4
10541,m,3
10542,m,1
10544,m,1
10545,f,1
10546,m,1
10548,f,1
10549,f,1
10550,f,0
10551,f,1
10552,f,1
10553,m,1
10554,f,0
10555,f,1
10556,f,1
10557,m,1
10558,f,1
10561,m,1
10563,f,1
10564,f,0
10565,f,2
10566,f,2
10568,m,1
10569,m,1
10570,f,1
10571,f,1
10572,f,1
10574,m,5
10575,f,1
10576,m,1
10577,m,1
10578,m,1
10579,m,7
10580,f,1
10581,m,2
10582,f,1
10585,f,1
10586,m,5
10587,m,1
10590,m,1
10592,f,1
10593,m,1
10594,f,1
10596,f,6
10597,f,12
10598,f,1
10599,m,0
10600,m,1
10601,f,1
10604,f,1
10605,f,0
10606,f,1
10607,m,2
10608,m,1
10609,f,0
10610,f,1
10612,m,1
10613,m,9
10614,f,1
10615,f,1
10616,f,1
10617,m,1
10618,f,1
10619,f,7
10621,m,1
10622,m,1
10623,m,1
10624,m,1
10625,f,1
10626,f,1
10627,f,1
10628,m,1
10629,m,6
10630,f,1
10631,m,0
10633,m,1
10635,m,13
10636,m,1
10637,f,13
10638,f,1
10639,f,1
10640,f,2
10641,m,6
10642,m,1
10643,f,1
10644,f,1
10645,f,1
10649,m,1
10650,m,1
10651,m,2
10652,m,6
10653,m,1
10655,f,1
10656,m,0
10658,m,2
10659,m,0
10660,m,1
10662,f,3
10663,f,6
10666,f,1
10667,m,1
10669,f,1
10670,f,0
10671,f,1
10672,m,1
10673,m,0
10676,f,4
10677,f,1
10679,m,1
10680,m,1
10681,f,0
10682,f,1
10683,m,0
10684,f,0
10685,f,1
10686,f,0
10687,m,1
10688,f,1
10689,f,1
10692,m,0
10693,m,1
10694,m,1
10696,m,1
10697,m,4
10698,m,13
10699,f,1
10700,f,1
10701,f,1
10703,m,1
10705,m,1
10707,f,1
10708,m,2
10709,m,1
10711,f,1
10713,f,0
10715,f,2
10717,m,1
10718,f,10
10719,m,1
10720,f,1
10721,f,1
10723,m,1
10724,f,1
10725,m,12
10727,m,1
10730,m,3
10731,f,1
10732,f,1
10733,f,1
10734,f,1
10735,f,1
10736,f,1
10737,m,2
10739,f,2
10740,f,1
10741,m,1
10742,f,1
10743,m,1
10745,f,5
10747,m,1
10750,m,0
10751,f,3
10752,m,1
10753,m,0
10754,f,0
10755,f,1
10756,f,1
10757,f,8
10758,m,1
10759,m,0
10760,f,1
10762,m,1
10763,m,4
10764,f,1
10765,m,1
10766,f,1
10767,f,2
10769,f,1
10770,m,8
10771,f,4
10773,m,1
10774,m,2
10775,f,1
10776,f,1
10777,f,2
10778,m,1
10779,f,1
10780,f,1
10782,f,1
10783,f,1
10785,m,1
10786,m,0
10788,f,1
10789,f,5
10790,m,1
10791,m,1
10792,f,1
10793,m,1
10795,f,1
10796,f,2
10797,f,1
10798,f,2
10802,m,0
10803,m,1
10805,f,1
10806,m,1
10807,f,1
10808,f,1
10812,m,5
10813,f,1
10814,m,1
10815,m,1
10816,f,1
10818,m,7
10819,f,2
10820,m,2
10821,m,0
10822,f,9
10823,m,1
10824,f,1
10825,f,3
10827,m,3
10829,m,1
10830,m,1
10831,f,1
10832,f,0
10833,f,6
10839,m,1
10840,m,1
10841,m,0
10842,m,1
10843,m,12
10847,m,1
10849,f,0
10850,m,1
10851,f,1
10852,m,4
10853,f,1
10855,f,1
10856,m,1
10857,m,0
10858,m,1
10862,m,1
10863,m,1
10865,f,1
10866,f,1
10867,m,1
10869,f,1
10873,f,0
10874,f,1
10875,m,9
10876,f,2
10877,m,1
10878,m,1
10879,m,1
10880,f,1
10881,m,1
10883,f,0
10884,f,1
10885,f,1
10886,m,0
10887,f,1
10889,m,0
10890,f,8
10892,f,0
10893,m,1
10894,m,1
10895,m,1
10897,m,1
10899,f,2
10900,f,0
10901,m,1
10902,m,1
10903,f,1
10904,m,2
10905,m,1
10906,f,1
10907,f,1
10908,f,1
10909,m,1
10912,f,6
10913,f,1
10914,m,1
10915,f,1
10916,f,0
10917,m,0
10920,m,1
10921,m,0
10922,m,1
10924,f,7
10925,m,1
10927,f,3
10928,m,1
10929,f,1
10930,m,1
10931,m,1
10932,m,11
10933,f,1
10934,f,1
10935,f,1
10936,m,1
10937,m,1
10938,f,1
10940,m,1
10941,f,1
10943,f,1
10944,m,1
10945,m,1
10948,f,1
10949,f,1
10950,f,1
10952,m,1
10954,f,1
10955,m,7
10956,m,4
10958,m,6
10960,m,0
10961,f,1
10962,f,15
10963,m,1
10964,m,13
10965,f,1
10966,f,1
10967,m,1
10968,m,1
10969,f,1
10970,f,7
10972,f,8
10973,m,1
10974,f,1
10975,m,12
10976,m,1
10977,f,1
10979,m,1
10980,f,2
10982,f,1
10983,f,2
10984,f,1
10987,f,4
10988,f,0
10989,m,1
10990,f,5
10991,f,1
10992,m,3
10995,m,12
10997,f,1
10998,m,0
10999,f,1
11000,f,1
11001,f,1
11002,f,1
11003,f,1
11005,m,5
11006,f,1
11007,m,0
11008,f,1
11009,f,5
11010,m,1
11011,f,10
11013,m,1
11015,f,2
11016,m,1
11017,f,1
11018,f,3
11019,m,0
11020,f,1
11021,f,1
11022,m,1
11023,m,7
11024,m,1
11025,m,1
11026,m,1
11027,m,9
11029,m,1
11030,m,1
11031,f,1
11033,m,0
11034,m,5
11035,f,1
11036,m,0
11037,f,1
11038,m,2
11039,m,1
11040,m,1
11042,f,3
11043,f,1
11044,f,3
11045,f,12
11046,m,5
11048,m,0
11049,f,1
11050,m,1
11051,m,1
11052,m,1
11053,f,1
11054,f,1
11055,f,5
11056,f,1
11057,m,1
11058,f,0
11059,f,6
11060,m,1
11061,m,1
11062,m,1
11063,f,1
11064,m,4
11065,m,1
11066,m,1
11068,m,1
11069,m,1
11070,f,11
11071,m,1
11072,f,1
11073,f,3
11074,f,1
11076,m,4
11077,m,1
11078,f,1
11079,m,2
11080,m,1
11082,m,1
11088,m,1
11089,f,1
11092,m,8
11093,f,1
11095,m,2
11096,m,2
11097,f,5
11098,m,1
11099,f,1
11100,f,1
11102,m,0
11103,m,14
11104,f,1
11105,f,1
11106,f,1
11107,f,1
11108,m,0
11110,m,1
11111,f,0
11114,f,1
11115,f,1
11119,f,2
11120,m,1
11121,m,2
11122,f,1
11123,f,1
11124,m,5
11125,f,0
11126,m,1
11127,m,13
11128,m,1
11130,m,1
11131,f,2
11135,f,1
11137,f,1
11138,m,7
11139,m,1
11140,m,1
11141,f,1
11142,f,3
11143,f,1
11145,f,0
11146,f,0
11147,m,21
11149,f,1
11150,f,1
11151,m,0
11152,m,13
11153,m,1
11154,f,1
11157,f,1
11158,m,12
11159,f,1
11160,f,1
11161,m,1
11163,f,1
11164,m,5
11165,m,1
11166,m,1
11168,f,1
11169,m,5
11170,m,1
11171,f,1
11172,m,2
11173,m,1
11174,m,0
11175,f,1
11176,f,0
11177,f,4
11179,m,1
11181,f,2
11182,m,1
11183,f,4
11184,f,1
11185,m,1
11186,f,1
11187,f,1
11188,m,1
11190,f,1
11191,m,1
11192,m,1
11194,m,1
11195,f,1
11196,m,1
11197,f,1
11198,f,1
11199,f,8
11200,f,1
11202,m,4
11203,f,1
11204,f,1
11206,m,13
11207,f,1
11208,f,2
11210,m,1
11211,m,1
11212,m,1
11213,f,1
11214,f,1
11215,f,1
11218,f,1
11220,f,3
11221,m,6
11222,f,2
11224,m,0
11226,m,1
11227,m,1
11228,f,11
11229,f,1
11231,f,2
11232,f,0
11233,m,1
11234,f,5
11235,m,7
11236,f,10
11237,f,1
11238,m,1
11240,f,1
11241,f,6
11244,f,0
11245,f,1
11246,m,1
11247,f,1
11248,f,5
11250,f,1
11252,m,1
11254,f,1
11255,f,0
11256,m,1
11257,m,1
11258,f,0
11259,m,0
11261,f,1
11264,f,1
11265,m,17
11266,f,0
11268,f,1
11269,m,1
11270,f,2
11271,f,0
11272,f,1
11274,f,1
11275,m,0
11277,f,1
11278,f,1
11279,m,1
11280,f,1
11281,f,3
11282,m,1
11283,m,1
11284,m,1
11285,f,1
11286,m,0
11287,m,4
11288,f,1
11289,m,1
11291,f,1
11292,f,1
11293,m,1
11294,f,6
11295,m,1
11300,f,2
11301,f,1
11302,m,1
11304,m,1
11305,f,1
11306,m,1
11307,f,4
11308,m,1
11309,f,15
11310,m,1
11311,m,6
11313,m,1
11315,f,1
11316,f,12
11318,m,1
11320,f,1
11323,f,2
11324,f,0
11326,m,1
11327,m,1
11328,m,1
11329,f,1
11334,f,10
11335,f,1
11336,f,1
11337,f,7
11338,f,1
11339,f,1
11340,f,46
11344,m,1
11347,m,3
11348,f,3
11349,f,1
11350,f,0
11351,m,1
11352,f,1
11353,m,7
11354,f,1
11357,f,1
11360,f,1
11361,f,1
11365,f,0
11366,m,12
11367,f,1
11368,m,1
11369,m,4
11370,f,1
11371,f,1
11372,m,0
11373,m,11
11374,f,1
11377,f,11
11378,m,1
11379,f,3
11380,m,1
11382,f,2
11383,m,2
11385,f,11
11386,m,1
11387,f,1
11388,f,1
11389,m,1
11390,f,1
11391,f,1
11394,m,1
11396,m,0
11400,f,1
11401,f,13
11402,m,1
11404,f,3
11405,m,1
11406,f,2
11407,f,1
11410,f,6
11411,m,13
11412,f,1
11413,f,1
11414,f,1
11415,m,1
11416,f,1
11418,f,1
11420,f,1
11421,m,8
11423,m,1
11424,m,3
11425,m,2
11426,f,7
11427,f,1
11428,m,6
11431,f,1
11435,m,1
11436,m,0
11438,f,3
11439,m,1
11440,f,1
11441,m,0
11442,m,0
11443,f,1
11444,m,1
11446,f,0
11447,m,9
11449,f,1
11450,m,1
11451,m,1
11452,m,2
11453,f,1
11454,m,1
11455,f,1
11456,m,1
11457,m,0
11458,f,1
11459,f,1
11461,f,1
11462,f,1
11463,f,1
11465,f,1
11466,f,1
11467,f,0
11470,f,1
11472,m,6
11473,m,2
11474,m,5
11475,m,1
11476,f,5
11477,m,1
11479,m,4
11480,m,1
11481,m,0
11482,f,1
11484,m,1
11485,f,1
11486,m,1
11487,m,15
11488,m,1
11489,f,7
11490,f,1
11491,f,1
11492,f,1
11494,m,0
11495,m,1
11496,m,1
11498,m,1
11500,f,12
11504,m,1
11505,f,1
11506,m,12
11509,m,1
11510,f,1
11511,f,1
11512,m,3
11513,f,1
11514,m,1
11515,m,12
11516,f,1
11517,f,2
11520,f,1
11521,m,1
11525,m,0
11526,m,1
11527,m,6
11528,f,1
11530,m,1
11531,m,1
11532,f,1
11533,m,2
11535,m,1
11536,f,1
11539,f,5
11540,f,1
11541,m,1
11543,m,1
11546,m,1
11547,m,1
11549,f,1
11550,f,1
11551,f,1
11552,m,1
11553,m,1
11554,m,1
11555,m,0
11556,f,1
11557,m,1
11558,m,1
11560,f,0
11561,m,1
11565,m,2
11566,f,0
11567,m,1
11568,f,1
11569,m,5
11570,f,1
11571,m,1
11572,f,1
11573,f,5
11575,m,1
11578,f,1
11580,f,1
11581,f,7
11582,f,0
11583,m,1
11584,f,1
11585,m,1
11587,f,1
11588,f,1
11589,m,15
11590,f,1
11591,m,0
11592,f,1
11593,m,1
11595,f,1
11597,f,0
11598,f,1
11599,m,1
11601,m,1
11602,m,1
11603,f,6
11604,m,1
11605,m,2
11606,m,5
11607,m,1
11608,f,1
11609,m,0
11610,f,2
11611,f,5
11612,f,0
11614,f,1
11615,f,1
11616,m,1
11617,f,1
11618,f,1
11619,f,9
11620,f,1
11621,f,1
11622,f,1
11623,m,1
11626,m,1
11628,m,1
11629,m,2
11632,m,1
11633,m,1
11634,m,1
11637,m,1
11638,m,1
11639,m,2
11640,f,7
11642,m,1
11643,f,1
11644,m,0
11646,m,8
11648,f,2
11650,m,1
11651,m,1
11653,f,1
11654,f,1
11655,m,1
11658,m,0
11660,m,1
11661,f,1
11662,f,1
11663,m,1
11664,m,1
11665,f,1
11666,m,12
11667,m,0
11668,f,1
11669,m,3
11670,m,2
11671,m,1
11672,f,1
11673,m,13
11674,f,9
11675,f,12
11676,m,1
11677,f,1
11679,m,1
11681,f,1
11682,f,5
11683,m,1
11684,m,1
11685,f,1
11686,f,4
11688,m,1
11689,f,15
11690,m,1
11692,f,1
11693,f,4
11694,m,0
11696,m,1
11697,f,1
11698,f,1
11699,f,0
11700,m,1
11701,m,1
11702,f,1
11704,m,2
11705,f,12
11706,m,3
11707,m,1
11708,f,1
11710,f,1
11711,m,1
11712,m,0
11713,f,2
11714,f,5
11715,m,1
11716,f,0
11717,m,1
11718,f,0
11719,m,0
11721,m,10
11722,m,1
11723,f,1
11724,m,10
11725,f,1
11726,f,2
11727,m,0
11730,f,1
11732,m,1
11733,m,1
11734,m,0
11735,m,4
11736,f,0
11737,f,1
11738,m,1
11739,m,1
11740,f,1
11741,m,1
11743,f,3
11744,f,4
11745,f,0
11746,f,1
11747,f,2
11750,m,1
11751,m,6
11754,m,1
11755,m,0
11756,f,1
11757,m,1
11758,f,1
11760,f,2
11761,m,1
11762,f,1
11765,f,1
11767,f,1
11768,f,10
11769,m,1
11770,m,0
11771,f,1
11772,m,1
11773,f,0
11774,f,1
11775,m,0
11776,f,3
11777,f,1
11778,f,4
11779,f,1
11780,m,7
11781,f,1
11782,m,1
11784,m,1
11785,m,0
11788,f,1
11790,f,30
11792,f,1
11794,f,6
11797,m,0
11798,f,3
11801,f,1
11802,f,1
11803,m,12
11806,m,1
11807,f,1
11808,f,1
11809,m,0
11811,m,1
11812,f,2
11813,f,1
11815,f,0
11816,m,1
11818,f,1
11819,m,1
11820,m,1
11824,f,1
11827,f,1
11829,f,1
11831,f,3
11833,f,5
11834,f,1
11835,m,12
11840,m,1
11841,f,1
11842,m,2
11844,m,1
11845,f,1
11846,m,1
11847,f,1
11848,f,1
11850,f,1
11851,f,1
11852,m,0
11854,m,1
11855,m,1
11856,f,1
11858,m,8
11860,m,1
11862,m,1
11863,f,1
11864,f,1
11866,f,0
11867,f,1
11869,m,1
11870,f,3
11871,f,1
11872,f,13
11873,m,1
11874,f,1
11875,f,1
11877,m,13
11879,f,4
11880,m,1
11881,m,1
11883,m,1
11884,m,1
11885,f,1
11886,f,12
11887,f,0
11888,m,0
11890,f,1
11891,f,3
11892,f,1
11893,f,12
11896,m,1
11897,m,0
11899,m,1
11900,f,1
11901,f,1
11903,f,0
11904,m,2
11905,m,3
11906,f,2
11907,f,0
11908,f,1
11909,f,1
11910,f,1
11911,m,1
11912,m,4
11913,m,1
11914,f,1
11915,m,1
11916,f,8
11917,f,13
11918,f,1
11919,m,0
11922,f,2
11923,m,12
11924,f,1
11926,m,1
11927,m,18
11928,m,2
11929,m,1
11930,f,1
11931,m,1
11933,m,1
11935,m,1
11937,f,1
11938,m,1
11939,m,1
11941,m,1
11943,f,1
11945,f,1
11947,m,1
11948,f,1
11949,f,1
11951,m,8
11952,f,2
11954,f,7
11957,f,1
11958,m,9
11959,m,1
11961,f,1
11962,f,1
11963,f,6
11964,m,1
11965,m,1
11966,f,1
11967,m,2
11968,m,1
11969,m,1
11970,f,1
11971,f,1
11972,f,1
11973,m,1
11974,f,1
11975,m,2
11976,f,1
11977,f,1
11978,f,0
11980,f,1
11981,f,0
11982,m,1
11983,m,0
11984,f,1
11985,f,1
11986,m,7
11989,f,1
11990,f,0
11992,m,1
11993,f,2
11994,f,0
11995,m,4
11996,m,1
11998,m,1
11999,f,1
12000,f,1
12001,f,1
12002,f,1
12003,m,4
12004,m,1
12005,m,1
12007,m,0
12008,m,1
12010,f,0
12011,f,0
12012,m,13
12013,f,1
12014,m,1
12015,f,1
12017,f,0
12018,f,1
12019,f,5
12020,m,5
12021,m,1
12023,m,5
12024,f,1
12025,f,2
12026,m,8
12029,m,0
12030,f,1
12032,f,1
12033,f,4
12034,f,1
12035,m,0
12036,m,1
12037,f,9
12038,f,1
12039,m,1
12041,m,2
12042,f,1
12043,f,1
12044,m,1
12045,f,1
12048,f,1
12049,f,1
12050,m,0
12051,f,1
12052,f,1
12054,m,0
12055,m,1
12056,f,1
12057,m,1
12059,m,1
12060,f,1
12062,f,4
12066,f,12
12067,f,13
12068,f,1
12069,m,1
12073,f,13
12074,f,1
12075,f,3
12076,m,1
12077,m,0
12078,f,1
12079,m,1
12080,f,1
12081,m,1
12082,m,3
12084,f,1
12085,m,0
12086,m,14
12087,f,2
12089,m,1
12092,f,1
12093,m,1
12094,m,1
12096,m,1
12097,f,1
12098,f,1
12099,f,0
12100,f,6
12103,f,1
12104,m,1
12106,f,1
12109,f,0
12110,f,1
12111,m,2
12113,m,1
12114,m,17
12115,m,1
12116,m,1
12117,f,1
12118,m,1
12119,f,1
12120,f,1
12121,f,6
12123,f,1
12124,f,1
12125,f,3
12126,m,1
12129,f,1
12130,m,2
12131,f,1
12132,m,1
12133,m,5
12134,f,3
12135,m,1
12136,m,1
12137,f,1
12139,m,0
12140,f,7
12141,f,1
12142,f,1
12143,f,1
12144,m,1
12145,f,2
12146,f,1
12148,m,1
12150,f,1
12151,m,1
12152,m,1
12155,m,1
12156,f,1
12157,f,12
12158,f,1
12159,f,1
12161,f,1
12162,m,1
12163,m,1
12164,f,1
12167,m,1
12168,f,1
12169,f,1
12170,f,5
12173,f,1
12174,f,1
12175,m,12
12176,m,1
12177,f,1
12179,f,1
12180,m,1
12181,m,1
12182,m,1
12183,f,1
12184,f,0
12186,m,4
12187,m,13
12188,m,0
12189,m,3
12190,f,4
12191,f,13
12192,f,14
12193,m,1
12194,m,1
12195,m,5
12196,m,1
12197,m,2
12199,m,1
12202,f,1
12203,m,1
12204,f,1
12205,f,7
12206,m,1
12207,m,7
12209,f,1
12210,m,1
12211,f,3
12213,m,1
12215,m,1
12216,m,1
12217,m,13
12219,f,1
12220,m,0
12221,f,1
12222,m,1
12223,m,11
12224,f,1
12225,f,14
12227,m,2
12228,m,1
12229,m,1
12230,m,0
12231,m,4
12232,m,1
12233,f,1
12234,m,1
12235,m,0
12236,f,1
12238,m,1
12239,m,0
12240,f,2
12241,f,1
12242,m,1
12243,f,0
12244,f,1
12245,m,1
12247,f,1
12248,f,21
12249,m,1
12251,m,1
12253,f,1
12254,m,8
12255,m,6
12256,m,0
12258,m,1
12259,f,1
12260,m,1
12264,m,1
12265,f,1
12266,m,1
12268,f,1
12270,f,1
12272,m,1
12273,m,1
12274,f,1
12277,m,1
12278,f,1
12279,m,14
12280,f,0
12283,f,1
12284,m,1
12285,m,1
12286,m,3
12287,f,1
12288,f,1
12289,m,1
12290,f,1
12291,f,1
12293,m,1
12294,f,1
12297,m,13
12298,f,1
12299,m,1
12300,m,13
12301,f,11
12305,m,1
12306,f,1
12307,m,0
12308,m,1
12309,m,1
12310,f,46
12311,f,3
12312,f,0
12313,f,1
12315,f,0
12316,m,1
12317,f,1
12318,f,1
12319,m,1
12320,f,1
12321,f,1
12322,m,0
12323,f,0
12324,f,4
12325,f,1
12326,f,1
12327,f,1
12328,f,1
12329,m,1
12330,m,0
12331,f,13
12332,m,9
12333,f,0
12334,f,13
12335,m,2
12338,m,2
12339,f,1
12340,m,2
12341,f,1
12342,m,1
12345,f,1
12346,m,1
12350,f,4
12351,f,16
12353,f,5
12354,f,1
12355,f,1
12356,m,1
12357,f,6
12359,f,1
12360,f,7
12361,m,2
12364,f,1
12365,f,1
12367,f,1
12368,m,5
12369,m,2
12370,m,1
12371,f,1
12373,f,1
12374,m,1
12375,m,1
12376,m,1
12377,m,0
12379,m,1
12380,m,1
12381,m,1
12382,f,1
12383,m,1
12384,m,1
12385,f,7
12386,m,1
12388,m,1
12389,m,1
12392,m,1
12393,f,0
12394,f,0
12395,m,1
12397,m,6
12399,f,1
12400,m,1
12401,m,1
12403,m,8
12404,f,1
12405,f,1
12406,m,1
12407,f,2
12408,m,4
12409,m,1
12411,f,1
12414,f,1
12415,f,1
12416,m,1
12417,m,1
12419,m,1
12420,f,0
12421,m,1
12422,f,1
12423,f,7
12424,f,13
12425,f,1
12426,f,12
12427,m,1
12428,f,1
12429,f,13
12431,m,1
12433,f,1
12434,m,4
12435,m,0
12436,f,1
12437,f,14
12438,f,1
12439,f,13
12440,f,1
12441,m,1
12442,f,1
12443,m,1
12444,m,1
12445,f,1
12446,f,1
12447,f,1
12448,f,5
12449,m,1
12450,m,1
12451,f,1
12454,f,1
12455,m,13
12456,m,1
12457,f,1
12458,m,48
12459,m,1
12461,f,2
12463,f,1
12465,m,1
12466,f,11
12469,m,1
12470,m,19
12472,m,1
12473,f,1
12476,m,1
12478,f,1
12479,f,1
12480,f,1
12482,f,1
12483,m,1
12484,f,1
12485,f,2
12486,m,1
12487,m,1
12489,f,5
12490,f,1
12492,f,1
12494,f,1
12495,f,1
12496,f,1
12497,m,1
12502,f,3
12503,m,1
12504,f,50
12505,f,2
12506,m,1
12508,f,1
12509,m,1
12510,m,1
12512,f,1
12513,f,1
12515,f,0
12516,f,12
12517,m,0
12518,f,2
12521,m,1
12522,f,1
12525,m,1
12526,f,1
12528,m,1
12529,m,1
12530,m,1
12531,m,1
12532,f,1
12533,f,2
12534,f,5
12536,m,1
12537,m,4
12538,m,1
12539,f,1
12540,f,1
12541,f,1
12542,f,1
12543,m,1
12544,f,1
12545,m,1
12547,m,1
12549,f,1
12550,m,20
12551,m,1
12552,f,13
12553,m,1
12554,f,1
12555,m,3
12556,f,1
12557,m,1
12558,f,1
12559,m,4
12560,f,1
12562,f,7
12563,f,1
12564,f,2
12565,f,1
12566,m,1
12567,f,2
12568,m,12
12569,m,2
12570,m,1
12571,f,1
12572,m,1
12573,m,0
12574,f,1
12576,f,15
12577,m,1
12580,f,9
12581,m,1
12585,m,1
12587,f,1
12588,m,11
12589,f,0
12591,m,1
12592,f,1
12593,f,1
12595,f,0
12596,m,0
12597,f,1
12598,f,11
12599,m,2
12600,m,1
12601,m,1
12602,m,6
12603,f,7
12604,m,1
12605,m,1
12606,f,1
12608,m,3
12610,m,1
12611,f,6
12612,f,16
12613,f,1
12614,f,1
12615,m,1
12616,m,5
12617,m,0
12618,f,1
12619,f,1
12620,f,11
12621,f,1
12623,m,0
12625,f,4
12627,m,1
12628,m,1
12629,m,1
12630,f,1
12631,f,1
12632,f,11
12635,m,0
12636,f,10
12637,m,8
12638,m,8
12639,f,1
12640,m,1
12641,m,1
12643,m,1
12644,m,0
12645,m,1
12646,m,0
12649,m,13
12650,f,11
12652,f,6
12653,m,1
12654,m,1
12657,m,1
12658,m,1
12659,f,1
12662,f,1
12663,f,1
12665,m,4
12666,m,0
12667,f,1
12668,f,1
12669,f,1
12670,f,1
12672,m,1
12673,m,1
12674,f,1
12676,m,12
12677,f,1
12678,f,1
12679,m,1
12680,f,1
12681,m,1
12682,m,1
12683,f,1
12684,f,1
12685,m,1
12687,m,3
12688,m,1
12691,f,1
12692,m,13
12693,f,1
12694,f,1
12695,f,1
12696,m,1
12697,f,1
12698,f,13
12699,f,1
12701,m,1
12702,f,1
12705,f,0
12706,m,0
12707,f,1
12708,m,1
12709,m,1
12712,f,1
12713,m,1
12714,f,0
12715,f,1
12716,m,1
12717,f,0
12720,f,12
12721,m,0
12723,m,0
12724,f,1
12728,f,1
12730,f,5
12731,f,1
12732,m,2
12733,m,0
12735,f,1
12737,f,12
12738,f,13
12739,m,13
12740,f,1
12741,m,1
12742,f,13
12743,m,1
12744,f,2
12745,f,0
12746,m,1
12747,f,1
12748,m,1
12750,f,0
12751,m,1
12752,m,2
12753,f,0
12754,m,16
12755,f,1
12756,f,1
12758,f,1
12759,m,1
12761,m,7
12762,f,1
12764,m,1
12767,m,6
12768,f,1
12769,m,1
12770,m,1
12771,f,1
12773,m,1
12774,f,1
12775,f,0
12776,f,16
12778,f,0
12779,f,1
12781,f,2
12782,f,1
12783,m,3
12784,f,1
12787,m,1
12788,f,1
12789,f,1
12792,f,1
12793,f,1
12794,f,13
12795,m,1
12796,m,1
12797,f,1
12799,m,5
12801,f,0
12802,f,0
12803,f,1
12806,f,1
12807,f,8
12808,m,3
12809,m,0
12810,f,1
12811,f,4
12813,f,1
12815,m,1
12818,m,1
12819,m,1
12820,m,1
12822,m,1
12823,m,1
12826,m,1
12827,f,1
12828,f,12
12830,f,1
12831,f,3
12833,m,13
12834,f,1
12835,f,5
12836,f,1
12837,m,1
12840,f,4
12841,m,0
12846,m,1
12847,f,1
12848,f,1
12849,m,3
12850,m,1
12851,f,1
12853,f,2
12854,m,0
12855,f,1
12857,f,5
12860,m,0
12861,f,1
12862,m,1
12864,m,14
12865,m,1
12866,m,1
12867,f,8
12868,m,1
12869,m,1
12870,f,1
12875,f,1
12877,m,1
12878,f,13
12879,f,0
12880,f,5
12881,f,1
12883,m,1
12884,f,1
12885,m,1
12886,f,12
12888,m,1
12889,m,1
12890,m,8
12891,f,1
12892,f,1
12893,m,1
12894,m,1
12895,f,4
12897,m,1
12898,f,1
12901,m,1
12905,f,1
12910,f,1
12911,f,1
12914,m,38
12915,m,1
12916,m,1
12918,m,4
12920,f,1
12921,m,10
12922,m,0
12923,m,0
12925,m,7
12926,f,1
12927,m,0
12928,m,4
12930,m,9
12933,f,1
12934,f,2
12935,m,1
12936,f,1
12938,f,5
12939,f,2
12941,f,2
12942,f,1
12943,m,0
12944,m,0
12945,m,1
12946,f,4
12948,f,1
12949,m,1
12951,m,1
12952,m,1
12954,m,1
12958,m,1
12959,m,0
12960,f,1
12962,f,1
12963,f,1
12967,f,4
12968,f,1
12969,m,1
12970,f,11
12971,m,13
12972,m,0
12973,m,7
12975,f,1
12976,f,1
12977,f,5
12978,m,1
12980,f,1
12981,f,1
12982,f,2
12984,f,13
12985,f,1
12988,f,1
12989,m,3
12990,f,2
12991,f,1
12992,m,2
12993,m,1
12994,f,1
12995,m,3
12997,f,1
12998,m,1
12999,m,1
13000,f,32
13001,f,1
13002,f,3
13003,f,2
13004,f,13
13005,m,1
13006,f,1
13007,m,1
13009,f,1
13011,f,1
13012,f,1
13013,f,1
13014,m,13
13017,f,0
13018,m,12
13019,f,1
13020,m,7
13021,m,13
13022,m,1
13023,m,1
13024,m,1
13026,f,0
13028,m,1
13031,m,1
13032,f,1
13033,f,1
13034,m,1
13035,f,1
13036,f,1
13037,f,2
13038,f,1
13039,f,1
13040,m,0
13041,m,1
13042,f,1
13044,f,1
13045,f,0
13047,f,1
13048,m,1
13050,m,1
13051,f,1
13052,f,0
13053,m,1
13057,m,3
13058,f,1
13059,m,1
13060,m,13
13061,f,1
13062,f,2
13063,m,1
13064,f,14
13065,m,2
13067,f,1
13069,m,1
13070,m,1
13072,f,4
13073,m,1
13074,m,1
13077,f,1
13078,m,1
13079,f,1
13080,m,1
13081,f,5
13083,m,1
13084,m,1
13085,f,1
13086,m,1
13088,f,1
13089,f,1
13090,m,13
13092,m,0
13093,m,0
13094,m,5
13095,m,0
13096,f,2
13097,f,2
13098,m,6
13099,f,3
13100,f,1
13101,f,1
13102,m,0
13104,m,1
13106,m,7
13108,m,1
13110,m,1
13111,m,1
13112,m,1
13115,m,2
13116,m,2
13117,f,3
13118,f,31
13119,m,1
13120,m,4
13122,m,6
13124,m,1
13125,m,14
13126,f,1
13128,m,2
13130,m,1
13131,m,1
13133,f,2
13134,m,1
13135,f,2
13138,f,1
13140,f,1
13141,m,1
13142,f,0
13143,m,10
13144,f,0
13146,f,14
13147,f,1
13148,m,1
13149,m,14
13150,m,3
13151,m,1
13152,f,0
13153,f,1
13154,m,0
13155,f,1
13156,f,1
13157,f,0
13159,m,8
13161,f,1
13162,f,9
13163,f,0
13164,m,0
13165,f,0
13167,m,1
13168,f,0
13169,f,1
13170,f,2
13171,f,1
13172,f,2
13174,f,1
13175,m,1
13176,f,1
13179,m,1
13181,m,1
13182,m,5
13183,f,1
13186,f,1
13187,f,1
13188,f,1
13189,f,1
13190,f,5
13191,f,1
13192,m,1
13193,m,1
13194,m,1
13195,m,1
13196,f,1
13198,m,1
13200,m,1
13201,f,1
13202,m,10
13203,f,13
13205,m,5
13206,m,1
13208,f,1
13209,m,1
13210,f,1
13212,f,1
13213,m,1
13214,f,0
13215,f,0
13216,m,1
13217,m,1
13219,f,0
13220,m,2
13221,m,1
13222,f,1
13224,f,1
13225,m,1
13226,m,8
13228,m,1
13229,f,1
13230,f,1
13232,f,1
13233,f,1
13234,f,7
13236,m,1
13237,f,1
13238,f,1
13242,f,0
13244,f,1
13245,m,1
13246,f,1
13247,f,1
13248,m,4
13249,m,6
13250,f,1
13251,m,1
13252,f,1
13253,m,1
13254,m,33
13255,m,1
13256,m,1
13258,m,1
13259,f,1
13260,f,1
13262,m,1
13264,m,1
13265,f,3
13266,f,1
13267,f,3
13268,f,0
13270,f,1
13271,m,1
13273,f,0
13274,m,1
13275,f,5
13277,m,1
13278,m,1
13279,m,1
13280,f,1
13282,m,17
13283,m,40
13284,f,1
13286,m,1
13287,m,1
13288,f,1
13289,m,6
13290,f,4
13291,f,1
13294,f,1
13295,f,0
13296,m,0
13297,f,1
13299,f,1
13300,m,1
13301,m,5
13303,m,1
13304,m,1
13305,m,1
13306,m,1
13307,m,3
13309,m,16
13310,f,1
13311,f,12
13312,m,3
13313,f,1
13314,m,1
13315,f,1
13317,m,1
13318,f,1
13319,f,2
13321,m,2
13322,f,1
13323,f,1
13324,m,4
13325,m,1
13328,m,1
13329,f,4
13331,f,1
13332,m,1
13333,m,4
13334,f,1
13336,m,1
13338,m,2
13339,f,1
13340,m,1
13341,f,8
13344,m,1
13349,m,1
13350,f,1
13351,f,1
13352,f,1
13353,m,1
13354,m,1
13355,m,12
13356,m,2
13357,f,1
13358,m,1
13359,f,1
13360,m,1
13363,f,1
13364,f,2
13365,m,6
13367,m,1
13368,f,14
13370,m,0
13371,m,1
13372,m,3
13373,m,0
13374,m,0
13377,m,1
13380,m,1
13381,m,57
13382,f,1
13383,f,1
13384,m,13
13385,f,1
13386,f,2
13387,m,17
13388,f,1
13389,f,1
13391,m,1
13392,f,1
13393,m,1
13394,m,1
13399,f,1
13400,f,1
13401,m,1
13402,f,1
13403,m,1
13405,f,1
13407,f,1
13408,m,1
13409,m,0
13410,m,0
13411,m,0
13414,m,1
13416,f,4
13417,m,1
13419,m,1
13420,m,1
13421,f,1
13422,f,1
13423,f,1
13424,m,12
13425,m,0
13426,m,2
13427,m,1
13428,f,0
13429,f,2
13430,m,1
13431,f,1
13432,f,1
13433,m,1
13434,m,1
13435,f,1
13436,f,3
13437,f,1
13439,f,2
13440,m,1
13442,f,4
13443,f,12
13445,f,1
13446,f,3
13447,m,7
13448,m,4
13449,f,1
13450,f,1
13451,m,1
13452,f,2
13453,f,1
13454,m,1
13455,m,1
13456,f,1
13457,f,1
13459,m,1
13460,f,3
13461,f,1
13462,m,1
13463,f,1
13464,f,13
13465,m,1
13466,f,1
13467,m,3
13468,m,1
13469,f,2
13472,m,1
13473,f,0
13474,f,1
13476,m,1
13477,f,0
13478,f,1
13479,m,1
13481,m,1
13483,m,1
13484,m,1
13485,f,1
13486,f,1
13488,f,1
13489,m,1
13490,m,1
13491,f,1
13492,m,4
13493,f,1
13494,f,1
13495,m,1
13496,m,13
13499,f,2
13500,f,1
13501,m,3
13502,f,1
13503,m,1
13506,f,13
13507,m,1
13508,f,1
13509,f,1
13510,f,1
13511,f,5
13512,f,2
13513,f,0
13514,f,3
13516,m,1
13518,f,1
13519,m,1
13520,f,1
13521,m,2
13522,m,1
13524,m,1
13525,m,1
13526,m,5
13527,m,1
13528,m,4
13530,f,2
13532,m,1
13535,m,14
13536,f,1
13537,f,1
13539,f,13
13540,m,1
13542,m,0
13543,m,3
13544,f,1
13545,f,1
13546,m,13
13547,f,1
13548,f,1
13551,f,5
13553,m,1
13555,f,1
13556,f,3
13557,m,8
13558,f,1
13559,m,1
13561,f,12
13562,f,1
13563,f,1
13564,f,1
13565,m,1
13566,f,0
13567,m,2
13569,f,5
13570,m,1
13571,m,11
13572,f,1
13574,m,0
13576,m,11
13577,f,1
13578,f,1
13579,f,1
13580,f,1
13581,f,1
13582,m,1
13583,m,1
13584,m,13
13585,m,1
13587,f,1
13588,f,1
13589,f,1
13590,m,0
13591,m,5
13592,m,2
13593,m,13
13594,m,2
13595,f,1
13596,f,1
13597,m,1
13599,f,1
13600,m,2
13601,f,5
13603,m,1
13604,f,4
13605,f,1
13606,m,1
13607,f,5
13608,f,1
13609,f,1
13610,f,1
13612,f,1
13613,m,0
13614,m,3
13615,f,1
13617,f,42
13618,f,1
13619,m,6
13620,m,0
13621,m,1
13622,f,2
13623,m,0
13625,m,1
13626,m,1
13629,m,4
13631,m,3
13634,m,7
13635,f,1
13637,m,13
13638,f,14
13639,m,5
13641,m,1
13642,f,1
13643,f,1
13646,m,1
13647,m,12
13649,f,1
13650,m,1
13651,f,1
13652,m,3
13653,m,1
13654,m,1
13655,f,1
13656,f,1
13657,m,0
13658,m,1
13659,m,1
13660,m,1
13661,m,1
13662,m,5
13663,m,0
13666,m,1
13667,m,0
13668,m,3
13671,f,1
13672,f,1
13675,m,1
13676,f,3
13677,f,6
13678,f,1
13679,f,5
13680,f,1
13681,f,1
13683,m,1
13684,m,13
13686,f,1
13687,m,1
13689,f,1
13691,m,15
13692,m,1
13693,m,1
13694,f,5
13695,f,1
13697,f,1
13698,m,1
13699,m,2
13700,f,1
13701,m,5
13702,m,1
13703,m,1
13704,f,1
13705,f,3
13706,f,3
13707,f,2
13708,f,6
13709,m,9
13710,m,4
13711,f,1
13712,f,1
13713,m,1
13715,f,2
13716,f,6
13717,m,1
13718,f,1
13719,m,1
13720,f,1
13721,f,1
13722,m,1
13723,f,1
13724,f,1
13725,m,9
13726,f,7
13727,m,1
13728,m,1
13729,m,3
13730,m,1
13731,f,1
13732,f,1
13733,m,1
13735,f,9
13737,f,1
13738,m,1
13740,m,1
13742,m,12
13745,f,1
13746,m,1
13747,f,1
13749,m,9
13750,m,2
13751,m,0
13752,f,1
13753,m,1
13754,m,1
13758,f,1
13759,f,1
13761,m,1
13762,f,1
13763,m,2
13764,f,40
13765,f,1
13766,f,1
13767,m,1
13768,f,1
13769,f,0
13770,m,3
13771,m,11
13773,f,1
13774,m,1
13775,m,1
13776,f,1
13778,m,2
13779,m,1
13781,f,0
13782,m,0
13783,f,1
13784,m,5
13785,m,1
13786,f,0
13788,f,0
13789,m,1
13790,f,1
13791,f,2
13794,f,1
13795,f,1
13796,f,1
13797,m,1
13798,f,13
13799,f,4
13801,m,2
13802,m,1
13803,f,1
13804,f,1
13805,m,0
13806,f,5
13808,m,2
13811,m,2
13812,m,16
13813,m,1
13815,f,1
13816,f,1
13817,m,1
13819,m,1
13820,m,13
13821,f,2
13822,f,1
13823,m,1
13824,m,4
13825,m,0
13826,m,1
13827,m,1
13828,m,1
13830,f,1
13831,f,1
13832,f,1
13833,m,7
13834,f,13
13835,m,4
13836,f,1
13837,m,1
13838,m,1
13839,f,12
13840,f,4
13841,f,4
13844,f,4
13845,f,1
13846,m,1
13847,f,1
13848,f,1
13849,f,1
13850,f,1
13853,m,1
13854,f,12
13855,f,1
13858,m,1
13860,m,1
13861,m,1
13862,f,12
13864,m,1
13865,f,1
13866,m,1
13867,m,1
13868,m,1
13869,f,1
13870,f,1
13872,f,1
13873,f,1
13876,m,1
13877,f,6
13878,m,1
13879,m,3
13880,m,5
13881,m,1
13882,f,6
13883,m,1
13884,m,1
13885,f,1
13886,f,1
13887,f,1
13888,m,1
13889,f,1
13890,m,3
13891,m,0
13892,f,1
13893,f,5
13894,m,1
13895,f,1
13898,m,3
13899,m,1
13900,f,1
13901,f,1
13902,f,1
13904,m,22
13905,f,15
13906,m,1
13907,m,1
13908,f,1
13909,m,1
13910,m,1
13911,f,1
13912,m,1
13914,m,1
13915,m,1
13916,m,1
13918,m,13
13920,m,1
13921,f,1
13922,m,1
13923,f,2
13924,m,1
13925,m,1
13926,f,4
13927,f,1
13928,f,1
13930,m,1
13931,m,5
13932,m,2
13933,m,12
13934,f,3
13936,f,5
13937,m,7
13938,f,29
13939,m,1
13940,m,13
13941,m,1
13943,m,1
13946,f,1
13947,m,5
13948,f,1
13950,f,2
13952,m,1
13953,m,0
13954,f,1
13955,m,1
13957,m,0
13959,m,2
13961,f,1
13962,f,2
13963,m,13
13964,m,1
13965,f,1
13966,f,1
13967,m,2
13968,m,4
13970,m,4
13971,f,2
13972,m,1
13973,f,0
13974,f,1
13975,m,7
13978,f,1
13979,f,5
13980,m,1
13983,m,2
13984,f,1
13985,f,0
13988,f,1
13989,f,16
13990,f,5
13991,f,1
13992,m,2
13994,m,0
13995,m,1
13996,f,1
13997,m,2
13998,f,1
13999,m,4
14000,f,2
14001,f,1
14002,f,8
14003,f,7
14005,f,3
14006,m,1
14007,f,6
14008,m,2
14009,m,0
14011,m,1
14013,f,1
14014,f,1
14015,m,1
14016,m,4
14017,m,1
14018,m,3
14019,m,1
14020,f,0
14021,f,1
14022,m,0
14023,m,9
14024,m,0
14025,m,3
14026,m,4
14027,f,1
14030,m,1
14032,m,1
14033,f,1
14034,f,1
14036,f,18
14038,m,1
14039,m,1
14040,m,13
14041,f,1
14042,m,2
14043,f,1
14045,f,4
14046,f,1
14047,f,1
14048,m,1
14049,m,5
14050,f,1
14051,m,0
14052,m,1
14053,f,1
14055,m,1
14056,m,4
14057,m,1
14058,m,2
14059,f,1
14061,m,2
14062,m,3
14063,f,1
14064,m,0
14065,f,1
14066,f,6
14067,f,1
14068,f,1
14069,f,1
14070,m,1
14071,f,8
14072,f,1
14074,m,1
14075,f,5
14076,f,1
14077,m,4
14078,f,1
14079,f,1
14080,m,1
14081,f,1
14082,f,0
14083,f,5
14084,m,1
14086,m,1
14087,f,13
14088,m,1
14090,m,3
14091,m,12
14092,m,1
14093,f,1
14094,m,16
14095,f,2
14096,f,1
14097,f,1
14098,f,1
14099,m,1
14101,m,2
14102,m,0
14105,m,1
14106,f,2
14107,m,2
14109,f,4
14110,m,2
14111,m,13
14112,f,1
14113,f,1
14114,m,1
14116,m,0
14118,m,15
14119,f,18
14120,f,3
14122,f,1
14123,m,1
14124,m,1
14127,f,1
14128,m,1
14129,f,1
14130,f,12
14131,m,1
14133,f,0
14135,m,1
14136,m,2
14137,f,0
14138,m,4
14139,m,1
14141,f,0
14142,m,1
14143,m,1
14144,f,1
14145,m,9
14146,m,0
14147,m,7
14148,f,1
14149,f,3
14150,f,1
14151,f,1
14152,m,1
14153,f,1
14154,m,1
14155,m,14
14156,m,2
14157,f,1
14160,m,10
14161,m,1
14162,f,1
14163,f,1
14164,m,0
14165,f,1
14166,f,1
14169,f,42
14170,m,1
14173,f,1
14174,m,0
14175,m,1
14176,m,0
14177,f,44
14178,m,1
14179,f,1
14180,f,1
14181,f,1
14182,f,1
14183,m,1
14184,f,0
14185,m,4
14186,m,3
14187,m,1
14188,m,1
14189,m,0
14190,m,0
14191,f,1
14192,m,1
14193,f,1
14195,f,4
14196,f,6
14197,m,10
14198,f,0
14199,m,1
14200,m,1
14202,f,1
14203,f,1
14204,f,1
14205,f,1
14207,m,3
14208,f,1
14209,f,0
14210,m,11
14211,f,0
14212,m,1
14213,f,5
14214,f,1
14215,m,1
14216,m,1
14217,m,1
14218,m,1
14219,m,7
14220,f,1
14221,m,5
14222,m,11
14223,f,1
14224,m,1
14225,m,0
14226,f,3
14227,f,1
14228,m,7
14229,f,0
14230,f,1
14231,f,0
14233,f,1
14234,f,1
14236,f,0
14237,m,1
14239,m,1
14240,f,0
14241,f,1
14242,f,1
14244,f,5
14245,f,1
14246,m,1
14247,f,2
14248,m,1
14249,f,1
14250,m,1
14251,f,1
14252,m,1
14253,m,1
14254,f,1
14255,f,0
14256,m,8
14257,m,0
14259,m,1
14260,m,6
14261,f,1
14262,m,3
14265,f,1
14268,f,8
14270,f,1
14271,m,1
14272,m,1
14274,f,4
14275,m,1
14276,f,12
14278,f,1
14279,m,1
14280,m,1
14281,m,1
14282,f,1
14284,f,1
14285,f,1
14286,f,1
14290,m,5
14291,f,1
14292,m,2
14294,m,1
14295,m,1
14297,f,1
14299,f,1
14302,f,1
14304,m,1
14305,f,1
14306,f,1
14307,m,1
14308,m,1
14309,f,3
14310,m,4
14311,m,0
14313,f,5
14314,f,52
14315,f,1
14317,m,1
14318,m,1
14319,m,0
14321,m,8
14322,f,1
14324,f,1
14325,f,1
14326,f,1
14327,m,2
14328,f,2
14330,m,2
14331,f,1
14332,f,1
14333,f,18
14334,m,1
14335,f,1
14336,f,5
14337,f,0
14338,m,1
14341,f,1
14342,f,1
14343,m,2
14344,m,1
14345,m,2
14346,m,1
14347,f,1
14348,m,4
14349,f,3
14352,m,1
14353,f,1
14354,m,1
14355,m,1
14356,m,0
14357,m,1
14358,f,1
14359,m,5
14360,f,1
14361,f,1
14362,m,4
14363,m,1
14364,f,1
14365,f,1
14366,m,2
14367,f,1
14368,f,0
14369,m,1
14370,f,4
14371,f,1
14372,f,0
14375,m,1
14376,m,1
14377,f,1
14379,f,1
14380,f,1
14381,m,1
14383,f,2
14384,f,1
14385,m,1
14386,m,4
14387,f,10
14389,m,1
14390,m,1
14391,m,1
14392,m,1
14393,m,1
14394,f,1
14395,f,1
14397,m,1
14398,f,1
14400,f,2
14401,m,8
14402,f,1
14403,m,1
14404,m,12
14405,f,1
14408,m,8
14410,m,1
14411,f,2
14412,f,5
14413,m,0
14414,f,1
14415,f,1
14416,m,1
14417,f,1
14418,f,1
14419,f,1
14420,f,1
14421,m,16
14422,f,0
14423,m,1
14424,f,1
14425,f,1
14426,m,1
14429,f,2
14430,m,1
14433,f,2
14434,m,1
14435,f,1
14436,m,0
14437,f,7
14438,f,1
14440,m,1
14441,f,1
14443,f,4
14447,f,1
14448,f,1
14449,f,1
14451,f,1
14454,f,1
14455,m,1
14456,m,0
14457,f,11
14458,m,1
14459,m,0
14460,f,3
14461,f,1
14462,f,8
14463,f,1
14464,m,1
14465,f,1
14466,m,11
14467,m,1
14468,m,3
14469,m,1
14472,f,1
14473,m,0
14474,m,0
14475,f,8
14476,f,1
14477,f,0
14478,m,1
14481,f,1
14482,f,11
14484,m,3
14485,f,3
14486,f,1
14488,m,3
14489,m,1
14490,f,2
14491,f,1
14493,f,13
14495,f,1
14496,m,13
14497,f,14
14498,m,1
14499,m,3
14501,m,2
14502,f,1
14503,f,1
14504,m,1
14505,f,1
14506,f,2
14511,f,1
14512,f,1
14513,m,3
14515,f,48
14516,m,0
14517,f,3
14518,f,0
14520,m,8
14521,f,1
14522,m,1
14523,f,1
14525,m,6
14527,f,5
14528,f,1
14529,f,1
14530,m,1
14531,f,1
14532,f,3
14533,m,1
14536,f,0
14537,f,0
14538,f,0
14539,f,1
14540,f,1
14541,f,1
14542,m,0
14543,f,1
14544,f,1
14545,m,2
14546,f,56
14548,m,0
14549,f,6
14550,f,1
14551,f,1
14553,m,1
14554,m,1
14555,f,1
14557,m,1
14559,f,11
14560,f,4
14561,m,1
14562,m,1
14564,f,12
14565,f,1
14566,m,1
14567,f,1
14568,f,4
14569,m,8
14571,m,0
14572,m,0
14576,m,1
14577,m,11
14579,f,2
14580,m,1
14581,f,14
14582,f,1
14583,f,1
14584,f,1
14585,f,1
14587,f,1
14588,m,1
14589,m,1
14590,f,1
14592,m,3
14593,m,1
14594,f,1
14595,f,1
14597,m,1
14598,f,4
14599,m,1
14600,m,1
14602,m,0
14603,m,1
14604,f,1
14606,f,1
14607,m,1
14610,f,1
14611,f,3
14612,f,1
14614,f,1
14615,m,0
14616,f,1
14619,m,2
14620,m,12
14621,m,1
14622,m,1
14625,f,12
14627,m,1
14629,m,3
14630,f,3
14633,m,0
14634,m,1
14636,m,1
14637,f,1
14638,m,1
14640,f,1
14642,m,1
14643,f,1
14644,m,1
14645,m,1
14646,m,1
14647,f,1
14649,m,1
14650,m,21
14651,f,1
14653,m,1
14654,m,2
14655,f,12
14657,f,1
14658,m,1
14659,f,1
14660,f,1
14661,m,12
14664,f,0
14665,m,3
14667,f,2
14669,f,1
14670,m,1
14671,f,7
14672,f,1
14673,m,1
14674,m,1
14675,f,1
14677,f,12
14679,m,0
14680,f,1
14681,m,1
14683,f,1
14685,f,1
14687,f,7
14689,m,11
14690,f,0
14691,m,0
14692,m,2
14694,m,5
14695,f,3
14696,m,1
14697,m,0
14698,f,12
14699,m,0
14700,f,6
14701,m,1
14702,m,1
14703,m,1
14704,f,1
14705,f,1
14706,m,1
14707,m,1
14708,f,1
14709,f,1
14710,m,1
14712,f,3
14713,m,1
14714,f,2
14715,m,1
14716,f,0
14720,f,1
14721,f,1
14723,f,0
14726,f,1
14727,f,1
14728,f,1
14729,f,0
14730,m,1
14731,f,1
14732,f,1
14733,m,1
14735,m,0
14737,f,2
14738,m,2
14740,f,0
14741,m,1
14743,f,1
14744,f,1
14745,m,1
14746,f,1
14747,m,1
14748,m,4
14749,m,4
14753,m,11
14754,f,1
14755,m,1
14757,m,1
14758,m,1
14759,f,5
14760,m,1
14761,f,0
14762,m,1
14763,f,1
14764,f,1
14765,f,13
14766,m,6
14767,m,1
14768,m,1
14769,f,1
14770,f,1
14772,m,1
14773,m,1
14776,f,1
14777,m,1
14778,m,1
14779,f,1
14782,f,1
14783,f,6
14784,f,1
14785,f,1
14786,f,1
14787,m,1
14788,f,5
14789,m,7
14790,m,1
14791,m,0
14792,f,1
14793,m,4
14794,f,0
14795,f,3
14796,m,0
14798,m,1
14799,f,1
14800,m,1
14801,m,1
14802,f,1
14804,m,1
14805,m,1
14807,m,1
14808,m,2
14809,f,1
14810,f,1
14812,f,1
14813,f,4
14814,f,1
14815,f,12
14816,f,2
14817,m,3
14818,f,2
14819,m,1
14820,f,12
14821,f,5
14822,f,1
14823,m,1
14824,m,3
14825,f,1
14826,m,1
14828,f,2
14829,m,1
14830,m,2
14832,f,0
14833,m,1
14834,m,0
14836,m,1
14837,f,1
14838,m,1
14839,f,1
14841,m,0
14842,f,3
14843,f,1
14844,f,1
14845,f,1
14848,f,1
14849,m,3
14850,f,2
14851,f,1
14852,m,3
14853,m,4
14854,f,1
14855,m,1
14856,f,1
14857,f,1
14858,m,1
14859,m,1
14862,f,1
14863,m,2
14864,m,6
14865,m,1
14866,m,6
14867,f,1
14870,f,1
14872,m,7
14873,f,3
14874,m,1
14875,m,1
14876,m,0
14877,m,6
14878,f,5
14879,f,1
14880,m,1
14882,m,13
14883,f,3
14884,m,2
14887,f,0
14888,m,1
14889,f,2
14890,m,6
14891,f,1
14892,m,1
14894,f,12
14895,f,1
14896,m,1
14897,m,3
14898,m,1
14899,m,0
14900,m,1
14902,m,1
14903,m,3
14904,f,0
14906,f,1
14908,f,1
14909,m,1
14910,f,5
14911,f,6
14912,f,1
14913,f,1
14914,f,1
14915,m,3
14916,m,1
14917,m,4
14918,m,0
14920,f,1
14922,f,0
14923,m,0
14924,m,1
14926,m,9
14927,m,0
14928,f,0
14929,f,0
14931,m,1
14934,m,2
14935,f,1
14936,m,1
14937,f,6
14939,f,1
14940,f,1
14941,m,12
14942,m,3
14943,m,13
14945,m,1
14946,f,1
14948,f,1
14949,f,2
14950,m,0
14951,m,13
14954,m,2
14955,m,1
14956,m,14
14957,f,1
14958,f,1
14959,f,1
14960,m,1
14961,m,1
14962,m,1
14963,m,2
14964,m,0
14965,m,1
14966,f,1
14968,m,1
14969,m,5
14972,f,4
14973,m,1
14974,m,1
14975,f,1
14977,m,0
14978,f,1
14979,m,0
14980,f,1
14982,f,1
14983,m,4
14984,f,1
14985,m,0
14986,f,1
14988,f,1
14989,f,1
14990,m,1
14991,m,2
14992,f,15
14994,m,2
14996,m,1
14997,f,1
14999,f,3
15000,m,1
15001,m,1
15002,m,1
15003,m,5
15004,m,1
15005,f,1
15006,f,1
15007,m,1
15008,f,6
15009,m,0
15010,f,1
15011,f,1
15012,m,2
15013,m,1
15015,f,6
15016,f,1
15017,f,1
15018,m,2
15019,m,18
15020,m,0
15021,f,1
15024,f,7
15025,f,1
15026,f,1
15028,m,0
15029,f,5
15030,m,1
15031,f,0
15032,f,0
15034,f,0
15035,f,1
15036,m,1
15037,f,34
15038,m,1
15039,m,1
15040,m,0
15041,m,1
15042,m,3
15043,f,1
15044,f,1
15045,f,4
15046,m,1
15047,f,3
15048,m,2
15049,m,1
15050,f,1
15051,f,1
15053,m,1
15054,m,1
15055,f,7
15056,m,2
15057,m,1
15058,f,1
15059,m,1
15060,m,1
15062,f,1
15063,m,0
15064,m,2
15065,f,15
15067,m,1
15068,f,4
15069,m,1
15070,m,1
15071,m,12
15073,f,6
15074,f,1
15075,m,2
15076,m,1
15077,f,12
15078,m,1
15080,f,1
15081,m,1
15083,f,0
15084,m,1
15085,f,1
15086,m,1
15087,m,1
15088,m,0
15089,f,51
15090,m,0
15091,m,1
15092,m,1
15093,m,12
15094,f,1
15095,f,1
15096,m,1
15097,m,1
15098,m,1
15099,f,2
15100,m,1
15101,m,1
15102,f,1
15103,f,1
15104,f,1
15108,f,1
15109,m,1
15110,m,13
15111,f,3
15112,m,1
15114,f,1
15115,m,0
15116,f,1
15118,m,1
15119,m,0
15120,f,1
15122,f,6
15123,f,1
15124,f,2
15125,m,3
15127,m,2
15128,m,5
15130,m,1
15132,f,1
15133,f,1
15134,m,1
15135,m,0
15136,m,13
15137,m,13
15138,f,3
15139,m,1
15140,f,1
15141,m,4
15143,f,2
15144,m,1
15145,f,1
15146,f,3
15147,f,1
15149,m,0
15150,f,1
15151,f,3
15153,m,14
15154,f,1
15156,f,1
15157,m,1
15158,m,1
15159,f,1
15161,m,3
15163,m,1
15165,m,5
15166,f,1
15167,m,1
15169,m,15
15170,f,1
15171,f,1
15172,f,0
15173,f,0
15174,f,1
15175,m,22
15176,m,1
15178,f,1
15179,m,0
15180,f,0
15182,m,4
15183,m,0
15184,f,2
15185,f,1
15186,f,0
15188,f,1
15189,m,5
15190,m,1
15191,f,2
15192,f,3
15193,f,2
15195,f,1
15196,m,1
15197,f,1
15198,m,1
15199,f,1
15200,f,1
15201,m,1
15202,f,1
15203,m,0
15204,f,1
15205,f,1
15206,m,3
15207,m,1
15208,f,1
15209,f,1
15210,f,1
15211,m,2
15213,m,1
15214,f,1
15216,m,0
15217,m,31
15218,f,2
15219,m,1
15220,f,1
15221,f,1
15222,m,0
15223,f,8
15224,m,1
15225,f,0
15227,m,2
15228,f,1
15229,m,1
15230,m,5
15233,m,1
15234,m,2
15235,f,1
15236,f,0
15237,m,2
15238,m,1
15239,f,1
15241,f,2
15242,m,3
15243,m,1
15244,f,1
15246,f,6
15247,m,7
15248,f,1
15249,m,1
15250,f,3
15251,f,1
15252,m,1
15253,f,0
15255,f,1
15256,f,1
15257,f,1
15261,f,1
15263,m,1
15264,f,5
15266,m,1
15267,f,1
15268,m,14
15269,m,1
15270,f,1
15271,m,1
15272,m,55
15273,f,0
15275,m,5
15276,m,1
15277,m,0
15278,m,0
15279,m,1
15282,m,0
15285,f,2
15286,f,6
15287,m,0
15288,m,0
15289,m,1
15290,f,0
15291,m,0
15293,m,0
15294,m,1
15295,f,1
15296,m,0
15297,f,1
15298,f,2
15299,m,0
15300,m,7
15301,m,4
15302,f,1
15304,f,1
15305,f,12
15306,f,0
15308,f,0
15309,f,1
15310,m,1
15311,f,0
15312,m,1
15314,f,13
15315,f,1
15316,m,4
15317,f,0
15318,f,5
15319,m,1
15321,f,39
15322,m,0
15324,f,1
15325,f,1
15328,m,1
15329,f,2
15330,f,0
15331,m,5
15332,f,1
15333,m,0
15334,m,2
15335,m,1
15336,f,1
15337,m,15
15338,f,39
15339,f,1
15340,m,1
15341,f,0
15342,f,2
15343,f,0
15344,f,4
15345,m,4
15347,m,1
15348,f,1
15349,m,1
15350,f,1
15352,f,1
15353,f,0
15354,m,1
15355,m,1
15356,m,7
15357,f,1
15358,f,1
15362,m,1
15364,f,1
15365,m,1
15366,f,1
15367,f,0
15368,m,1
15369,f,0
15370,m,7
15372,f,0
15373,f,1
15374,f,44
15375,f,0
15376,m,1
15377,m,1
15379,f,1
15382,f,1
15383,m,13
15384,m,1
15386,f,1
15387,m,1
15388,f,3
15390,f,1
15391,f,1
15392,m,6
15393,f,2
15394,f,3
15396,f,0
15397,m,2
15399,f,0
15400,f,1
15401,f,1
15402,f,1
15404,f,0
15405,f,12
15406,m,26
15407,f,70
15408,f,1
15409,f,1
15410,f,1
15412,f,0
15413,f,1
15414,m,3
15415,m,12
15416,m,2
15417,f,5
15418,m,1
15420,m,4
15423,m,1
15424,m,1
15425,m,1
15426,m,4
15428,f,1
15429,f,12
15430,m,14
15431,m,1
15432,m,1
15434,m,0
15435,m,1
15437,m,13
15438,f,3
15439,f,1
15440,f,4
15441,m,5
15442,f,0
15443,f,1
15444,m,0
15446,m,1
15447,f,2
15448,m,2
15449,f,0
15450,m,5
15452,m,1
15453,m,1
15454,m,1
15455,m,1
15457,m,1
15458,f,1
15460,f,6
15463,m,1
15465,m,1
15466,f,1
15467,f,0
15468,m,1
15470,f,1
15471,m,1
15472,m,1
15473,f,1
15474,f,0
15475,f,1
15476,m,1
15477,f,1
15478,f,0
15479,f,1
15480,f,1
15481,f,1
15483,f,3
15484,m,2
15485,f,1
15486,m,1
15489,m,1
15490,f,1
15491,m,1
15492,m,1
15493,f,1
15496,m,1
15497,f,0
15498,m,1
15500,f,1
15501,m,1
15502,f,0
15503,m,0
15504,f,1
15508,f,1
15510,f,7
15511,f,1
15512,m,1
15513,m,0
15514,m,1
15517,f,1
15518,m,0
15519,m,12
15522,m,0
15523,m,3
15524,m,1
15526,m,3
15527,f,0
15529,m,1
15530,f,1
15532,f,1
15533,f,1
15534,m,1
15535,m,1
15536,f,47
15537,f,0
15538,f,1
15540,m,1
15541,m,0
15542,f,1
15543,m,3
15544,f,1
15545,m,0
15546,m,11
15547,f,1
15548,m,1
15549,f,4
15552,f,0
15553,f,1
15555,m,0
15556,f,3
15557,m,0
15558,f,1
15559,m,4
15560,m,12
15562,f,0
15564,m,2
15565,m,1
15566,m,2
15568,f,1
15569,f,9
15570,f,5
15571,m,12
15572,f,2
15574,m,38
15575,f,0
15576,m,7
15577,m,0
15578,m,1
15579,f,3
15580,m,4
15581,m,1
15582,f,1
15583,f,0
15584,m,1
15585,f,2
15586,f,1
15587,m,1
15588,m,2
15591,m,1
15593,f,1
15594,f,0
15596,m,1
15597,m,2
15599,m,0
15601,m,1
15602,f,0
15604,m,3
15605,m,2
15606,f,3
15607,m,6
15608,m,1
15609,m,1
15610,f,42
15611,f,0
15613,m,2
15614,f,1
15615,m,1
15616,f,2
15617,f,0
15618,m,1
15619,m,3
15620,m,2
15621,m,8
15622,m,1
15623,f,1
15624,m,0
15625,m,0
15626,m,12
15627,m,0
15628,m,1
15630,m,0
15633,f,1
15634,f,0
15640,m,1
15641,f,1
15642,m,1
15643,f,1
15644,f,1
15645,f,0
15647,m,3
15648,m,1
15649,f,1
15650,f,1
15651,m,2
15652,f,0
15653,m,1
15654,f,0
15655,m,1
15656,m,2
15657,m,14
15658,f,1
15659,f,0
15660,f,1
15661,m,1
15662,f,5
15663,m,0
15664,m,1
15665,m,1
15667,f,3
15668,f,1
15669,m,1
15670,m,5
15673,m,1
15674,f,1
15675,f,1
15676,f,1
15677,m,1
15679,m,1
15680,m,1
15681,m,1
15682,f,1
15683,f,0
15686,f,1
15687,m,1
15688,m,0
15689,f,1
15690,f,2
15691,m,1
15693,f,1
15695,f,1
15696,m,1
15697,f,1
15699,m,0
15700,f,1
15701,m,2
15702,f,0
15704,f,8
15705,f,0
15706,f,1
15708,m,0
15709,m,1
15710,m,3
15711,f,1
15712,m,1
15713,f,2
15714,m,24
15715,f,4
15716,m,0
15717,f,0
15718,m,1
15719,m,0
15720,m,1
15721,f,0
15722,m,1
15723,f,0
15725,f,0
15726,m,1
15727,f,1
15729,m,0
15730,m,1
15731,m,1
15732,m,1
15733,f,1
15734,m,0
15735,m,4
15736,f,1
15737,f,0
15740,m,1
15741,f,1
15742,f,0
15743,m,6
15744,m,0
15745,f,0
15746,m,1
15747,m,0
15748,f,2
15749,m,2
15750,m,1
15751,m,5
15753,m,33
15755,m,1
15756,f,1
15757,m,4
15758,f,1
15759,f,6
15761,f,0
15762,f,1
15763,m,4
15764,f,2
15765,f,1
15767,m,3
15768,m,0
15770,m,0
15771,f,0
15772,f,1
15773,m,0
15774,m,0
15776,f,4
15777,m,0
15779,f,0
15780,f,1
15781,m,1
15782,f,0
15783,m,0
15784,m,0
15785,f,1
15786,m,1
15787,f,1
15788,m,1
15789,m,0
15790,f,11
15791,m,0
15792,m,0
15793,f,0
15794,m,1
15797,m,1
15799,m,1
15800,m,3
15801,f,1
15803,f,1
15804,m,1
15805,m,0
15806,m,3
15807,m,1
15808,f,5
15809,m,0
15810,f,1
15811,m,0
15812,m,1
15813,m,0
15814,m,11
15815,f,0
15817,m,10
15818,f,1
15820,m,0
15821,f,14
15822,f,1
15823,f,0
15824,m,0
15826,f,1
15827,f,1
15828,m,0
15829,m,1
15830,m,0
15832,f,51
15834,m,1
15835,m,0
15836,m,1
15837,m,1
15838,f,24
15839,f,2
15840,f,9
15841,m,1
15842,f,2
15843,m,0
15844,f,1
15846,f,1
15847,m,11
15848,m,4
15849,f,1
15850,m,8
15851,m,1
15852,m,2
15853,f,10
15856,f,1
15857,m,1
15858,m,2
15859,m,1
15860,f,1
15861,m,1
15862,f,2
15864,m,1
15865,m,1
15866,m,1
15867,f,2
15868,m,0
15869,f,1
15871,m,1
15872,f,1
15873,f,12
15874,m,2
15876,m,1
15877,m,1
15878,m,3
15880,f,1
15881,m,1
15882,f,11
15883,f,1
15887,f,0
15888,m,0
15889,f,1
15890,f,7
15891,f,0
15893,f,1
15894,m,14
15895,m,0
15899,m,2
15900,f,2
15901,f,1
15902,f,1
15903,m,1
15904,m,1
15905,f,1
15907,f,1
15908,f,1
15909,m,1
15910,f,56
15911,m,2
15912,f,1
15913,f,0
15914,m,31
15915,m,1
15917,m,12
15918,f,4
15919,m,1
15920,m,2
15921,m,1
15922,f,0
15923,m,0
15924,f,0
15925,m,1
15926,m,51
15927,f,11
15930,f,1
15931,f,15
15932,m,1
15933,m,3
15934,m,1
15935,f,0
15936,f,0
15937,f,1
15938,f,13
15939,m,4
15940,m,0
15941,m,1
15942,m,1
15943,m,0
15945,f,5
15946,m,1
15947,f,7
15948,f,1
15949,f,1
15950,m,1
15951,m,0
15952,m,0
15953,f,2
15955,f,0
15956,f,0
15957,f,1
15959,m,39
15960,f,0
15961,m,1
15962,m,2
15963,m,1
15965,m,3
15966,m,7
15967,f,4
15968,m,1
15969,m,1
15971,f,1
15972,m,1
15973,m,2
15974,m,1
15975,f,0
15976,f,1
15977,f,1
15978,m,1
15979,m,3
15980,m,1
15981,m,1
15982,m,1
15983,m,3
15984,m,0
15985,f,1
15986,m,3
15988,m,2
15989,f,3
15990,m,1
15991,f,0
15992,f,12
15993,m,13
15994,m,0
15995,m,2
15997,f,1
15998,m,0
16000,m,1
16001,f,0
16002,m,8
16003,m,0
16006,f,0
16007,f,1
16008,f,1
16011,f,3
16012,m,1
16014,m,6
16015,f,1
16017,m,1
16019,m,1
16020,m,1
16021,f,1
16022,m,2
16023,m,1
16027,m,1
16028,m,1
16029,m,1
16030,m,0
16031,f,12
16032,f,0
16033,f,1
16034,f,1
16035,m,1
16036,f,1
16037,f,1
16038,f,0
16039,m,0
16040,m,1
16041,m,1
16042,f,0
16043,m,32
16044,m,2
16045,m,0
16046,m,0
16047,f,1
16048,m,1
16049,f,1
16050,m,13
16053,m,1
16054,f,1
16055,m,4
16056,m,0
16058,m,2
16059,f,1
16060,f,1
16061,m,1
16062,f,1
16063,m,1
16064,f,1
16065,f,1
16066,m,1
16067,f,1
16069,m,0
16070,f,0
16071,m,0
16072,f,1
16073,f,0
16074,f,1
16075,f,1
16076,m,12
16077,f,13
16078,m,17
16079,m,0
16080,m,1
16081,m,0
16082,f,1
16083,f,1
16084,m,1
16086,f,1
16087,f,1
16088,m,1
16089,m,1
16090,m,0
16091,f,1
16092,m,3
16093,m,1
16094,f,1
16095,f,12
16096,f,0
16097,m,1
16098,f,0
16099,f,0
16100,f,1
16105,f,0
16106,m,1
16107,f,1
16108,f,0
16109,f,1
16110,f,6
16111,f,0
16112,m,1
16113,m,1
16114,m,3
16115,m,1
16116,f,2
16117,f,0
16119,f,1
16120,f,1
16121,m,0
16122,f,16
16123,f,1
16124,f,1
16125,m,1
16126,m,1
16127,m,0
16128,f,1
16129,f,1
16130,m,1
16131,m,1
16132,m,1
16133,f,1
16135,m,1
16136,f,3
16138,m,1
16139,f,2
16140,m,17
16141,f,1
16142,f,0
16143,f,0
16144,f,1
16145,m,44
16146,f,1
16147,f,1
16148,f,1
16149,m,0
16151,f,3
16152,m,1
16154,m,0
16155,m,2
16156,m,0
16157,m,1
16158,m,1
16159,m,1
16160,m,1
16161,m,0
16162,f,1
16163,f,13
16164,m,1
16166,m,0
16167,f,0
16168,f,1
16169,f,1
16170,f,1
16171,m,3
16172,m,1
16173,f,0
16174,f,2
16175,m,13
16177,m,6
16178,f,1
16179,f,1
16180,f,1
16181,m,2
16183,m,2
16184,m,2
16185,m,14
16187,m,0
16188,m,0
16189,m,1
16190,f,3
16191,f,0
16192,f,1
16194,m,0
16195,f,13
16196,m,2
16197,f,1
16198,m,5
16200,m,1
16201,m,0
16202,f,13
16203,m,0
16204,f,1
16205,m,1
16206,m,1
16207,m,1
16208,f,1
16209,m,2
16210,m,0
16211,f,0
16212,f,1
16213,f,53
16214,m,1
16215,f,0
16216,f,2
16217,f,0
16218,f,1
16219,f,1
16221,f,1
16222,f,0
16223,m,1
16224,m,1
16225,m,1
16226,m,1
16227,m,1
16230,m,1
16231,m,1
16232,m,2
16237,m,1
16238,f,1
16240,f,0
16241,m,1
16242,m,3
16243,f,1
16244,f,1
16245,f,5
16247,m,2
16248,m,3
16249,f,3
16251,m,1
16252,f,20
16253,m,1
16255,f,1
16256,m,1
16257,f,1
16258,m,0
16259,f,0
16260,f,1
16261,m,3
16262,m,1
16263,f,0
16264,m,0
16265,m,0
16266,m,1
16267,f,8
16268,f,0
16271,f,2
16272,f,0
16273,f,0
16274,m,2
16276,f,0
16277,m,4
16279,m,0
16280,m,0
16281,m,0
16282,f,1
16283,m,0
16284,f,0
16285,f,1
16286,f,1
16288,m,0
16290,m,1
16291,f,0
16292,m,1
16293,f,58
16294,m,0
16295,f,1
16296,f,1
16297,m,1
16298,f,1
16299,m,2
16300,f,2
16302,f,6
16304,m,0
16305,m,4
16307,m,1
16309,f,3
16310,f,0
16311,f,0
16312,f,1
16313,f,4
16314,m,5
16316,f,2
16318,f,1
16320,m,0
16321,m,4
16322,f,0
16323,f,6
16325,f,1
16326,m,38
16327,f,2
16328,f,1
16329,f,1
16330,m,1
16331,m,3
16332,m,1
16333,m,0
16335,f,1
16336,f,0
16337,m,0
16338,m,1
16339,m,3
16340,f,1
16341,m,0
16342,f,12
16344,f,0
16347,m,1
16348,f,1
16349,f,1
16350,f,1
16351,f,0
16352,f,1
16353,m,1
16354,f,2
16355,f,3
16356,f,1
16357,f,1
16359,f,1
16360,f,1
16361,f,1
16362,m,1
16364,m,1
16365,f,5
16366,f,4
16367,f,1
16368,m,0
16370,m,1
16372,f,1
16373,m,0
16374,f,1
16375,f,1
16376,m,0
16377,m,0
16378,f,1
16379,m,1
16380,f,8
16381,m,0
16382,f,1
16383,f,0
16385,f,5
16386,m,13
16387,m,1
16388,f,1
16389,m,1
16390,m,60
16391,f,1
16392,f,1
16393,f,1
16394,m,1
16395,m,1
16396,f,1
16398,m,0
16400,f,0
16401,m,3
16402,m,1
16403,m,0
16404,m,2
16405,f,1
16406,f,1
16407,f,13
16408,m,0
16410,m,12
16411,m,1
16412,f,1
16413,m,7
16414,m,1
16415,m,1
16416,m,2
16417,f,1
16418,m,1
16420,f,1
16421,f,2
16422,m,1
16423,f,1
16424,f,0
16425,f,1
16426,m,1
16427,m,1
16428,f,0
16429,m,2
16430,m,1
16431,f,3
16432,f,12
16433,f,0
16434,f,2
16435,m,0
16436,f,0
16437,f,0
16438,m,0
16439,m,3
16440,m,28
16441,f,0
16442,m,2
16443,m,1
16444,f,0
16445,m,1
16446,m,0
16448,m,2
16449,f,0
16450,m,1
16451,m,1
16452,m,0
16453,f,1
16454,f,1
16455,f,1
16456,m,2
16457,f,1
16458,m,6
16459,f,1
16460,f,1
16461,f,0
16464,m,2
16465,m,2
16467,m,1
16468,f,1
16469,m,2
16470,f,0
16472,f,1
16473,f,1
16474,m,1
16475,f,0
16476,f,3
16477,f,1
16478,m,1
16479,f,0
16480,m,0
16481,f,3
16482,m,1
16483,f,0
16484,f,0
16485,m,1
16486,m,8
16487,f,4
16488,m,1
16490,f,1
16492,f,0
16493,f,1
16494,m,1
16495,f,0
16496,m,1
16497,f,0
16498,f,1
16499,f,2
16500,f,2
16501,f,1
16502,m,0
16503,m,0
16504,f,1
16505,m,1
16506,f,2
16507,f,1
16508,m,1
16509,f,1
16511,m,1
16512,m,1
16513,m,1
16516,f,1
16517,m,0
16518,m,1
16519,f,1
16521,f,1
16523,m,1
16524,m,45
16525,f,1
16526,f,0
16528,f,1
16529,m,0
16530,m,0
16531,m,1
16532,m,1
16533,f,1
16534,m,0
16536,m,6
16537,f,0
16539,f,1
16540,f,1
16541,f,1
16542,m,0
16543,f,3
16544,m,1
16545,f,0
16546,m,1
16547,f,1
16548,f,1
16549,m,1
16550,m,1
16551,f,1
16552,m,1
16553,f,1
16554,f,1
16556,f,31
16557,m,1
16561,f,0
16562,f,4
16565,m,2
16566,m,0
16567,f,1
16568,f,1
16569,m,0
16571,m,1
16573,f,1
16574,m,0
16575,f,0
16577,m,0
16578,f,2
16579,f,1
16580,m,4
16581,f,2
16582,m,1
16583,m,12
16584,f,0
16585,f,0
16586,f,1
16587,m,56
16588,m,1
16589,m,0
16590,m,12
16591,f,1
16592,f,5
16594,f,0
16595,m,1
16596,m,0
16597,f,40
16598,f,1
16599,m,2
16600,m,1
16601,m,1
16602,f,2
16603,f,1
16604,f,1
16605,f,0
16606,f,1
16607,m,1
16609,m,0
16611,m,1
16612,m,0
16613,f,13
16615,f,0
16616,f,1
16618,f,0
16619,m,1
16620,m,1
16621,f,0
16622,f,0
16624,f,1
16626,m,1
16627,f,4
16628,m,1
16629,m,1
16631,m,1
16632,m,0
16633,f,2
16634,f,5
16635,f,6
16636,m,1
16637,f,0
16638,f,1
16640,m,0
16641,m,0
16642,m,0
16643,m,0
16644,f,1
16645,m,0
16647,m,0
16648,m,1
16649,m,0
16650,m,0
16651,f,1
16652,f,0
16653,f,2
16654,m,0
16655,f,0
16657,f,0
16658,f,0
16659,f,1
16660,f,38
16661,f,1
16662,m,0
16664,f,0
16667,m,1
16668,m,0
16669,m,4
16670,m,2
16672,m,2
16673,m,1
16674,f,0
16675,m,3
16677,m,1
16678,f,13
16679,m,1
16680,f,0
16681,f,1
16682,m,0
16683,m,0
16684,m,0
16685,f,0
16687,m,7
16688,m,12
16689,m,1
16690,f,1
16692,f,1
16693,m,1
16694,m,1
16695,m,1
16699,m,1
16700,m,1
16702,m,0
16703,m,1
16704,f,1
16705,m,1
16706,m,1
16707,m,2
16708,m,54
16709,m,0
16710,f,0
16711,m,1
16712,f,12
16713,m,0
16714,m,25
16715,f,12
16716,m,4
16717,m,4
16718,m,1
16719,m,4
16720,m,1
16724,f,2
16725,m,0
16726,m,1
16727,f,3
16728,m,57
16730,f,1
16731,f,1
16732,f,1
16733,f,1
16734,m,0
16735,m,2
16737,f,1
16738,f,1
16740,m,69
16741,f,1
16742,f,0
16743,m,0
16745,f,0
16746,f,1
16747,f,1
16748,m,1
16750,f,0
16751,m,1
16752,m,0
16753,f,52
16754,f,1
16755,m,0
16756,m,0
16757,f,0
16758,f,37
16759,f,0
16760,f,1
16761,f,0
16762,m,1
16763,m,0
16765,f,0
16766,f,1
16768,f,12
16769,f,3
16770,m,1
16773,f,1
16774,m,1
16776,f,1
16777,f,0
16778,f,1
16779,m,0
16780,m,0
16781,f,1
16782,m,0
16783,m,0
16784,f,1
16785,f,0
16786,f,1
16787,m,1
16788,m,0
16789,m,11
16792,f,2
16793,m,2
16794,f,0
16795,f,1
16797,f,0
16798,f,0
16799,f,3
16802,m,12
16804,f,2
16805,m,1
16806,m,1
16807,m,1
16808,m,1
16809,f,0
16810,m,0
16811,m,1
16812,m,0
16814,m,0
16815,m,1
16817,m,1
16818,f,1
16820,f,0
16822,m,1
16823,m,1
16824,m,0
16825,m,1
16826,f,1
16827,f,61
16829,f,0
16831,m,1
16832,f,1
16833,f,0
16834,m,1
16835,m,1
16836,m,0
16837,f,0
16838,f,1
16839,m,0
16840,m,1
16843,m,0
16844,m,4
16845,m,0
16846,f,1
16847,f,0
16848,m,0
16849,m,1
16850,m,1
16851,m,1
16852,m,2
16853,f,0
16854,m,0
16855,m,3
16858,f,0
16859,f,1
16860,f,1
16861,m,0
16862,m,1
16863,m,1
16865,f,1
16866,f,1
16868,f,0
16869,m,1
16870,m,1
16871,m,1
16873,m,1
16874,m,1
16875,m,0
16877,f,1
16878,f,1
16879,m,9
16880,m,0
16881,f,0
16883,f,3
16884,f,1
16885,m,0
16887,f,0
16888,m,0
16889,f,0
16890,f,1
16891,f,0
16892,m,6
16893,m,0
16894,m,0
16895,m,51
16896,f,1
16897,m,2
16899,m,0
16900,f,11
16901,f,2
16902,m,2
16903,m,1
16904,m,0
16905,m,1
16907,f,1
16908,f,1
16909,m,0
16910,f,1
16911,f,12
16912,m,47
16914,m,1
16915,m,0
16916,m,1
16917,m,1
16918,m,1
16919,m,2
16920,m,1
16921,m,0
16922,m,26
16923,m,1
16924,f,1
16925,f,1
16926,f,1
16927,m,0
16928,f,0
16929,f,2
16930,f,1
16931,m,3
16933,m,1
16934,f,1
16935,m,12
16936,m,0
16937,m,12
16939,f,3
16940,f,4
16942,f,38
16943,f,0
16944,f,0
16945,m,0
16946,f,0
16947,m,12
16948,f,1
16949,f,12
16951,m,1
16952,f,0
16953,m,0
16954,m,0
16955,f,0
16956,m,0
16958,f,3
16959,f,0
16961,f,1
16962,m,0
16963,f,0
16964,m,1
16965,m,0
16966,m,1
16967,m,1
16969,f,0
16973,m,1
16974,f,4
16975,f,0
16977,m,0
16979,m,1
16982,m,1
16983,m,1
16984,m,0
16986,m,0
16987,f,0
16988,m,0
16989,m,1
16990,f,4
16991,f,0
16992,m,0
16993,m,1
16994,m,1
16995,m,0
16996,m,0
16997,m,1
16998,m,5
16999,m,2
17000,m,1
17002,f,0
17003,m,0
17004,f,1
17006,f,0
17007,f,1
17009,f,1
17010,f,0
17011,m,0
17013,f,0
17015,m,0
17016,f,7
17017,m,3
17018,f,0
17019,f,4
17020,f,0
17021,m,0
17022,m,0
17023,m,1
17024,f,0
17025,m,1
17026,f,0
17028,m,1
17029,f,0
17030,m,2
17031,m,1
17032,m,1
17033,m,0
17034,m,0
17035,f,1
17036,m,3
17037,f,1
17038,m,1
17039,m,1
17042,f,8
17043,f,2
17044,f,0
17045,m,2
17046,f,0
17047,f,0
17048,f,0
17049,m,0
17050,m,0
17051,f,0
17052,f,6
17054,f,1
17055,m,0
17056,f,1
17057,f,14
17059,f,3
17060,f,1
17061,m,1
17062,m,0
17063,f,0
17064,m,0
17065,f,2
17066,f,1
17067,m,0
17068,m,0
17069,f,5
17070,f,0
17071,m,1
17072,m,1
17073,m,0
17074,f,2
17075,f,0
17076,f,8
17077,f,1
17078,m,17
17079,m,1
17083,m,54
17084,m,1
17085,f,0
17086,f,0
17087,m,1
17088,m,1
17089,f,0
17091,m,2
17092,m,0
17093,f,1
17094,m,2
17096,m,20
17097,m,0
17098,m,1
17099,m,0
17100,m,1
17101,m,1
17102,m,0
17103,m,0
17104,f,0
17105,m,0
17107,m,1
17108,m,46
17109,f,1
17110,f,0
17111,f,46
17112,f,1
17113,m,0
17114,f,0
17116,f,5
17118,f,0
17120,f,1
17121,f,0
17122,f,1
17123,f,1
17124,m,1
17128,m,0
17130,f,0
17131,f,0
17132,m,1
17133,m,1
17135,m,6
17136,f,0
17137,f,0
17139,f,0
17140,f,2
17141,m,4
17142,f,1
17144,m,2
17145,f,0
17146,m,0
17147,f,1
17149,m,0
17150,m,1
17151,m,0
17152,m,5
17153,f,0
17154,m,2
17155,m,0
17156,f,0
17157,m,0
17160,m,0
17161,f,0
17162,f,0
17163,m,3
17164,m,2
17165,m,0
17166,m,1
17167,m,2
17168,f,0
17169,m,2
17170,m,0
17171,m,3
17172,f,1
17173,f,0
17175,m,0
17177,m,1
17178,f,0
17179,m,1
17180,m,0
17182,f,1
17183,m,0
17184,m,1
17185,m,1
17186,m,4
17187,m,1
17188,m,6
17189,m,1
17190,f,2
17191,m,1
17192,m,0
17194,f,0
17195,m,0
17197,m,1
17199,f,2
17200,m,1
17201,f,1
17202,f,0
17203,f,1
17205,m,0
17207,m,0
17208,m,1
17209,m,0
17210,m,1
17212,f,0
17213,f,0
17215,m,1
17216,m,1
17217,f,4
17218,f,1
17219,m,1
17221,m,1
17224,m,1
17225,f,1
17226,f,2
17227,m,2
17228,m,1
17230,m,0
17231,m,0
17233,m,0
17234,m,1
17235,m,2
17236,f,0
17237,m,2
17238,m,1
17240,m,0
17241,f,0
17243,f,1
17244,m,2
17246,f,0
17247,f,1
17248,m,1
17249,m,1
17250,f,1
17251,m,0
17252,m,1
17254,m,1
17255,m,0
17256,f,0
17258,m,1
17259,f,47
17260,f,1
17262,f,1
17263,f,0
17264,m,1
17265,f,0
17266,m,2
17268,m,0
17269,f,1
17270,f,2
17271,f,16
17272,f,3
17273,f,1
17274,f,2
17275,f,1
17276,f,12
17278,f,2
17279,f,0
17280,f,0
17281,m,1
17284,m,0
17285,f,2
17286,f,0
17287,m,8
17288,f,5
17289,f,1
17290,m,2
17294,f,0
17295,f,1
17296,f,0
17297,f,0
17298,f,44
17299,m,0
17300,m,3
17301,m,0
17302,f,1
17303,m,1
17304,f,1
17305,f,0
17306,m,1
17307,m,0
17308,f,0
17309,f,1
17313,f,0
17314,m,0
17315,m,2
17316,f,0
17320,m,1
17321,m,0
17324,f,0
17325,m,1
17327,m,0
17329,m,0
17330,f,6
17331,f,0
17332,m,0
17333,f,1
17334,m,0
17335,m,2
17336,m,2
17337,m,1
17338,m,0
17340,m,0
17341,f,0
17342,m,1
17343,f,1
17344,m,0
17345,f,0
17346,f,20
17347,f,1
17348,f,0
17349,f,0
17350,m,0
17351,m,1
17352,f,0
17353,m,1
17354,m,1
17355,f,7
17356,m,0
17358,f,1
17359,f,1
17360,f,0
17362,m,0
17363,f,1
17364,m,1
17365,m,1
17366,m,7
17367,f,0
17368,m,9
17369,f,0
17371,m,1
17372,f,0
17373,f,0
17374,m,2
17375,f,0
17376,f,0
17379,m,1
17380,f,0
17381,m,0
17382,f,1
17383,f,35
17384,m,4
17385,f,0
17386,f,0
17387,f,2
17388,m,0
17389,m,0
17390,m,0
17391,f,0
17393,f,3
17394,m,0
17395,f,1
17396,m,0
17397,m,0
17398,m,0
17399,f,34
17400,m,1
17401,m,0
17402,m,2
17403,m,1
17404,f,1
17405,m,1
17406,f,0
17407,m,1
17408,m,0
17409,f,1
17410,m,0
17411,m,1
17412,f,0
17413,m,0
17415,f,6
17416,m,19
17417,f,0
17418,f,2
17419,f,0
17421,m,2
17422,m,1
17423,m,2
17424,m,0
17425,f,0
17426,f,0
17427,f,0
17428,m,1
17429,f,0
17430,m,1
17431,f,1
17432,m,3
17433,m,2
17434,f,2
17435,m,1
17436,m,0
17437,f,1
17438,f,0
17440,m,1
17441,m,1
17442,f,0
17443,f,0
17444,f,3
17445,f,0
17446,m,1
17447,m,1
17448,m,0
17449,f,0
17450,f,1
17451,f,0
17452,m,1
17454,m,1
17455,f,1
17456,m,1
17459,m,0
17460,m,0
17461,f,0
17462,f,0
17463,f,2
17464,f,0
17465,f,2
17467,f,0
17468,f,0
17469,f,1
17470,f,0
17472,m,0
17473,m,0
17474,m,1
17475,f,1
17476,f,0
17478,m,1
17479,f,1
17480,m,0
17482,f,7
17483,m,1
17484,f,4
17485,m,0
17486,f,2
17487,f,5
17488,f,0
17489,f,14
17490,f,1
17492,f,1
17494,f,0
17495,f,1
17496,f,2
17497,m,1
17498,f,0
17499,m,0
17500,m,6
17501,m,0
17504,m,1
17505,f,9
17506,m,1
17507,f,0
17508,f,1
17509,f,0
17510,m,1
17511,f,1
17512,m,0
17514,f,1
17516,m,0
17517,m,1
17518,m,2
17519,m,0
17520,m,0
17521,m,1
17522,m,1
17523,f,2
17525,m,1
17526,m,2
17527,f,1
17528,m,1
17529,f,1
17530,m,0
17531,f,56
17532,f,1
17533,m,2
17535,f,5
17536,m,50
17537,m,0
17538,m,0
17539,m,0
17540,f,4
17541,f,1
17542,m,1
17543,f,0
17544,f,1
17546,f,3
17547,f,0
17548,f,1
17549,m,4
17550,m,0
17551,m,0
17552,f,1
17553,m,0
17554,f,0
17556,f,0
17557,m,0
17559,m,0
17560,m,4
17561,f,2
17562,m,0
17563,f,1
17564,f,1
17565,m,1
17567,f,0
17568,f,0
17571,m,0
17572,f,0
17573,m,1
17574,f,0
17575,f,0
17576,f,1
17577,f,0
17578,f,1
17579,m,1
17580,f,0
17581,f,1
17583,m,0
17584,f,12
17586,f,0
17587,m,1
17588,m,1
17589,m,2
17590,m,0
17591,f,1
17592,m,2
17593,m,1
17594,m,2
17595,f,1
17596,m,1
17597,f,3
17599,f,6
17600,m,0
17601,m,0
17602,m,0
17603,f,0
17604,m,5
17605,m,1
17607,m,3
17608,m,0
17610,f,1
17611,m,1
17612,m,1
17613,f,0
17614,m,3
17615,m,0
17616,f,0
17617,m,0
17618,f,1
17619,m,0
17620,f,2
17622,m,0
17623,m,0
17624,f,0
17625,m,1
17626,f,0
17627,f,0
17628,f,0
17629,f,1
17630,f,0
17632,m,1
17633,m,1
17634,f,0
17635,m,1
17636,f,1
17637,m,1
17638,m,0
17639,f,2
17640,f,0
17643,m,1
17644,m,1
17645,f,0
17646,m,0
17647,m,1
17648,m,0
17649,f,0
17650,m,1
17651,m,0
17652,f,0
17654,f,0
17656,m,6
17657,m,1
17661,m,0
17662,m,1
17667,f,1
17669,f,0
17671,f,2
17673,m,1
17674,f,1
17675,m,0
17676,m,0
17677,m,0
17678,m,1
17680,f,1
17681,f,0
17682,f,0
17683,f,1
17684,m,0
17685,m,0
17686,m,0
17689,f,0
17690,m,0
17691,f,0
17692,f,0
17695,f,1
17696,m,0
17697,m,2
17698,m,0
17700,f,0
17701,m,2
17702,f,4
17703,m,0
17704,m,0
17705,m,0
17706,m,2
17708,m,1
17710,f,0
17711,m,0
17712,m,2
17713,m,0
17714,m,1
17715,f,0
17717,f,2
17718,f,1
17720,f,0
17722,f,0
17724,m,1
17725,m,1
17726,m,1
17727,m,6
17728,f,1
17729,m,1
17730,f,3
17731,f,0
17732,f,0
17733,m,0
17734,f,2
17735,f,1
17736,f,1
17737,f,0
17739,f,9
17740,f,0
17741,f,0
17742,f,0
17743,f,0
17744,f,1
17745,m,12
17746,f,1
17747,m,1
17750,m,0
17752,f,8
17753,f,0
17756,m,0
17757,m,0
17758,f,1
17759,f,1
17760,m,0
17762,f,1
17763,m,1
17764,m,0
17765,f,1
17766,f,1
17767,f,0
17768,f,0
17769,m,0
17770,m,1
17771,f,0
17772,m,0
17773,m,1
17774,m,0
17775,f,0
17776,f,4
17778,f,1
17779,m,3
17780,f,0
17781,m,0
17782,f,0
17783,f,20
17784,m,1
17785,f,0
17786,f,1
17787,m,0
17788,f,1
17789,m,0
17791,f,0
17792,m,0
17793,f,0
17794,f,0
17795,m,1
17796,m,0
17797,f,2
17798,m,0
17799,m,0
17800,f,6
17801,f,0
17802,m,0
17803,m,0
17804,m,0
17805,m,0
17806,m,1
17807,m,0
17808,m,0
17809,f,0
17810,f,1
17811,m,0
17812,m,0
17813,f,0
17814,m,0
17815,m,0
17816,m,0
17817,f,0
17818,f,12
17819,m,1
17820,m,1
17821,f,0
17822,f,2
17823,m,0
17824,m,1
17825,m,0
17826,f,3
17827,m,0
17828,m,0
17831,m,0
17832,f,1
17833,m,0
17834,m,0
17835,m,0
17836,f,0
17837,m,0
17838,f,0
17839,m,0
17841,m,2
17843,f,1
17845,m,0
17846,f,1
17847,f,0
17848,f,0
17850,f,0
17851,m,0
17852,m,0
17853,f,0
17854,f,1
17856,m,0
17857,f,1
17858,m,5
17859,m,5
17860,m,5
17861,m,1
17862,f,1
17864,m,1
17865,m,1
17866,m,0
17867,f,2
17869,m,1
17870,f,2
17871,f,1
17872,m,1
17874,m,0
17875,m,2
17878,f,1
17879,m,0
17881,f,0
17882,f,1
17883,f,0
17886,f,0
17887,f,9
17888,f,0
17890,m,0
17891,m,0
17892,m,3
17893,f,1
17894,f,1
17895,m,0
17896,f,2
17897,f,1
17898,m,3
17901,f,1
17903,m,1
17904,f,0
17905,f,0
17908,f,0
17909,m,0
17910,m,0
17911,m,4
17912,f,1
17913,m,0
17915,m,1
17916,f,0
17917,m,1
17918,f,1
17919,m,0
17920,f,1
17921,f,0
17922,m,0
17923,f,9
17924,f,0
17925,f,0
17927,f,61
17928,f,1
17929,f,0
17930,m,0
17931,f,0
17932,m,0
17933,f,0
17934,m,1
17935,m,1
17936,f,1
17937,m,1
17938,m,0
17939,m,0
17940,f,1
17942,f,1
17943,f,1
17944,f,0
17945,f,1
17946,m,1
17947,m,0
17948,f,7
17949,m,6
17950,f,1
17951,m,0
17952,m,10
17953,m,4
17954,m,1
17956,f,0
17957,f,0
17958,f,4
17960,m,0
17961,m,1
17963,m,1
17964,m,1
17965,m,1
17966,f,0
17967,f,0
17968,f,1
17969,m,0
17970,m,1
17971,m,0
17972,f,0
17973,m,0
17974,m,1
17975,m,0
17976,m,0
17977,m,1
17979,m,0
17980,m,1
17981,m,0
17982,m,1
17983,m,0
17984,m,0
17985,m,0
17986,m,3
17987,m,33
17988,m,1
17989,m,3
17990,m,1
17991,f,6
17993,f,0
17994,f,0
17995,f,0
17996,m,0
17997,m,0
17998,m,5
17999,m,1
18000,m,1
18001,f,0
18003,m,0
18004,f,0
18005,f,0
18006,f,0
18007,m,0
18008,f,3
18009,f,1
18010,f,0
18011,m,0
18013,f,0
18014,m,1
18015,f,1
18016,f,0
18017,m,0
18018,f,1
18019,m,1
18020,f,1
18021,f,0
18022,m,0
18024,m,4
18025,m,0
18026,f,1
18027,m,0
18028,f,1
18029,m,0
18030,f,0
18031,f,0
18032,f,0
18034,f,0
18035,f,0
18036,m,0
18037,f,0
18038,f,1
18039,f,1
18040,m,0
18041,f,0
18042,f,0
18044,f,1
18045,m,0
18046,m,0
18047,m,0
18048,f,0
18049,m,0
18050,m,1
18051,f,0
18052,m,1
18053,m,0
18054,m,1
18055,m,1
18056,f,0
18058,f,1
18059,f,52
18062,m,3
18063,f,8
18065,m,46
18066,m,5
18067,f,0
18068,f,0
18070,f,0
18071,f,1
18072,f,0
18073,f,0
18076,f,1
18078,m,0
18079,f,1
18081,m,0
18082,f,0
18083,m,0
18084,f,0
18085,f,0
18086,m,0
18087,f,1
18088,m,1
18089,m,1
18090,m,1
18091,f,0
18092,f,1
18093,f,1
18094,f,0
18095,f,6
18096,f,0
18097,f,2
18098,m,0
18099,f,1
18100,f,0
18101,m,1
18102,f,3
18103,f,7
18104,m,0
18106,f,0
18107,f,1
18108,f,0
18111,f,0
18112,m,0
18113,m,0
18114,m,0
18115,m,0
18116,f,0
18117,m,1
18118,m,0
18120,f,0
18121,m,1
18122,m,24
18123,f,0
18124,m,1
18125,m,13
18126,m,1
18127,m,1
18128,m,1
18129,f,0
18130,f,1
18131,f,0
18132,m,0
18134,f,0
18135,m,0
18136,f,0
18137,f,0
18138,f,0
18139,f,0
18141,m,1
18142,f,0
18143,m,2
18144,m,0
18145,f,1
18146,f,0
18147,m,1
18149,m,0
18150,f,0
18151,m,0
18152,m,0
18153,m,0
18154,f,0
18155,f,1
18156,f,1
18157,f,0
18158,m,0
18159,f,0
18160,m,0
18163,m,1
18164,m,0
18165,f,1
18166,m,0
18167,f,0
18168,m,1
18170,m,0
18172,f,1
18173,f,0
18175,f,1
18176,m,3
18178,f,4
18179,m,2
18180,m,0
18181,f,1
18183,f,0
18184,m,0
18185,f,0
18186,m,0
18187,f,4
18188,f,0
18189,m,0
18191,m,0
18192,f,0
18193,m,0
18194,m,1
18195,m,3
18197,f,0
18199,m,0
18200,m,0
18201,f,2
18202,m,0
18203,m,1
18205,m,0
18206,f,0
18207,f,2
18209,m,0
18210,m,1
18211,m,0
18212,m,2
18213,m,1
18214,m,0
18216,m,0
18217,m,0
18219,m,1
18220,f,0
18221,f,4
18223,f,1
18224,m,1
18225,f,0
18226,m,1
18227,f,0
18228,m,1
18229,m,1
18230,f,0
18231,m,0
18232,m,0
18233,m,0
18234,f,0
18236,m,0
18237,m,1
18238,f,0
18239,m,1
18240,f,0
18241,f,0
18242,m,1
18243,m,1
18245,f,0
18246,f,30
18247,m,6
18248,m,4
18249,f,0
18250,f,0
18251,f,0
18252,m,0
18253,f,0
18255,f,0
18257,f,0
18258,m,0
18259,m,0
18260,f,0
18263,f,1
18264,f,0
18265,f,1
18266,f,0
18269,f,14
18270,f,0
18271,f,0
18272,f,0
18273,m,0
18274,f,0
18276,m,1
18277,f,3
18278,m,0
18280,f,24
18281,m,0
18282,m,0
18283,m,1
18285,f,4
18286,f,0
18288,m,0
18289,m,1
18290,f,1
18291,m,1
18292,f,1
18293,f,0
18294,f,1
18295,f,0
18297,m,0
18298,f,0
18299,m,8
18300,f,0
18301,m,0
18302,m,1
18303,m,0
18304,f,1
18305,m,0
18306,m,0
18307,f,1
18308,m,0
18309,m,0
18310,f,0
18311,m,0
18312,m,0
18313,f,0
18314,f,0
18315,f,0
18316,f,0
18317,f,0
18318,m,3
18320,f,3
18321,m,0
18323,f,5
18324,m,0
18326,f,0
18327,f,1
18328,f,2
18329,f,1
18330,f,0
18331,f,1
18332,m,0
18333,f,0
18334,m,0
18335,f,0
18336,m,2
18337,f,2
18339,f,1
18340,f,0
18341,f,6
18342,f,0
18343,f,0
18344,f,0
18345,m,0
18346,f,0
18347,m,1
18348,m,1
18349,f,1
18350,m,0
18351,f,0
18352,f,1
18353,m,0
18354,m,4
18355,f,0
18356,f,0
18357,m,0
18358,m,0
18359,f,0
18360,m,1
18361,f,1
18363,f,0
18364,f,1
18365,f,0
18366,m,0
18368,m,1
18369,m,0
18370,m,1
18372,f,1
18373,m,0
18374,m,0
18376,f,0
18377,m,0
18378,f,0
18379,m,6
18381,m,0
18382,m,0
18383,m,0
18384,m,0
18385,f,0
18386,m,1
18387,f,5
18388,f,0
18389,m,22
18390,f,0
18392,m,0
18394,m,0
18395,m,0
18397,m,0
18398,m,1
18399,m,0
18401,m,0
18402,m,0
18403,f,1
18404,f,0
18405,m,0
18406,f,0
18407,m,1
18408,f,0
18409,f,0
18410,f,2
18411,f,1
18412,f,0
18413,m,0
18414,m,0
18415,f,0
18416,m,0
18417,f,1
18418,m,2
18419,m,0
18420,m,3
18421,f,0
18422,f,0
18423,f,0
18424,f,0
18425,f,0
18426,f,1
18427,f,0
18428,f,0
18429,m,0
18430,f,0
18431,m,1
18433,m,2
18434,m,0
18435,m,0
18436,f,2
18437,m,0
18438,f,0
18439,f,1
18441,f,1
18442,m,0
18443,f,0
18444,f,0
18445,m,0
18446,f,0
18447,f,1
18448,m,0
18449,m,4
18450,f,0
18451,f,1
18452,f,0
18454,f,1
18455,m,0
18456,f,1
18457,f,2
18458,m,3
18459,f,1
18460,f,0
18461,f,1
18464,m,0
18466,m,0
18467,m,0
18468,f,0
18469,m,5
18470,f,1
18472,f,0
18473,f,0
18474,m,0
18475,f,1
18476,f,0
18477,f,0
18478,m,0
18479,m,1
18480,m,1
18481,m,0
18482,f,1
18483,m,0
18484,f,1
18485,f,1
18489,m,6
18490,f,4
18491,m,0
18492,m,0
18493,m,0
18494,f,0
18495,m,1
18496,m,0
18497,m,0
18498,f,1
18499,m,0
18500,m,0
18501,f,0
18502,f,0
18503,m,1
18504,m,1
18505,f,0
18506,f,0
18507,f,0
18508,f,0
18510,f,3
18511,f,0
18512,m,4
18514,f,0
18515,m,1
18516,f,0
18517,f,0
18518,m,0
18519,m,0
18520,f,0
18521,m,34
18522,m,0
18523,f,0
18524,f,11
18525,f,0
18526,m,0
18527,f,0
18529,f,1
18530,f,0
18531,m,0
18532,m,0
18533,m,0
18536,m,0
18537,f,0
18538,m,0
18539,m,0
18540,f,0
18541,f,0
18542,m,2
18543,f,0
18544,f,0
18545,f,0
18546,f,0
18547,m,0
18548,m,0
18551,f,0
18552,m,0
18554,f,0
18556,m,7
18557,m,1
18558,m,0
18559,f,1
18560,m,0
18561,m,0
18562,f,0
18563,f,1
18564,m,0
18565,m,0
18566,m,1
18567,m,2
18568,f,0
18569,f,1
18570,f,1
18571,f,0
18572,f,0
18573,f,1
18574,m,0
18575,f,0
18576,m,0
18577,f,0
18578,m,7
18579,f,0
18581,f,0
18582,f,0
18583,m,0
18584,f,0
18585,f,1
18586,f,1
18587,m,0
18589,m,0
18590,m,0
18591,f,1
18592,m,7
18593,f,0
18595,m,0
18596,f,2
18597,f,0
18600,m,0
18601,m,0
18602,f,6
18604,f,0
18605,m,0
18606,f,0
18607,m,1
18608,f,0
18609,f,0
18610,f,0
18614,f,0
18616,m,1
18617,m,0
18618,f,0
18619,f,1
18620,m,0
18622,f,1
18623,f,1
18624,f,0
18625,f,0
18626,m,0
18627,f,0
18628,m,0
18629,f,0
18630,f,0
18631,m,2
18632,m,0
18633,m,4
18634,f,3
18635,f,0
18636,f,0
18637,f,1
18638,m,0
18640,f,1
18641,f,0
18642,f,1
18643,f,0
18644,f,0
18645,m,0
18646,m,3
18647,m,1
18648,f,0
18649,f,1
18651,m,4
18652,m,0
18653,m,0
18654,f,2
18656,m,1
18658,m,0
18659,f,0
18660,m,0
18661,m,0
18662,f,0
18663,m,1
18665,m,0
18666,f,0
18667,f,0
18668,f,0
18669,f,0
18670,m,0
18671,f,0
18672,m,45
18673,m,4
18675,f,1
18676,m,0
18677,m,0
18678,m,0
18679,f,3
18680,f,0
18682,m,0
18683,f,0
18686,f,5
18688,f,0
18689,f,4
18690,m,0
18691,m,0
18692,f,2
18693,f,0
18694,m,2
18696,f,5
18697,f,0
18698,f,0
18699,f,1
18700,f,8
18701,f,0
18703,f,1
18704,m,0
18705,f,0
18706,f,0
18707,f,2
18709,f,0
18710,f,0
18711,f,0
18713,m,0
18715,m,0
18716,f,0
18718,f,0
18719,m,0
18720,f,0
18721,m,0
18722,f,0
18723,m,0
18724,m,27
18725,f,1
18726,f,0
18727,m,0
18728,m,0
18729,f,0
18730,m,3
18731,m,0
18732,f,0
18733,f,1
18734,m,1
18735,m,0
18736,m,2
18737,f,0
18740,f,0
18741,m,2
18742,f,1
18743,m,0
18744,f,1
18745,f,0
18746,f,0
18747,m,0
18748,f,0
18749,f,0
18750,f,0
18751,f,0
18752,f,0
18753,f,1
18754,m,0
18756,f,2
18757,m,0
18758,f,50
18759,f,0
18760,m,0
18761,f,0
18762,m,0
18763,m,0
18764,m,0
18765,m,1
18766,f,0
18767,m,0
18768,m,1
18769,f,1
18770,f,0
18771,f,3
18773,f,0
18774,f,0
18775,f,0
18776,m,0
18778,m,1
18779,m,0
18781,f,5
18782,m,0
18783,m,0
18784,f,0
18785,m,0
18787,f,0
18788,f,0
18789,f,0
18790,f,2
18793,m,0
18794,m,0
18795,f,0
18796,m,0
18797,m,0
18798,m,0
18799,f,0
18800,m,0
18801,f,0
18802,m,1
18803,f,0
18804,f,0
18805,m,0
18806,m,1
18807,m,0
18808,m,0
18809,f,0
18810,m,0
18813,m,0
18814,m,3
18816,m,0
18817,f,1
18818,m,0
18819,m,0
18820,f,0
18821,m,0
18822,m,0
18823,m,1
18825,f,0
18826,f,0
18828,m,0
18830,m,0
18831,m,0
18832,f,0
18834,m,1
18835,f,2
18836,f,1
18837,m,0
18838,f,0
18839,m,0
18840,f,0
18842,m,0
18843,m,1
18844,m,0
18845,m,1
18846,m,0
18847,m,0
18848,f,0
18849,m,0
18850,m,0
18851,f,3
18852,m,0
18853,f,0
18854,f,0
18855,f,0
18856,m,0
18857,m,0
18858,m,0
18859,m,0
18860,m,1
18861,m,0
18862,m,0
18863,m,0
18864,f,45
18865,m,0
18866,f,0
18867,m,0
18868,m,0
18869,m,0
18870,f,0
18871,f,0
18872,f,1
18873,m,0
18874,f,1
18875,m,0
18876,f,0
18878,f,0
18879,m,0
18880,f,0
18882,f,2
18883,m,0
18884,m,0
18885,m,0
18886,f,1
18887,f,1
18889,f,0
18890,m,0
18892,f,0
18893,m,0
18894,f,0
18897,m,0
18898,f,0
18899,f,0
18900,f,0
18901,m,23
18902,f,1
18903,m,0
18904,m,0
18905,m,0
18906,m,0
18907,f,0
18908,m,0
18909,f,0
18910,m,0
18911,f,0
18912,m,1
18913,m,0
18914,m,0
18915,m,0
18916,f,1
18917,m,1
18918,f,0
18919,m,0
18921,m,2
18922,m,3
18924,m,0
18925,m,0
18926,f,1
18927,f,2
18928,f,0
18929,f,0
18930,f,1
18931,m,0
18932,f,0
18934,f,0
18935,f,1
18936,m,1
18939,m,5
18940,f,0
18941,f,2
18943,m,0
18944,f,1
18945,f,1
18946,m,0
18947,m,0
18948,m,1
18949,f,0
18950,m,0
18951,f,0
18952,m,0
18953,m,0
18954,f,0
18955,f,0
18956,m,1
18957,m,0
18960,f,0
18961,m,0
18963,m,0
18964,m,0
18965,m,0
18966,f,2
18967,f,0
18968,m,0
18969,m,2
18971,m,0
18973,m,0
18975,f,0
18976,m,0
18977,f,0
18978,m,0
18979,m,0
18980,f,0
18981,f,1
18983,m,0
18984,m,0
18985,f,0
18986,m,0
18987,f,0
18988,f,0
18989,m,0
18990,f,0
18991,f,0
18992,f,0
18993,m,0
18994,m,0
18995,m,0
18997,f,0
18998,f,0
18999,m,0
19000,m,2
19001,f,0
19002,f,2
19003,f,0
19005,f,0
19006,f,0
19007,f,1
19008,f,1
19009,m,0
19011,m,0
19012,f,1
19013,m,0
19014,f,0
19015,m,0
19016,m,0
19017,f,0
19018,m,0
19019,f,0
19021,m,1
19022,m,0
19023,m,0
19024,f,0
19025,f,0
19026,f,0
19027,m,0
19028,m,0
19030,m,0
19031,f,0
19032,f,0
19033,m,0
19034,m,0
19035,f,0
19036,m,0
19037,m,0
19038,m,0
19039,m,0
19040,m,0
19041,m,1
19042,m,0
19043,f,0
19044,m,1
19045,m,0
19046,m,0
19047,m,1
19048,f,0
19049,m,0
19050,m,0
19051,f,0
19053,m,0
19054,f,0
19056,f,1
19057,f,0
19058,m,0
19059,m,0
19060,f,0
19061,m,0
19062,m,0
19064,f,0
19065,f,2
19066,f,0
19068,m,0
19069,m,0
19070,m,0
19071,m,0
19072,m,0
19073,m,0
19074,m,0
19075,m,0
19076,m,0
19077,m,2
19078,m,0
19080,m,0
19082,m,2
19083,m,0
19084,m,0
19085,f,0
19087,m,1
19088,m,0
19089,f,1
19090,f,0
19091,m,0
19092,f,6
19093,f,0
19094,m,0
19095,f,0
19096,m,0
19097,f,0
19098,m,1
19100,m,0
19102,m,0
19103,f,0
19104,f,0
19105,m,0
19106,m,0
19107,f,0
19108,m,0
19109,m,0
19110,m,0
19111,f,0
19112,m,0
19113,f,4
19114,m,1
19115,f,2
19116,f,0
19118,m,0
19119,m,0
19120,f,1
19121,f,2
19122,m,0
19123,m,0
19125,f,0
19126,f,0
19127,f,0
19128,m,0
19129,m,1
19130,m,0
19133,f,0
19134,m,0
19135,f,0
19136,f,4
19137,m,0
19139,f,0
19140,m,1
19141,m,1
19142,f,0
19143,f,1
19144,f,0
19145,f,0
19146,m,0
19147,f,0
19148,m,0
19150,f,0
19151,f,0
19152,f,0
19153,f,0
19156,m,0
19157,f,0
19158,m,0
19159,m,0
19161,f,0
19162,f,0
19163,f,0
19164,f,0
19165,m,1
19166,m,0
19167,f,0
19168,f,1
19170,f,0
19171,f,1
19172,f,0
19173,m,0
19174,f,5
19176,f,0
19177,f,0
19178,f,0
19181,m,0
19182,m,1
19183,m,0
19184,f,0
19185,m,0
19186,f,0
19187,f,0
19188,m,0
19190,f,1
19191,f,1
19194,f,0
19196,m,0
19197,f,0
19198,f,1
19199,f,0
19200,m,0
19201,m,1
19202,f,1
19203,f,0
19204,m,0
19205,m,0
19206,f,1
19208,m,0
19209,m,0
19210,f,1
19211,m,1
19212,m,0
19213,f,0
19214,f,0
19215,m,0
19216,f,3
19217,m,0
19218,f,1
19220,f,0
19221,m,0
19222,m,0
19223,f,0
19224,m,0
19225,f,4
19226,f,0
19227,m,0
19228,f,0
19229,m,0
19230,m,0
19232,f,0
19233,m,1
19235,m,0
19236,f,1
19237,f,0
19238,f,0
19239,f,0
19240,m,0
19241,f,34
19242,m,0
19243,f,1
19244,m,0
19245,f,0
19247,f,0
19248,f,4
19249,f,0
19250,m,0
19251,f,0
19252,f,0
19253,f,1
19255,m,0
19256,f,0
19257,m,1
19258,f,0
19259,f,1
19260,m,0
19261,f,1
19262,f,0
19263,f,0
19264,f,0
19265,f,0
19266,f,0
19267,f,0
19268,f,0
19270,f,0
19271,m,0
19272,m,0
19273,m,1
19274,f,1
19275,f,0
19276,f,3
19277,f,0
19278,m,0
19279,m,0
19280,m,2
19281,m,0
19282,m,0
19283,m,0
19284,f,0
19285,f,0
19286,f,0
19289,m,0
19291,f,0
19292,f,0
19294,m,0
19295,f,0
19296,f,0
19297,m,0
19298,f,2
19299,f,0
19300,m,0
19301,f,0
19302,f,0
19303,m,0
19305,f,0
19307,f,0
19308,m,0
19309,f,1
19310,f,0
19311,m,0
19312,m,0
19313,f,0
19314,f,1
19315,f,0
19316,m,0
19317,f,1
19318,m,0
19319,f,1
19320,m,0
19322,m,0
19323,m,0
19324,m,10
19325,f,0
19326,m,0
19327,m,0
19328,m,0
19329,f,1
19330,f,0
19331,f,0
19332,m,1
19334,f,1
19335,m,0
19336,f,0
19337,f,0
19338,m,0
19339,m,0
19340,f,0
19341,m,3
19342,m,0
19343,f,0
19344,m,0
19345,f,0
19346,f,0
19347,m,0
19348,m,0
19350,f,2
19352,m,0
19353,f,0
19356,f,0
19357,f,0
19359,f,0
19360,f,0
19361,f,0
19362,m,0
19363,f,1
19364,f,0
19365,f,0
19366,f,0
19367,m,0
19368,m,0
19369,f,0
19370,f,0
19371,f,0
19373,f,0
19375,f,0
19376,f,1
19377,m,0
19378,m,0
19379,f,0
19380,f,0
19381,m,0
19382,m,2
19383,f,0
19384,m,0
19385,m,0
19386,f,0
19387,f,2
19388,m,0
19389,f,0
19390,m,0
19391,f,0
19392,f,1
19393,f,0
19394,f,1
19395,m,0
19396,m,1
19397,m,0
19398,m,0
19399,f,0
19400,f,0
19402,f,0
19403,f,0
19405,f,0
19407,f,0
19409,f,0
19410,f,0
19411,m,0
19412,m,0
19414,f,0
19415,m,0
19416,m,0
19417,m,1
19418,f,0
19419,f,0
19420,m,0
19421,m,0
19422,m,0
19423,m,0
19424,f,0
19425,m,0
19427,m,3
19429,f,0
19430,f,0
19431,m,0
19432,f,2
19433,f,0
19434,f,0
19435,f,0
19436,f,3
19437,f,3
19439,m,0
19440,m,0
19441,f,0
19442,m,0
19443,f,0
19444,f,0
19446,m,0
19447,m,0
19448,f,0
19449,f,0
19450,f,0
19451,f,0
19453,m,0
19455,m,1
19456,f,0
19457,f,0
19458,f,1
19459,m,1
19460,m,1
19461,f,0
19462,f,1
19463,f,0
19464,f,0
19465,f,0
19466,f,0
19467,m,0
19468,m,0
19469,m,0
19470,m,0
19471,f,0
19472,m,0
19473,f,0
19474,m,0
19476,m,0
19477,m,3
19478,m,5
19479,m,0
19482,m,0
19483,m,0
19484,m,4
19485,m,0
19486,m,0
19487,f,0
19488,m,0
19489,f,0
19490,m,0
19492,m,0
19493,f,5
19494,m,2
19495,m,0
19496,f,0
19497,m,0
19499,f,0
19500,m,0
19501,f,0
19502,f,0
19503,m,0
19505,f,5
19506,m,0
19507,f,0
19508,f,0
19509,f,0
19510,m,0
19511,f,0
19512,f,0
19513,f,0
19515,m,0
19516,f,0
19517,f,0
19518,f,0
19519,m,1
19520,f,1
19521,f,0
19522,f,0
19523,f,0
19524,m,0
19525,m,0
19526,m,0
19527,m,0
19528,f,0
19529,f,0
19530,m,0
19531,m,0
19532,f,0
19533,m,0
19535,m,0
19536,m,0
19537,f,0
19539,m,3
19540,f,0
19542,f,0
19543,f,4
19544,f,0
19546,f,0
19549,f,0
19550,f,0
19551,m,0
19553,m,0
19555,f,0
19557,f,0
19558,m,0
19559,m,0
19560,f,0
19561,f,0
19562,f,0
19563,f,1
19564,m,1
19565,m,0
19566,m,0
19567,m,0
19568,f,0
19569,m,0
19571,f,0
19572,f,0
19573,m,2
19574,m,0
19575,m,0
19576,f,0
19577,m,0
19578,m,0
19579,m,0
19580,f,0
19581,f,0
19582,m,0
19583,f,0
19584,f,0
19585,f,0
19586,f,0
19587,m,0
19589,f,0
19590,m,0
19591,f,0
19592,f,0
19595,f,0
19596,m,0
19599,f,0
19600,f,6
19601,f,0
19602,f,0
19603,f,0
19605,f,0
19606,m,0
19608,f,0
19609,m,0
19610,m,0
19612,m,0
19614,m,0
19615,f,0
19616,m,0
19617,m,0
19619,f,0
19620,f,0
19621,f,0
19625,m,1
19626,m,0
19627,f,0
19628,m,0
19629,m,0
19631,m,1
19632,m,0
19633,f,0
19634,f,0
19635,f,0
19636,f,0
19638,m,0
19640,f,0
19641,m,0
19642,f,1
19643,f,0
19644,m,0
19646,f,0
19647,f,1
19648,m,0
19649,m,1
19650,f,0
19651,f,0
19652,f,0
19653,m,0
19654,f,0
19655,f,0
19656,f,0
19657,m,0
19658,m,0
19659,m,1
19661,m,0
19663,m,0
19664,f,0
19665,f,0
19667,f,0
19669,f,0
19670,f,0
19671,f,0
19672,m,0
19673,m,0
19674,m,0
19675,f,0
19676,m,1
19677,m,0
19678,f,2
19679,f,0
19680,m,0
19681,m,0
19682,m,0
19683,f,0
19684,m,0
19685,f,0
19686,m,1
19687,m,0
19688,m,0
19689,m,0
19691,f,0
19693,f,0
19694,m,0
19695,m,0
19696,m,0
19697,f,0
19698,m,0
19700,f,0
19702,m,0
19703,f,0
19704,m,0
19705,m,0
19706,m,0
19707,m,0
19709,m,0
19710,m,0
19711,f,0
19712,m,1
19713,f,0
19714,f,0
19715,m,0
19716,m,0
19717,m,0
19718,f,0
19719,f,0
19720,f,0
19721,m,0
19722,f,0
19723,f,0
19724,m,2
19725,f,3
19726,f,0
19727,f,0
19728,f,0
19729,m,0
19731,m,0
19732,f,0
19733,f,4
19734,f,0
19735,m,0
19736,m,0
19737,m,0
19738,m,0
19739,m,0
19741,m,0
19742,f,0
19743,m,0
19744,m,0
19745,f,0
19747,m,0
19748,m,0
19749,f,0
19750,f,0
19751,m,0
19752,f,0
19753,m,0
19754,m,0
19755,m,0
19756,f,0
19757,f,0
19758,f,0
19759,m,0
19760,f,0
19761,f,0
19762,f,0
19763,f,0
19764,f,0
19765,f,0
19766,m,0
19768,m,0
19770,m,0
19771,f,0
19772,f,0
19773,f,0
19774,m,0
19775,m,0
19776,m,0
19777,m,0
19778,f,0
19779,f,0
19780,m,0
19781,m,0
19782,f,0
19783,m,0
19784,m,0
19786,m,0
19787,m,0
19788,m,0
19789,m,0
19790,f,0
19791,m,0
19792,m,0
19793,f,0
19794,f,0
19795,m,0
19796,f,0
19798,f,0
19799,f,0
19800,m,0
19801,m,0
19803,f,0
19804,m,0
19805,f,0
19806,m,0
19807,m,0
19808,m,0
19809,f,1
19810,f,0
19811,f,0
19812,f,0
19813,f,0
19814,m,0
19815,f,1
19817,f,0
19818,m,0
19819,m,0
19820,f,0
19821,m,0
19822,f,0
19823,m,0
19824,f,0
19825,f,0
19826,m,0
19827,m,0
19828,f,0
19829,f,0
19830,f,1
19831,f,0
19832,f,0
19833,m,0
19834,f,0
19835,m,0
19837,f,3
19838,f,0
19839,f,0
19840,m,0
19841,m,0
19842,m,1
19846,m,32
19847,m,3
19848,m,0
19849,m,0
19850,m,0
19851,f,1
19852,f,0
19853,f,0
19854,f,0
19855,f,0
19856,f,0
19857,f,0
19858,m,0
19859,f,0
19860,m,0
19861,f,3
19862,f,0
19863,m,0
19865,f,0
19866,m,0
19867,f,0
19868,f,0
19869,m,0
19870,f,0
19871,f,0
19872,f,0
19873,f,0
19874,f,0
19875,m,0
19876,m,0
19877,m,46
19878,f,0
19879,m,0
19880,f,0
19881,m,0
19882,m,0
19883,m,0
19885,f,0
19886,m,0
19887,f,0
19888,f,0
19890,f,0
19892,m,0
19893,f,0
19894,m,0
19895,m,0
19896,f,2
19898,f,0
19899,f,0
19900,f,0
19901,f,0
19902,m,0
19903,f,1
19904,m,0
19905,m,0
19906,m,0
19907,m,0
19908,f,0
19909,m,0
19910,f,1
19911,f,0
19912,m,0
19913,f,0
19914,m,0
19915,m,0
19916,f,0
19918,m,0
19920,f,0
19921,f,0
19922,f,0
19923,f,0
19924,m,0
19925,f,0
19926,f,0
19927,f,2
19928,f,0
19930,f,0
19932,f,0
19933,f,0
19934,f,0
19935,m,0
19936,f,2
19937,f,0
19939,f,0
19940,f,0
19942,m,0
19943,f,0
19944,f,0
19945,f,0
19946,m,0
19947,m,0
19948,f,0
19949,f,0
19950,f,0
19951,m,0
19952,m,0
19953,f,1
19954,f,0
19955,f,0
19956,m,0
19957,f,0
19958,m,0
19959,m,0
19960,m,0
19961,f,1
19962,m,0
19963,m,0
19964,f,0
19968,f,2
19969,m,0
19970,m,0
19971,f,1
19972,m,0
19973,m,0
19974,f,0
19975,m,0
19976,m,1
19978,f,0
19980,f,0
19981,m,0
19983,m,0
19984,f,0
19986,m,0
19987,m,1
19989,m,0
19991,f,0
19993,m,0
19994,m,0
19995,f,0
19996,m,0
19997,m,0
19998,f,0
19999,f,0
20002,f,0
20003,f,0
20004,m,0
20005,f,1
20006,m,0
20007,m,0
20008,f,0
20009,f,0
20011,f,1
20012,f,0
20013,f,0
20014,f,0
20015,m,0
20016,f,0
20017,f,0
20018,f,0
20020,m,0
20022,m,0
20025,m,0
20026,m,1
20028,m,0
20029,m,0
20030,f,0
20032,m,0
20033,m,2
20035,f,0
20038,f,0
20039,m,0
20040,f,0
20042,f,0
20044,m,0
20045,m,0
20046,f,0
20047,f,0
20048,m,2
20049,m,0
20051,f,0
20052,f,0
20053,f,0
20054,m,0
20055,f,0
20056,f,0
20057,m,0
20058,m,0
20059,m,0
20060,f,1
20061,m,0
20062,f,0
20063,f,0
20064,f,0
20065,f,0
20066,f,0
20067,f,0
20069,m,0
20070,f,0
20071,m,0
20072,m,0
20073,m,0
20076,f,0
20077,f,2
20078,m,0
20079,m,0
20080,m,0
20081,m,0
20082,f,0
20083,m,0
20084,m,0
20085,f,0
20086,f,0
20087,f,0
20088,m,0
20089,f,0
20090,m,0
20091,f,0
20092,m,0
20093,m,0
20094,m,0
20095,m,0
20096,m,0
20097,f,0
20098,m,0
20100,f,0
20102,f,0
20103,f,0
20104,f,0
20105,f,0
20106,f,0
20107,m,0
20108,m,0
20109,f,0
20110,f,0
20111,f,0
20112,f,0
20113,m,0
20114,m,0
20115,f,0
20116,f,0
20117,m,0
20118,m,0
20119,f,2
20120,m,0
20122,f,0
20123,f,0
20124,m,0
20125,m,0
20126,f,0
20128,f,0
20129,m,0
20130,f,0
20131,f,0
20132,f,0
20133,m,0
20134,f,0
20135,m,0
20136,f,0
20137,m,0
20139,m,0
20140,f,0
20141,m,0
20142,m,0
20143,m,0
20144,m,0
20145,m,0
20147,m,0
20148,f,1
20149,m,0
20151,m,0
20152,m,6
20153,m,0
20154,m,0
20155,f,0
20156,f,0
20157,m,0
20158,m,0
20159,f,0
20160,m,0
20161,f,0
20162,f,0
20163,f,0
20164,m,0
20165,m,0
20168,m,0
20169,f,0
20171,m,1
20172,f,0
20173,f,0
20174,m,0
20175,f,0
20176,m,0
20177,m,0
20178,f,0
20180,m,0
20183,m,0
20184,f,0
20185,f,0
20186,m,0
20187,m,0
20188,m,0
20189,f,0
20190,f,0
20191,f,0
20192,f,0
20194,m,0
20195,f,0
20196,m,0
20197,m,0
20198,m,1
20199,f,0
20200,f,0
20202,f,2
20203,m,0
20204,m,0
20205,m,0
20206,f,2
20207,f,0
20208,m,0
20209,f,0
20210,f,0
20211,f,0
20212,f,1
20213,m,0
20214,m,0
20216,m,0
20217,f,0
20219,m,0
20220,f,0
20221,f,0
20222,f,0
20223,m,1
20224,f,0
20225,m,0
20226,f,0
20227,f,0
20228,m,0
20229,m,0
20230,f,0
20231,f,0
20232,m,0
20233,m,0
20234,m,0
20235,f,0
20236,f,0
20237,f,0
20238,f,0
20239,m,0
20240,m,0
20241,f,0
20242,f,0
20243,f,0
20244,f,0
20247,f,0
20248,f,0
20249,m,0
20250,m,0
20251,f,0
20252,f,2
20253,m,0
20254,m,1
20255,f,0
20256,f,0
20257,m,0
20258,f,0
20259,m,0
20260,m,0
20263,m,0
20264,f,0
20265,f,0
20266,m,0
20267,f,0
20268,m,0
20269,m,0
20270,f,0
20271,m,0
20272,f,0
20273,f,0
20274,m,0
20275,m,0
20276,f,0
20278,m,0
20279,f,0
20280,f,0
20281,f,0
20282,f,0
20283,m,0
20284,m,0
20286,m,0
20287,f,0
20289,f,0
20290,m,0
20291,f,0
20293,m,0
20294,m,0
20295,f,0
20296,m,0
20297,f,0
20298,m,0
20299,m,0
20300,m,0
20301,f,0
20302,f,0
20303,m,0
20304,f,0
20305,f,0
20306,m,0
20308,m,0
20309,f,0
20310,m,0
20311,m,0
20313,m,0
20314,m,0
20315,f,1
20316,m,0
20317,m,0
20318,f,0
20319,m,0
20320,m,0
20321,f,0
20322,f,0
20323,m,0
20324,m,7
20326,m,0
20327,m,0
20329,f,0
20330,m,0
20331,m,0
20332,f,0
20333,m,0
20334,m,0
20335,f,0
20336,f,0
20339,f,0
20340,f,0
20341,m,0
20342,f,0
20343,f,0
20345,m,0
20348,m,0
20349,m,0
20350,m,0
20351,m,0
20352,f,0
20353,f,0
20354,f,0
20355,m,0
20356,f,0
20357,f,0
20358,f,0
20359,f,0
20360,m,0
20361,f,0
20362,m,0
20363,m,0
20364,f,0
20365,m,0
20366,f,0
20367,m,0
20369,m,0
20370,m,0
20371,f,0
20372,f,1
20373,f,0
20374,m,0
20375,m,0
20376,f,0
20377,f,0
20379,m,0
20380,f,0
20381,f,0
20382,m,0
20383,f,0
20385,f,0
20387,f,0
20388,f,0
20389,f,0
20390,f,1
20391,f,0
20392,f,0
20393,f,0
20394,m,3
20395,m,0
20396,m,0
20397,m,0
20398,m,0
20399,m,0
20400,f,0
20402,f,0
20403,f,1
20405,m,0
20406,f,1
20408,f,0
20409,f,0
20410,f,0
20411,f,1
20412,f,0
20413,f,0
20414,m,0
20415,f,0
20417,m,0
20418,m,0
20419,m,0
20420,m,0
20421,f,0
20422,f,0
20423,f,0
20424,f,0
20425,m,0
20426,m,0
20427,m,0
20428,f,0
20429,f,0
20430,m,0
20431,f,0
20432,m,0
20434,f,0
20435,f,0
20437,m,0
20438,f,0
20439,f,0
20440,m,0
20441,m,0
20442,f,0
20443,m,1
20445,m,0
20446,m,0
20447,m,0
20448,f,0
20449,f,0
20450,m,0
20452,m,0
20453,f,0
20454,f,0
20455,m,0
20456,m,2
20457,m,0
20458,m,0
20459,f,0
20460,m,0
20461,m,0
20462,f,0
20464,m,0
20465,f,0
20467,f,0
20468,f,0
20469,m,0
20470,m,0
20471,m,0
20472,m,0
20473,m,0
20474,f,0
20475,m,0
20476,f,0
20477,m,0
20478,m,0
20479,f,0
20480,m,0
20481,m,0
20482,m,0
20484,m,0
20485,m,0
20486,m,0
20487,f,1
20488,m,0
20489,f,0
20490,f,0
20491,f,0
20492,f,0
20493,m,0
20494,m,0
20495,f,0
20496,f,0
20497,f,0
20498,f,0
20499,f,0
20500,f,0
20501,m,0
20502,m,0
20503,m,0
20504,m,0
20505,f,0
20506,f,0
20507,f,0
20508,f,0
20509,m,0
20510,m,0
20512,f,0
20513,f,0
20514,m,0
20515,m,0
20516,m,0
20519,f,0
20521,f,0
20522,m,0
20523,m,0
20524,m,0
20525,f,0
20526,f,0
20528,m,0
20529,m,0
20530,m,0
20531,f,0
20532,f,0
20533,m,0
20534,m,0
20535,f,0
20536,f,0
20538,m,0
20539,m,0
20540,f,0
20541,m,0
20542,f,0
20543,m,0
20544,f,0
20545,f,0
20548,f,0
20549,f,0
20550,f,0
20551,f,0
20552,m,0
20553,f,0
20554,f,0
20555,m,0
20556,m,0
20557,m,0
20558,m,0
20559,f,0
20560,m,0
20562,f,0
20563,f,0
20564,f,0
20565,m,0
20566,m,0
20567,f,0
20568,f,0
20569,m,0
20570,f,0
20573,f,0
20574,m,0
20579,m,0
20581,m,0
20583,m,0
20584,m,0
20590,f,0
20591,m,0
20592,f,0
20599,f,0
20608,f,0
20609,f,0
